titan;com.thinkaurelius.titan.graphdb.berkeleyje.BerkeleyGraphTest;ClassDataShouldBePrivate
titan;com.thinkaurelius.titan.hadoop.mapreduce.util.WritableHandler;ClassDataShouldBePrivate
titan;com.thinkaurelius.titan.hadoop.FaunusVertexQueryFilter;ClassDataShouldBePrivate
titan;com.thinkaurelius.titan.hadoop.FaunusVertexQueryFilter.QueryBounds;ClassDataShouldBePrivate
titan;com.thinkaurelius.titan.graphdb.serializer.TestClass;ClassDataShouldBePrivate
titan;com.thinkaurelius.titan.graphdb.serializer.SerializerSpeedTest;ClassDataShouldBePrivate
titan;com.tinkerpop.furnace.alpha.generators.EdgeAnnotator;ClassDataShouldBePrivate
titan;com.tinkerpop.furnace.alpha.generators.VertexAnnotator;ClassDataShouldBePrivate
titan;com.thinkaurelius.titan.diskstorage.cache.KCVSCacheTest;ClassDataShouldBePrivate
titan;com.thinkaurelius.titan.diskstorage.log.LogTest;ClassDataShouldBePrivate
titan;com.thinkaurelius.titan.diskstorage.LockKeyColumnValueStoreTest;ClassDataShouldBePrivate
titan;com.thinkaurelius.titan.diskstorage.KeyColumnValueStoreTest;ClassDataShouldBePrivate
titan;com.thinkaurelius.titan.diskstorage.KeyColumn;ClassDataShouldBePrivate
titan;com.thinkaurelius.titan.diskstorage.MultiWriteKeyColumnValueStoreTest;ClassDataShouldBePrivate
titan;com.thinkaurelius.titan.diskstorage.IDAuthorityTest;ClassDataShouldBePrivate
titan;com.thinkaurelius.titan.graphdb.TitanWritePerformanceTest;ClassDataShouldBePrivate
titan;com.thinkaurelius.titan.graphdb.TitanGraphConcurrentTest;ClassDataShouldBePrivate
titan;com.thinkaurelius.titan.graphdb.TitanGraphPerformanceMemoryTest;ClassDataShouldBePrivate
titan;com.thinkaurelius.titan.graphdb.TitanIndexTest;ClassDataShouldBePrivate
titan;com.thinkaurelius.titan.graphdb.TitanOperationCountingTest;ClassDataShouldBePrivate
titan;com.thinkaurelius.titan.graphdb.TitanGraphBaseTest;ClassDataShouldBePrivate
titan;com.thinkaurelius.titan.graphdb.TitanGraphBaseTest.TestConfigOption;ClassDataShouldBePrivate
titan;com.thinkaurelius.titan.olap.OLAPTest;ClassDataShouldBePrivate
titan;com.thinkaurelius.titan.olap.OLAPTest.Degree;ClassDataShouldBePrivate
titan;com.thinkaurelius.titan.diskstorage.configuration.ConfigElement;ClassDataShouldBePrivate
titan;com.thinkaurelius.titan.diskstorage.configuration.ConfigElement.PathIdentifier;ClassDataShouldBePrivate
titan;com.thinkaurelius.titan.diskstorage.indexing.IndexEntry;ClassDataShouldBePrivate
titan;com.thinkaurelius.titan.graphdb.database.log.TransactionLogHeader;ClassDataShouldBePrivate
titan;com.thinkaurelius.titan.graphdb.database.log.TransactionLogHeader.SecondaryFailures;ClassDataShouldBePrivate
titan;com.thinkaurelius.titan.graphdb.database.log.TransactionLogHeader.Modification;ClassDataShouldBePrivate
titan;com.thinkaurelius.titan.graphdb.database.StandardTitanGraph;ClassDataShouldBePrivate
titan;com.thinkaurelius.titan.graphdb.database.idhandling.IDHandler;ClassDataShouldBePrivate
titan;com.thinkaurelius.titan.graphdb.database.idhandling.IDHandler.EdgeTypeParse;ClassDataShouldBePrivate
titan;com.thinkaurelius.titan.graphdb.database.EdgeSerializer;ClassDataShouldBePrivate
titan;com.thinkaurelius.titan.graphdb.database.EdgeSerializer.TypedInterval;ClassDataShouldBePrivate
titan;com.thinkaurelius.titan.graphdb.relations.RelationCache;ClassDataShouldBePrivate
titan;com.thinkaurelius.titan.graphdb.transaction.StandardTitanTx;ClassDataShouldBePrivate
titan;com.thinkaurelius.titan.diskstorage.lucene.LuceneIndexTest;ClassDataShouldBePrivate
