camel;org.apache.camel.itest.customerrelations.CustomerServicesTest;MessageChain
camel;org.apache.camel.itest.jms.JmsResequencerTest;MessageChain
camel;org.apache.camel.itest.tx.JmsToHttpRoute;MessageChain
camel;org.apache.camel.itest.jetty.JettyValidatorTest;MessageChain
camel;org.apache.camel.itest.jetty.JettyFileMulticastTest;MessageChain
camel;org.apache.camel.maven.RunMojo;MessageChain
camel;org.apache.camel.guice.maven.RunMojo;MessageChain
camel;$.MyRouteBuilder;MessageChain
camel;org.apache.camel.component.sql.SqlDataSourceRefTest;MessageChain
camel;org.apache.camel.component.sql.SqlPreserveHeaderTest;MessageChain
camel;org.apache.camel.component.sql.SqlRouteTest;MessageChain
camel;org.apache.camel.component.sql.SqlRouteTest;MessageChain
camel;org.apache.camel.component.sql.SqlRouteTest;MessageChain
camel;org.apache.camel.component.sql.SqlRouteTest;MessageChain
camel;org.apache.camel.component.sql.SqlRouteTest;MessageChain
camel;org.apache.camel.component.sql.SqlRouteTest;MessageChain
camel;org.apache.camel.dataformat.xstream.MarshalDomainObjectJSONTest;MessageChain
camel;org.apache.camel.dataformat.xstream.UnmarshalThenMarshalTest;MessageChain
camel;org.apache.camel.dataformat.xstream.UnmarshalThenMarshalJSONTest;MessageChain
camel;org.apache.camel.dataformat.xstream.MarshalDomainObjectTest;MessageChain
camel;org.apache.camel.dataformat.xstream.MarshalDomainObjectTest;MessageChain
camel;org.apache.camel.dataformat.xstream.MarshalListTest;MessageChain
camel;org.apache.camel.component.jetty.HttpRoundtripHeaderTest;MessageChain
camel;org.apache.camel.component.jetty.HttpProducerSOTimeoutTest;MessageChain
camel;org.apache.camel.component.jetty.HttpToFileTest;MessageChain
camel;org.apache.camel.component.jetty.JettyContentBasedRouteTest;MessageChain
camel;org.apache.camel.component.jetty.JettyHttpClientOptionsTest;MessageChain
camel;org.apache.camel.component.jetty.HttpClientRouteTest;MessageChain
camel;org.apache.camel.component.jetty.JettyWithXPathChoiceTest;MessageChain
camel;org.apache.camel.component.jetty.MultiThreadedHttpGetTest;MessageChain
camel;org.apache.camel.component.jetty.MultiThreadedHttpGetTest;MessageChain
camel;org.apache.camel.component.jetty.MultiThreadedHttpGetTest;MessageChain
camel;org.apache.camel.component.jetty.InterfacesTest;MessageChain
camel;org.apache.camel.component.jetty.JettySteveIssueTest;MessageChain
camel;org.apache.camel.builder.script.GroovyScriptRouteTest;MessageChain
camel;org.apache.camel.builder.script.PythonExpressionTest;MessageChain
camel;org.apache.camel.builder.script.RubyExpressionTest;MessageChain
camel;org.apache.camel.builder.script.JavaScriptExpressionTest;MessageChain
camel;org.apache.camel.builder.script.JavaScriptExpressionTest;MessageChain
camel;org.apache.camel.builder.script.BeanShellScriptRouteTest;MessageChain
camel;org.apache.camel.component.ldap.LdapProducer;MessageChain
camel;org.apache.camel.component.jhc.JhcComponent;MessageChain
camel;org.apache.camel.component.ibatis.IBatisQueryForListTest;MessageChain
camel;org.apache.camel.component.ibatis.IBatisQueryForListWithSplitTest;MessageChain
camel;org.apache.camel.component.ibatis.IBatisQueryForListWithSplitTest;MessageChain
camel;org.apache.camel.component.ibatis.IBatisQueryForObjectTest;MessageChain
camel;org.apache.camel.component.cxf.CxfPayLoadMessageRouterTest;MessageChain
camel;org.apache.camel.component.cxf.util.SplitterWithXqureyTest;MessageChain
camel;org.apache.camel.component.cxf.soap.headers.CxfMessageHeadersRelayTest;MessageChain
camel;org.apache.camel.component.cxf.CxfRawMessageRouterTest;MessageChain
camel;org.apache.camel.component.cxf.CxfRawMessageRouterTest;MessageChain
camel;org.apache.camel.component.cxf.CxfConsumerTest;MessageChain
camel;org.apache.camel.component.cxf.CxfGreeterPayLoadWithFeatureRouterTest;MessageChain
camel;org.apache.camel.component.cxf.transport.CamelDestinationTest;MessageChain
camel;org.apache.camel.component.cxf.transport.CamelConduitTest;MessageChain
camel;org.apache.camel.component.cxf.interceptors.SoapMessageOutInterceptor;MessageChain
camel;org.apache.camel.component.cxf.CxfSoapEndpoint;MessageChain
camel;org.apache.camel.component.cxf.util.WSDLSoapServiceFactoryBean;MessageChain
camel;org.apache.camel.component.cxf.CxfSoapProducer;MessageChain
camel;org.apache.camel.component.cxf.CxfSoapProducer;MessageChain
camel;org.apache.camel.component.cxf.CxfProducer;MessageChain
camel;org.apache.camel.component.cxf.CxfProducer;MessageChain
camel;org.apache.camel.component.cxf.invoker.CxfClient;MessageChain
camel;org.apache.camel.component.cxf.feature.PayLoadDataFormatFeature;MessageChain
camel;org.apache.camel.component.cxf.feature.PayLoadDataFormatFeature;MessageChain
camel;org.apache.camel.component.cxf.feature.MessageDataFormatFeature;MessageChain
camel;org.apache.camel.component.cxf.feature.MessageDataFormatFeature;MessageChain
camel;org.apache.camel.component.cxf.CxfSoapConsumer;MessageChain
camel;org.apache.camel.processor.jpa.JpaIdempotentConsumerTest;MessageChain
camel;org.apache.camel.component.hl7.HL7RouteTest;MessageChain
camel;org.apache.camel.component.hl7.HL7RouteTest;MessageChain
camel;org.apache.camel.component.hl7.HL7MLLPCodecTest;MessageChain
camel;org.apache.camel.component.hl7.HL7MLLPCodecLongTest;MessageChain
camel;org.apache.camel.component.hl7.HL7MLLPCodecStandAndEndBytesTest;MessageChain
camel;org.apache.camel.dataformat.hl7.HL7DataFormatTest;MessageChain
camel;org.apache.camel.dataformat.hl7.HL7DataFormatTest;MessageChain
camel;org.apache.camel.spring.interceptor.TransactionalClientDataSourceTest;MessageChain
camel;org.apache.camel.spring.interceptor.route.DataSourceSpringRouteBuilder;MessageChain
camel;org.apache.camel.spring.interceptor.AnnotatedRoute;MessageChain
camel;org.apache.camel.component.xslt.XsltIncludeRelativeOtherTest;MessageChain
camel;org.apache.camel.component.xslt.XsltIncludeClasspathTest;MessageChain
camel;org.apache.camel.component.xslt.XsltIncludeTest;MessageChain
camel;org.apache.camel.component.xslt.XsltIncludeRelativeTest;MessageChain
camel;org.apache.camel.spring.handler.CamelNamespaceHandler;MessageChain
camel;org.apache.camel.component.http.HttpGetWithHeadersTest;MessageChain
camel;org.apache.camel.component.http.HttpPostWithBodyTest;MessageChain
camel;org.apache.camel.component.http.HttpGetTest;MessageChain
camel;org.apache.camel.component.http.HttpMessage;MessageChain
camel;org.apache.camel.component.http.HttpMessage;MessageChain
camel;org.apache.camel.component.freemarker.FreemarkerLetterWithoutHeaderTest;MessageChain
camel;org.apache.camel.dataformat.tagsoup.TidyMarkupDataFormatAsDomNodeTest;MessageChain
camel;org.apache.camel.dataformat.tagsoup.TidyMarkupDataFormatAsStringTest;MessageChain
camel;org.apache.camel.language.juel.NullBodyTest;MessageChain
camel;org.apache.camel.language.juel.issues.XsltLosesHeaderTest;MessageChain
camel;org.apache.camel.component.file.remote.FromFtpToFileNoFileNameHeaderTest;MessageChain
camel;org.apache.camel.component.file.remote.FromFtpDoNotDeleteFileIfProcessFailTest;MessageChain
camel;org.apache.camel.component.file.remote.FromFtpNonExclusiveReadTest;MessageChain
camel;org.apache.camel.component.file.remote.FromFtpToAsciiFileTest;MessageChain
camel;org.apache.camel.component.file.remote.RemoteFileProducer;MessageChain
camel;org.apache.camel.component.mail.FromFileSendMailTest;MessageChain
camel;org.apache.camel.component.mail.MailRouteTest;MessageChain
camel;org.apache.camel.component.mail.MailSubjectTest;MessageChain
camel;org.apache.camel.component.mail.MimeMultipartAlternativeTest;MessageChain
camel;org.apache.camel.component.mail.MailMessage;MessageChain
camel;org.apache.camel.component.mail.MailUtils;MessageChain
camel;org.apache.camel.dataformat.csv.CsvRouteTest;MessageChain
camel;org.apache.camel.component.irc.IrcRouteTest;MessageChain
camel;org.apache.camel.language.jxpath.JXPathFilterTest;MessageChain
camel;org.apache.camel.component.atom.AtomGoodBlogsTest;MessageChain
camel;org.apache.camel.component.restlet.RestletFaultTest;MessageChain
camel;org.apache.camel.component.restlet.RestletResponseTest;MessageChain
camel;org.apache.camel.jaxb.CamelJaxbTest;MessageChain
camel;org.apache.camel.example.DataFormatDataSetTest;MessageChain
camel;org.apache.camel.example.DataFormatConcurrentTest;MessageChain
camel;org.apache.camel.bam.BamRouteTest;MessageChain
camel;org.apache.camel.bam.BamRouteTest;MessageChain
camel;org.apache.camel.bam.rules.TemporalRule;MessageChain
camel;org.apache.camel.bam.processor.JpaBamProcessorSupport;MessageChain
camel;org.apache.camel.component.jdbc.JdbcOptionsTest;MessageChain
camel;org.apache.camel.component.jdbc.JdbcAnotherRouteTest;MessageChain
camel;org.apache.camel.component.xmpp.XmppMessage;MessageChain
camel;org.apache.camel.component.jms.issues.JmsInOutPipelineWithBeanTest;MessageChain
camel;org.apache.camel.component.jms.issues.JmsInOutPipelineWithBeanTest;MessageChain
camel;org.apache.camel.component.jms.issues.JmsInOutPipelineWithBeanTest;MessageChain
camel;org.apache.camel.component.jms.issues.JmsMQSpecialHeaderTest;MessageChain
camel;org.apache.camel.component.jms.issues.JmsMQSpecialHeaderTest;MessageChain
camel;org.apache.camel.component.jms.issues.JmsTypeConverterIssueTest;MessageChain
camel;org.apache.camel.component.jms.issues.LarsIssueTest;MessageChain
camel;org.apache.camel.component.jms.issues.JmsResequencerTestRouteBuilder;MessageChain
camel;org.apache.camel.component.jms.issues.JmsToFileMessageIdTest;MessageChain
camel;org.apache.camel.component.jms.TransactedJmsRouteTest;MessageChain
camel;org.apache.camel.component.jms.JmsRouteWithInOnlyTest;MessageChain
camel;org.apache.camel.component.jms.JmsRouteWithInOnlyTest;MessageChain
camel;org.apache.camel.component.jms.JmsProducerWithJMSHeaderTest;MessageChain
camel;org.apache.camel.component.jms.AggregratedJmsRouteTest;MessageChain
camel;org.apache.camel.component.jms.JmsRouteWithInOnlyAndMultipleAcksTest;MessageChain
camel;org.apache.camel.component.jms.tx.QueueToQueueRequestReplyTransactionTest;MessageChain
camel;org.apache.camel.component.jms.tx.QueueToQueueTransactionTest;MessageChain
camel;org.apache.camel.blueprint.BlueprintJaxbTest;MessageChain
camel;org.apache.camel.blueprint.handler.CamelNamespaceHandler;MessageChain
camel;org.apache.camel.dataformat.supercsv.CsvRouteTest;MessageChain
camel;org.apache.camel.component.velocity.VelocityLetterWithoutHeaderTest;MessageChain
camel;org.apache.camel.component.mina.MinaInOnlyRouteTest;MessageChain
camel;org.apache.camel.component.mina.MinaTcpLineDelimiterUsingPlainSocketTest;MessageChain
camel;org.apache.camel.component.mina.MinaTcpWithIoOutProcessorExceptionTest;MessageChain
camel;org.apache.camel.component.mina.MinaNoResponseFromServerTest;MessageChain
camel;org.apache.camel.component.mina.MinaPayloadHolder;MessageChain
camel;org.apache.camel.converter.xmlbeans.UnmarshalTest;MessageChain
camel;org.apache.camel.converter.xmlbeans.UnmarshalThenMarshalTest;MessageChain
camel;org.apache.camel.component.flatpack.FlatpackFixedLengthDataFormatTest;MessageChain
camel;org.apache.camel.component.flatpack.FlatpackFixedLengthDataFormatTest;MessageChain
camel;org.apache.camel.component.flatpack.FlatpackFixedLengthDataFormatTest;MessageChain
camel;org.apache.camel.component.flatpack.FlatpackFixedLengthWithHeaderAndTrailerDataFormatTest;MessageChain
camel;org.apache.camel.component.flatpack.FlatpackFixedLengthWithHeaderAndTrailerDataFormatTest;MessageChain
camel;org.apache.camel.component.flatpack.NoSplitRowsTest;MessageChain
camel;org.apache.camel.component.flatpack.FlatpackDelimitedDataFormatTest;MessageChain
camel;org.apache.camel.component.flatpack.FlatpackDelimitedDataFormatTest;MessageChain
camel;org.apache.camel.component.jcr.JcrRouteTest;MessageChain
camel;org.apache.camel.component.xquery.XQueryPropogateHeadersTest;MessageChain
camel;org.apache.camel.component.xquery.XQueryURLBasedConcurrencyTest;MessageChain
camel;org.apache.camel.component.xquery.XQueryConcurrencyTest;MessageChain
camel;org.apache.camel.builder.saxon.XQueryFilterTest;MessageChain
camel;org.apache.camel.builder.saxon.XQueryWithNamespacesFilterTest;MessageChain
camel;org.apache.camel.builder.saxon.XQueryTransformTest;MessageChain
camel;org.apache.camel.component.bean.BeanPropagateHeaderTest;MessageChain
camel;org.apache.camel.component.bean.BridgeMethodTest;MessageChain
camel;org.apache.camel.component.bean.ChainedBeanInvocationTest;MessageChain
camel;org.apache.camel.component.bean.BeanWithMethodHeaderTest;MessageChain
camel;org.apache.camel.component.bean.BeanWithMethodHeaderTest;MessageChain
camel;org.apache.camel.component.bean.BeanWithAnnotationAndExchangeTest;MessageChain
camel;org.apache.camel.component.bean.BeanWithHeaderTest;MessageChain
camel;org.apache.camel.component.bean.BeanInfoInheritanceTest;MessageChain
camel;org.apache.camel.component.bean.BeanInfoInheritanceTest;MessageChain
camel;org.apache.camel.component.dataset.DataSetTest;MessageChain
camel;org.apache.camel.component.dataset.CustomDataSetTest;MessageChain
camel;org.apache.camel.component.file.FileConsumerBeginAndCommitRenameStrategyTest;MessageChain
camel;org.apache.camel.component.file.FileDeleteRouteExceptionTest;MessageChain
camel;org.apache.camel.component.file.FileConsumerBeginExpressionRenameStrategyTest;MessageChain
camel;org.apache.camel.component.file.FileFilterOnNameRouteTest;MessageChain
camel;org.apache.camel.component.file.BeanToFileTest;MessageChain
camel;org.apache.camel.component.file.FileConsumerBeginAndCommitExpressionRenameStrategyTest;MessageChain
camel;org.apache.camel.component.file.FileConsumerExpressionTest;MessageChain
camel;org.apache.camel.component.file.FileConsumerExpressionTest;MessageChain
camel;org.apache.camel.component.file.FileConsumerBeginRenameStrategyTest;MessageChain
camel;org.apache.camel.management.MultiInstanceProcessorTest;MessageChain
camel;org.apache.camel.management.CamelChoiceWithManagementTest;MessageChain
camel;org.apache.camel.issues.ExceptionTest;MessageChain
camel;org.apache.camel.issues.FileSplitStreamingWithChoiceTest;MessageChain
camel;org.apache.camel.issues.CBRCustomPredicateAsFilterTest;MessageChain
camel;org.apache.camel.issues.SplitWithCustomAggregationStrategyTest;MessageChain
camel;org.apache.camel.issues.InterceptorLogTest;MessageChain
camel;org.apache.camel.issues.SetHeaderIssueTest;MessageChain
camel;org.apache.camel.issues.InterceptorPredicateProceedAndStopTest;MessageChain
camel;org.apache.camel.issues.InterceptorPredicateProceedAndStopTest;MessageChain
camel;org.apache.camel.issues.InterceptorPredicateProceedAndStopTest;MessageChain
camel;org.apache.camel.issues.RomeksExceptionTest;MessageChain
camel;org.apache.camel.issues.BelasThreadErrorHandlerIssue901Test;MessageChain
camel;org.apache.camel.issues.BelasThreadErrorHandlerIssue794Test;MessageChain
camel;org.apache.camel.ExchangePropertyTest;MessageChain
camel;org.apache.camel.builder.RouteBuilderTest;MessageChain
camel;org.apache.camel.builder.RouteBuilderTest;MessageChain
camel;org.apache.camel.builder.RouteBuilderTest;MessageChain
camel;org.apache.camel.builder.RouteBuilderTest;MessageChain
camel;org.apache.camel.builder.RouteBuilderTest;MessageChain
camel;org.apache.camel.builder.RouteBuilderTest;MessageChain
camel;org.apache.camel.builder.ExceptionBuilderTest;MessageChain
camel;org.apache.camel.builder.xml.ExtractXPathWithNamespaceTest;MessageChain
camel;org.apache.camel.builder.xml.XPathTest;MessageChain
camel;org.apache.camel.builder.xml.XPathHeaderTest;MessageChain
camel;org.apache.camel.builder.ExceptionBuilderWithRetryLoggingLevelSetTest;MessageChain
camel;org.apache.camel.builder.ExceptionBuilderWithHandledExceptionTest;MessageChain
camel;org.apache.camel.builder.InterceptorBuilderTest;MessageChain
camel;org.apache.camel.builder.BuilderWithScopesTest;MessageChain
camel;org.apache.camel.builder.BuilderWithScopesTest;MessageChain
camel;org.apache.camel.builder.BuilderWithScopesTest;MessageChain
camel;org.apache.camel.builder.BuilderWithScopesTest;MessageChain
camel;org.apache.camel.builder.BuilderWithScopesTest;MessageChain
camel;org.apache.camel.builder.BuilderWithScopesTest;MessageChain
camel;org.apache.camel.builder.BuilderWithScopesTest;MessageChain
camel;org.apache.camel.builder.BuilderWithScopesTest;MessageChain
camel;org.apache.camel.builder.BuilderWithScopesTest;MessageChain
camel;org.apache.camel.builder.BuilderWithScopesTest;MessageChain
camel;org.apache.camel.builder.ErrorHandlerTest;MessageChain
camel;org.apache.camel.builder.ErrorHandlerTest;MessageChain
camel;org.apache.camel.builder.InterceptorBuilderWithEndTest;MessageChain
camel;org.apache.camel.impl.ZipDataFormatTest;MessageChain
camel;org.apache.camel.impl.ZipDataFormatTest;MessageChain
camel;org.apache.camel.impl.ZipDataFormatTest;MessageChain
camel;org.apache.camel.impl.ZipDataFormatTest;MessageChain
camel;org.apache.camel.impl.StringDataFormatTest;MessageChain
camel;org.apache.camel.impl.StringDataFormatTest;MessageChain
camel;org.apache.camel.impl.StringDataFormatTest;MessageChain
camel;org.apache.camel.impl.StringDataFormatTest;MessageChain
camel;org.apache.camel.processor.routingslip.RoutingSlipWithExceptionTest;MessageChain
camel;org.apache.camel.processor.ChoiceNoActionTest;MessageChain
camel;org.apache.camel.processor.ValidationWithErrorInHandleAndFinallyBlockTest;MessageChain
camel;org.apache.camel.processor.DeadLetterChannelExceptionCausePropagatedTest;MessageChain
camel;org.apache.camel.processor.DataFormatTest;MessageChain
camel;org.apache.camel.processor.MethodFilterTest;MessageChain
camel;org.apache.camel.processor.exceptionpolicy.CustomExceptionPolicyStrategyTest;MessageChain
camel;org.apache.camel.processor.exceptionpolicy.DefaultExceptionPolicyStrategyUsingOnlyWhenTest;MessageChain
camel;org.apache.camel.processor.exceptionpolicy.DefaultExceptionPolicyStrategyUsingWhenTest;MessageChain
camel;org.apache.camel.processor.SetPropertyTest;MessageChain
camel;org.apache.camel.processor.RoutePerformanceTest;MessageChain
camel;org.apache.camel.processor.DebugInterceptorTest;MessageChain
camel;org.apache.camel.processor.InterceptWithoutProceedRouteTest;MessageChain
camel;org.apache.camel.processor.InterceptWhenNoStopTest;MessageChain
camel;org.apache.camel.processor.StreamResequencerTest;MessageChain
camel;org.apache.camel.processor.PolicyPerProcessorTest;MessageChain
camel;org.apache.camel.processor.SetHeaderTest;MessageChain
camel;org.apache.camel.processor.ValidationFinallyBlockNoCatchTest;MessageChain
camel;org.apache.camel.processor.ChoiceNoErrorHandlerTest;MessageChain
camel;org.apache.camel.processor.StreamSourceContentBasedRouterTest;MessageChain
camel;org.apache.camel.processor.InterceptRouteTest;MessageChain
camel;org.apache.camel.processor.XPathWithNamespacesFilterTest;MessageChain
camel;org.apache.camel.processor.SplitterWithXqureyTest;MessageChain
camel;org.apache.camel.processor.LoopTest;MessageChain
camel;org.apache.camel.processor.ThreadSetErrorHandlerTest;MessageChain
camel;org.apache.camel.processor.LoadBalanceTest;MessageChain
camel;org.apache.camel.processor.DeadLetterChannelRedeliveryTest;MessageChain
camel;org.apache.camel.processor.aggregator.PredicateAggregatorCollectionTest;MessageChain
camel;org.apache.camel.processor.aggregator.AggregatorAndOnExceptionTest;MessageChain
camel;org.apache.camel.processor.aggregator.CustomAggregationStrategyTest;MessageChain
camel;org.apache.camel.processor.aggregator.AlbertoAggregatorTest;MessageChain
camel;org.apache.camel.processor.aggregator.DefaultAggregatorCollectionTest;MessageChain
camel;org.apache.camel.processor.aggregator.AggregatorBeanThrowExceptionTest;MessageChain
camel;org.apache.camel.processor.aggregator.AggregateTimeoutOnlyTest;MessageChain
camel;org.apache.camel.processor.aggregator.AggregateMultipleSourceTest;MessageChain
camel;org.apache.camel.processor.aggregator.AggregateMultipleSourceTest;MessageChain
camel;org.apache.camel.processor.aggregator.AggregatorTimerAndTracerTest;MessageChain
camel;org.apache.camel.processor.aggregator.AggregatorExceptionTest;MessageChain
camel;org.apache.camel.processor.aggregator.CustomAggregationCollectionTest;MessageChain
camel;org.apache.camel.processor.aggregator.AggregatorBatchOptionsTest;MessageChain
camel;org.apache.camel.processor.aggregator.AggregatorBatchOptionsTest;MessageChain
camel;org.apache.camel.processor.aggregator.AggregatorBatchOptionsTest;MessageChain
camel;org.apache.camel.processor.ThrottlerTest;MessageChain
camel;org.apache.camel.processor.PolicyPerRouteTest;MessageChain
camel;org.apache.camel.processor.AggregatorAggregationStrategyThrowExceptionTest;MessageChain
camel;org.apache.camel.processor.InterceptWithStopRouteTest;MessageChain
camel;org.apache.camel.processor.AggregatorTest;MessageChain
camel;org.apache.camel.processor.MultiErrorHandlerInRouteTest;MessageChain
camel;org.apache.camel.processor.XPathChoiceTest;MessageChain
camel;org.apache.camel.processor.JoinRoutesTest;MessageChain
camel;org.apache.camel.processor.SplitAggregateInOutTest;MessageChain
camel;org.apache.camel.processor.FaultRouteTest;MessageChain
camel;org.apache.camel.processor.TraceInterceptorWithOutBodyTraceTest;MessageChain
camel;org.apache.camel.processor.InterceptWhenWithChoiceTest;MessageChain
camel;org.apache.camel.processor.FilterTest;MessageChain
camel;org.apache.camel.processor.InterceptWithPredicateAndStopRouteTest;MessageChain
camel;org.apache.camel.processor.interceptor.StreamCachingInterceptorTest;MessageChain
camel;org.apache.camel.processor.interceptor.StreamCachingInterceptorTest;MessageChain
camel;org.apache.camel.processor.interceptor.SimulateFromEndpointUsingInterceptorTest.MyFromEndpointInterceptor;MessageChain
camel;org.apache.camel.processor.SetHeaderUsingDslExpressionsTest;MessageChain
camel;org.apache.camel.processor.SetHeaderUsingDslExpressionsTest;MessageChain
camel;org.apache.camel.processor.SetHeaderUsingDslExpressionsTest;MessageChain
camel;org.apache.camel.processor.SetHeaderUsingDslExpressionsTest;MessageChain
camel;org.apache.camel.processor.SetHeaderUsingDslExpressionsTest;MessageChain
camel;org.apache.camel.processor.ChoiceTest;MessageChain
camel;org.apache.camel.processor.ValidationWithInFlowExceptionTest;MessageChain
camel;org.apache.camel.processor.ValidationWithHandlePipelineTest;MessageChain
camel;org.apache.camel.processor.ValidationFinallyBlockTest;MessageChain
camel;org.apache.camel.processor.ExceptionHandlerStreamCacheTest;MessageChain
camel;org.apache.camel.processor.ExceptionHandlerStreamCacheTest;MessageChain
camel;org.apache.camel.processor.ExceptionHandlerStreamCacheTest;MessageChain
camel;org.apache.camel.processor.RemoveHeaderTest;MessageChain
camel;org.apache.camel.processor.XPathFilterTest;MessageChain
camel;org.apache.camel.processor.SplitterTest;MessageChain
camel;org.apache.camel.processor.PipelineMEPTest;MessageChain
camel;org.apache.camel.processor.PipelineMEPTest;MessageChain
camel;org.apache.camel.processor.PipelineMEPTest;MessageChain
camel;org.apache.camel.processor.SplitterPojoTest;MessageChain
camel;org.apache.camel.processor.NormalizerTest;MessageChain
camel;org.apache.camel.processor.TransformProcessorWithHeaderTest;MessageChain
camel;org.apache.camel.processor.DeadLetterChannelOnRedeliveryTest;MessageChain
camel;org.apache.camel.processor.ValidationWithHandlePipelineAndExceptionTest;MessageChain
camel;org.apache.camel.processor.MulticastExecutorTest;MessageChain
camel;org.apache.camel.processor.InterceptWithPredicateRouteTest;MessageChain
camel;org.apache.camel.processor.RegExRouteTest;MessageChain
camel;org.apache.camel.processor.TransformProcessorTest;MessageChain
camel;org.apache.camel.processor.InterceptWithPredicateAndProceedRouteTest;MessageChain
camel;org.apache.camel.processor.TryProcessorHandleTest;MessageChain
camel;org.apache.camel.processor.RemovePropertyTest;MessageChain
camel;org.apache.camel.processor.InterceptWhenTest;MessageChain
camel;org.apache.camel.processor.ValidationWithNestedFinallyBlockPipelineTest;MessageChain
camel;org.apache.camel.processor.FaultRetryRouteTest;MessageChain
camel;org.apache.camel.processor.ThreadTest;MessageChain
camel;org.apache.camel.processor.TransformViaDSLTest;MessageChain
camel;org.apache.camel.processor.DeadLetterChannelTest;MessageChain
camel;org.apache.camel.processor.MultiCastAggregatorTest;MessageChain
camel;org.apache.camel.processor.ValidationTest;MessageChain
camel;org.apache.camel.processor.InterceptorSimpleRouteTest;MessageChain
camel;org.apache.camel.processor.ErrorHandlerTest;MessageChain
camel;org.apache.camel.processor.ValidationWithFinallyBlockPipelineTest;MessageChain
camel;org.apache.camel.processor.DeadLetterChannelHandledExampleTest;MessageChain
camel;org.apache.camel.processor.PipelineTest;MessageChain
camel;org.apache.camel.processor.PipelineTest;MessageChain
camel;org.apache.camel.processor.TraceInterceptorTest;MessageChain
camel;org.apache.camel.processor.SetOutBodyTest;MessageChain
camel;org.apache.camel.processor.ValidationWithMultipleHandlesTest;MessageChain
camel;org.apache.camel.processor.SplitterWithCustomThreadPoolExecutorTest;MessageChain
camel;org.apache.camel.view.DotViewTest.ChoiceRoute;MessageChain
camel;org.apache.camel.view.DotViewTest.FilterRoute;MessageChain
camel;org.apache.camel.view.DotViewTest.ComplexRoute;MessageChain
camel;org.apache.camel.language.XPathFunctionTest;MessageChain
camel;org.apache.camel.language.SimpleLanguageRouteTest;MessageChain
camel;org.apache.camel.component.file.FileEndpoint;MessageChain
camel;org.apache.camel.component.file.FileProducer;MessageChain
camel;org.apache.camel.management.CamelNamingStrategy;MessageChain
camel;org.apache.camel.management.CamelNamingStrategy;MessageChain
camel;org.apache.camel.management.CamelNamingStrategy;MessageChain
camel;org.apache.camel.util.URISupport;MessageChain
camel;org.apache.camel.view.XmlGraphGenerator;MessageChain
camel;org.apache.camel.example.docs.ContentBasedRouteRoute;MessageChain
camel;org.apache.camel.example.bam.MyActivities;MessageChain
camel;org.apache.camel.loanbroker.webservice.version.LoanBroker;MessageChain
camel;org.apache.camel.loanbroker.queue.version.LoanBroker;MessageChain
