xalan;...projects.xalan.samples.SAX2SAX.SAX2SAX;FeatureEnvy
xalan;...projects.xalan.samples.trax.Examples;FeatureEnvy
xalan;...projects.xalan.samples.extensions.sql.ext-connection.ExternalConnection;FeatureEnvy
xalan;...projects.xalan.samples.ApplyXPath.ApplyXPath;FeatureEnvy
xalan;servlet.ApplyXSLT;FeatureEnvy
xalan;...projects.xalan.samples.ApplyXPathDOM.ApplyXPathDOM;FeatureEnvy
xalan;...projects.xalan.samples.CompiledApplet.TransformApplet;FeatureEnvy
xalan;...projects.xalan.samples.XPathAPI.ApplyXPathJAXP;FeatureEnvy
xalan;org.apache.xalan.lib.Redirect;FeatureEnvy
xalan;org.apache.xalan.lib.Redirect;FeatureEnvy
xalan;org.apache.xalan.lib.Redirect;FeatureEnvy
xalan;org.apache.xalan.lib.sql.DefaultConnectionPool;FeatureEnvy
xalan;org.apache.xalan.lib.sql.DefaultConnectionPool;FeatureEnvy
xalan;org.apache.xalan.lib.sql.SQLErrorDocument;FeatureEnvy
xalan;org.apache.xalan.lib.sql.SQLErrorDocument;FeatureEnvy
xalan;org.apache.xalan.lib.sql.XConnection;FeatureEnvy
xalan;org.apache.xalan.lib.sql.XConnection;FeatureEnvy
xalan;org.apache.xalan.lib.sql.XConnection;FeatureEnvy
xalan;org.apache.xalan.lib.sql.XConnection;FeatureEnvy
xalan;org.apache.xalan.lib.sql.XConnection;FeatureEnvy
xalan;org.apache.xalan.lib.sql.XConnection;FeatureEnvy
xalan;org.apache.xalan.lib.sql.SQLQueryParser;FeatureEnvy
xalan;org.apache.xalan.lib.sql.SQLQueryParser;FeatureEnvy
xalan;org.apache.xalan.lib.sql.ObjectFactory;FeatureEnvy
xalan;org.apache.xalan.lib.sql.ObjectFactory;FeatureEnvy
xalan;org.apache.xalan.lib.sql.DTMDocument;FeatureEnvy
xalan;org.apache.xalan.lib.sql.DTMDocument;FeatureEnvy
xalan;org.apache.xalan.lib.sql.DTMDocument;FeatureEnvy
xalan;org.apache.xalan.lib.sql.DTMDocument;FeatureEnvy
xalan;org.apache.xalan.lib.sql.SQLDocument;FeatureEnvy
xalan;org.apache.xalan.lib.sql.SQLDocument;FeatureEnvy
xalan;org.apache.xalan.lib.sql.SQLDocument;FeatureEnvy
xalan;org.apache.xalan.lib.sql.SQLDocument;FeatureEnvy
xalan;org.apache.xalan.lib.ExsltDynamic;FeatureEnvy
xalan;org.apache.xalan.lib.ExsltDynamic;FeatureEnvy
xalan;org.apache.xalan.lib.ExsltDynamic;FeatureEnvy
xalan;org.apache.xalan.lib.ExsltDynamic;FeatureEnvy
xalan;org.apache.xalan.lib.ExsltDynamic;FeatureEnvy
xalan;org.apache.xalan.lib.ExsltDynamic;FeatureEnvy
xalan;org.apache.xalan.lib.ObjectFactory;FeatureEnvy
xalan;org.apache.xalan.lib.ObjectFactory;FeatureEnvy
xalan;org.apache.xalan.lib.PipeDocument;FeatureEnvy
xalan;org.apache.xalan.lib.Extensions;FeatureEnvy
xalan;org.apache.xalan.lib.ExsltSets;FeatureEnvy
xalan;org.apache.xalan.lib.ExsltSets;FeatureEnvy
xalan;org.apache.xalan.lib.ExsltSets;FeatureEnvy
xalan;org.apache.xalan.lib.ExsltSets;FeatureEnvy
xalan;org.apache.xalan.lib.ExsltStrings;FeatureEnvy
xalan;org.apache.xalan.extensions.ExtensionHandlerExsltFunction;FeatureEnvy
xalan;org.apache.xalan.extensions.ExtensionHandlerExsltFunction;FeatureEnvy
xalan;org.apache.xalan.extensions.XSLProcessorContext;FeatureEnvy
xalan;org.apache.xalan.extensions.MethodResolver;FeatureEnvy
xalan;org.apache.xalan.extensions.ExtensionHandlerGeneral;FeatureEnvy
xalan;org.apache.xalan.extensions.ExtensionHandlerJavaPackage;FeatureEnvy
xalan;org.apache.xalan.extensions.ObjectFactory;FeatureEnvy
xalan;org.apache.xalan.extensions.ObjectFactory;FeatureEnvy
xalan;org.apache.xalan.extensions.ExtensionHandlerJavaClass;FeatureEnvy
xalan;org.apache.xalan.extensions.ExtensionHandlerJavaClass;FeatureEnvy
xalan;org.apache.xalan.templates.ElemIf;FeatureEnvy
xalan;org.apache.xalan.templates.OutputProperties;FeatureEnvy
xalan;org.apache.xalan.templates.StylesheetRoot;FeatureEnvy
xalan;org.apache.xalan.templates.StylesheetRoot;FeatureEnvy
xalan;org.apache.xalan.templates.StylesheetRoot;FeatureEnvy
xalan;org.apache.xalan.templates.StylesheetRoot;FeatureEnvy
xalan;org.apache.xalan.templates.ElemParam;FeatureEnvy
xalan;org.apache.xalan.templates.ElemExtensionDecl;FeatureEnvy
xalan;org.apache.xalan.templates.ElemVariable;FeatureEnvy
xalan;org.apache.xalan.templates.ElemVariable;FeatureEnvy
xalan;org.apache.xalan.templates.ElemVariable;FeatureEnvy
xalan;org.apache.xalan.templates.ElemVariable;FeatureEnvy
xalan;org.apache.xalan.templates.ElemExtensionCall;FeatureEnvy
xalan;org.apache.xalan.templates.ElemExtensionCall;FeatureEnvy
xalan;org.apache.xalan.templates.StylesheetComposed;FeatureEnvy
xalan;org.apache.xalan.templates.StylesheetComposed;FeatureEnvy
xalan;org.apache.xalan.templates.ElemChoose;FeatureEnvy
xalan;org.apache.xalan.templates.ElemSort;FeatureEnvy
xalan;org.apache.xalan.templates.ElemMessage;FeatureEnvy
xalan;org.apache.xalan.templates.AVT;FeatureEnvy
xalan;org.apache.xalan.templates.ElemCallTemplate;FeatureEnvy
xalan;org.apache.xalan.templates.ElemExsltFuncResult;FeatureEnvy
xalan;org.apache.xalan.templates.ElemComment;FeatureEnvy
xalan;org.apache.xalan.templates.ElemForEach;FeatureEnvy
xalan;org.apache.xalan.templates.ElemForEach;FeatureEnvy
xalan;org.apache.xalan.templates.ElemAttributeSet;FeatureEnvy
xalan;org.apache.xalan.templates.ElemTextLiteral;FeatureEnvy
xalan;org.apache.xalan.templates.ElemUnknown;FeatureEnvy
xalan;org.apache.xalan.templates.ElemPI;FeatureEnvy
xalan;org.apache.xalan.templates.ElemCopyOf;FeatureEnvy
xalan;org.apache.xalan.templates.ElemElement;FeatureEnvy
xalan;org.apache.xalan.templates.ElemNumber;FeatureEnvy
xalan;org.apache.xalan.templates.ElemNumber;FeatureEnvy
xalan;org.apache.xalan.templates.ElemNumber;FeatureEnvy
xalan;org.apache.xalan.templates.ElemNumber;FeatureEnvy
xalan;org.apache.xalan.templates.ElemNumber;FeatureEnvy
xalan;org.apache.xalan.templates.ElemNumber;FeatureEnvy
xalan;org.apache.xalan.templates.ElemNumber;FeatureEnvy
xalan;org.apache.xalan.templates.ElemNumber;FeatureEnvy
xalan;org.apache.xalan.templates.FuncKey;FeatureEnvy
xalan;org.apache.xalan.templates.ElemExsltFunction;FeatureEnvy
xalan;org.apache.xalan.templates.TemplateList;FeatureEnvy
xalan;org.apache.xalan.templates.TemplateList;FeatureEnvy
xalan;org.apache.xalan.templates.TemplateList;FeatureEnvy
xalan;org.apache.xalan.templates.TemplateList;FeatureEnvy
xalan;org.apache.xalan.templates.TemplateList;FeatureEnvy
xalan;org.apache.xalan.templates.TemplateList;FeatureEnvy
xalan;org.apache.xalan.templates.TemplateList;FeatureEnvy
xalan;org.apache.xalan.templates.ElemTemplateElement;FeatureEnvy
xalan;org.apache.xalan.templates.ElemTemplateElement;FeatureEnvy
xalan;org.apache.xalan.templates.ElemValueOf;FeatureEnvy
xalan;org.apache.xalan.templates.ElemApplyImport;FeatureEnvy
xalan;org.apache.xalan.templates.ElemApplyTemplates;FeatureEnvy
xalan;org.apache.xalan.templates.ElemApplyTemplates;FeatureEnvy
xalan;org.apache.xalan.templates.ElemWithParam;FeatureEnvy
xalan;org.apache.xalan.templates.ElemWithParam;FeatureEnvy
xalan;org.apache.xalan.templates.ElemCopy;FeatureEnvy
xalan;org.apache.xalan.templates.ElemLiteralResult;FeatureEnvy
xalan;org.apache.xalan.templates.FuncDocument;FeatureEnvy
xalan;org.apache.xalan.templates.FuncDocument;FeatureEnvy
xalan;org.apache.xalan.templates.ElemFallback;FeatureEnvy
xalan;org.apache.xalan.templates.ElemTemplate;FeatureEnvy
xalan;org.apache.xalan.templates.RedundentExprEliminator;FeatureEnvy
xalan;org.apache.xalan.templates.RedundentExprEliminator;FeatureEnvy
xalan;org.apache.xalan.templates.RedundentExprEliminator;FeatureEnvy
xalan;org.apache.xalan.templates.RedundentExprEliminator;FeatureEnvy
xalan;org.apache.xalan.xslt.ObjectFactory;FeatureEnvy
xalan;org.apache.xalan.xslt.ObjectFactory;FeatureEnvy
xalan;org.apache.xalan.xslt.EnvironmentCheck;FeatureEnvy
xalan;org.apache.xalan.xslt.EnvironmentCheck;FeatureEnvy
xalan;org.apache.xalan.xslt.EnvironmentCheck;FeatureEnvy
xalan;org.apache.xalan.xslt.EnvironmentCheck;FeatureEnvy
xalan;org.apache.xalan.xslt.EnvironmentCheck;FeatureEnvy
xalan;org.apache.xalan.xslt.EnvironmentCheck;FeatureEnvy
xalan;org.apache.xalan.xsltc.trax.DOM2SAX;FeatureEnvy
xalan;org.apache.xalan.xsltc.trax.TrAXFilter;FeatureEnvy
xalan;org.apache.xalan.xsltc.trax.TransformerFactoryImpl;FeatureEnvy
xalan;org.apache.xalan.xsltc.trax.TransformerFactoryImpl;FeatureEnvy
xalan;org.apache.xalan.xsltc.trax.TemplatesImpl;FeatureEnvy
xalan;org.apache.xalan.xsltc.trax.ObjectFactory;FeatureEnvy
xalan;org.apache.xalan.xsltc.trax.ObjectFactory;FeatureEnvy
xalan;org.apache.xalan.xsltc.trax.Util;FeatureEnvy
xalan;org.apache.xalan.xsltc.trax.DOM2TO;FeatureEnvy
xalan;org.apache.xalan.xsltc.trax.TemplatesHandlerImpl;FeatureEnvy
xalan;org.apache.xalan.xsltc.trax.TemplatesHandlerImpl;FeatureEnvy
xalan;org.apache.xalan.xsltc.trax.TransformerImpl;FeatureEnvy
xalan;org.apache.xalan.xsltc.trax.TransformerImpl;FeatureEnvy
xalan;org.apache.xalan.xsltc.trax.TransformerImpl;FeatureEnvy
xalan;org.apache.xalan.xsltc.trax.TransformerHandlerImpl;FeatureEnvy
xalan;org.apache.xalan.xsltc.trax.TransformerHandlerImpl;FeatureEnvy
xalan;org.apache.xalan.xsltc.trax.SAX2DOM;FeatureEnvy
xalan;org.apache.xalan.xsltc.compiler.Import;FeatureEnvy
xalan;org.apache.xalan.xsltc.compiler.Template;FeatureEnvy
xalan;org.apache.xalan.xsltc.compiler.Template;FeatureEnvy
xalan;org.apache.xalan.xsltc.compiler.Template;FeatureEnvy
xalan;org.apache.xalan.xsltc.compiler.Template;FeatureEnvy
xalan;org.apache.xalan.xsltc.compiler.Mode;FeatureEnvy
xalan;org.apache.xalan.xsltc.compiler.Mode;FeatureEnvy
xalan;org.apache.xalan.xsltc.compiler.Mode;FeatureEnvy
xalan;org.apache.xalan.xsltc.compiler.FilterParentPath;FeatureEnvy
xalan;org.apache.xalan.xsltc.compiler.ApplyTemplates;FeatureEnvy
xalan;org.apache.xalan.xsltc.compiler.ApplyTemplates;FeatureEnvy
xalan;org.apache.xalan.xsltc.compiler.ParentPattern;FeatureEnvy
xalan;org.apache.xalan.xsltc.compiler.Step;FeatureEnvy
xalan;org.apache.xalan.xsltc.compiler.Step;FeatureEnvy
xalan;org.apache.xalan.xsltc.compiler.AbsolutePathPattern;FeatureEnvy
xalan;org.apache.xalan.xsltc.compiler.EqualityExpr;FeatureEnvy
xalan;org.apache.xalan.xsltc.compiler.EqualityExpr;FeatureEnvy
xalan;org.apache.xalan.xsltc.compiler.Output;FeatureEnvy
xalan;org.apache.xalan.xsltc.compiler.Output;FeatureEnvy
xalan;org.apache.xalan.xsltc.compiler.ProcessingInstruction;FeatureEnvy
xalan;org.apache.xalan.xsltc.compiler.ProcessingInstruction;FeatureEnvy
xalan;org.apache.xalan.xsltc.compiler.Whitespace;FeatureEnvy
xalan;org.apache.xalan.xsltc.compiler.Whitespace;FeatureEnvy
xalan;org.apache.xalan.xsltc.compiler.Whitespace;FeatureEnvy
xalan;org.apache.xalan.xsltc.compiler.Stylesheet;FeatureEnvy
xalan;org.apache.xalan.xsltc.compiler.Stylesheet;FeatureEnvy
xalan;org.apache.xalan.xsltc.compiler.Stylesheet;FeatureEnvy
xalan;org.apache.xalan.xsltc.compiler.Stylesheet;FeatureEnvy
xalan;org.apache.xalan.xsltc.compiler.Stylesheet;FeatureEnvy
xalan;org.apache.xalan.xsltc.compiler.util.MethodGenerator;FeatureEnvy
xalan;org.apache.xalan.xsltc.compiler.util.ReferenceType;FeatureEnvy
xalan;org.apache.xalan.xsltc.compiler.util.ObjectFactory;FeatureEnvy
xalan;org.apache.xalan.xsltc.compiler.util.ObjectFactory;FeatureEnvy
xalan;org.apache.xalan.xsltc.compiler.util.ResultTreeType;FeatureEnvy
xalan;org.apache.xalan.xsltc.compiler.util.ResultTreeType;FeatureEnvy
xalan;org.apache.xalan.xsltc.compiler.BinOpExpr;FeatureEnvy
xalan;org.apache.xalan.xsltc.compiler.CastExpr;FeatureEnvy
xalan;org.apache.xalan.xsltc.compiler.VariableBase;FeatureEnvy
xalan;org.apache.xalan.xsltc.compiler.UnionPathExpr;FeatureEnvy
xalan;org.apache.xalan.xsltc.compiler.SyntaxTreeNode;FeatureEnvy
xalan;org.apache.xalan.xsltc.compiler.AlternativePattern;FeatureEnvy
xalan;org.apache.xalan.xsltc.compiler.Number;FeatureEnvy
xalan;org.apache.xalan.xsltc.compiler.Number;FeatureEnvy
xalan;org.apache.xalan.xsltc.compiler.Number;FeatureEnvy
xalan;org.apache.xalan.xsltc.compiler.AncestorPattern;FeatureEnvy
xalan;org.apache.xalan.xsltc.compiler.XslElement;FeatureEnvy
xalan;org.apache.xalan.xsltc.compiler.XslElement;FeatureEnvy
xalan;org.apache.xalan.xsltc.compiler.XslElement;FeatureEnvy
xalan;org.apache.xalan.xsltc.compiler.ParameterRef;FeatureEnvy
xalan;org.apache.xalan.xsltc.compiler.ContainsCall;FeatureEnvy
xalan;org.apache.xalan.xsltc.compiler.StartsWithCall;FeatureEnvy
xalan;org.apache.xalan.xsltc.compiler.XslAttribute;FeatureEnvy
xalan;org.apache.xalan.xsltc.compiler.XslAttribute;FeatureEnvy
xalan;org.apache.xalan.xsltc.compiler.LiteralAttribute;FeatureEnvy
xalan;org.apache.xalan.xsltc.compiler.ProcessingInstructionPattern;FeatureEnvy
xalan;org.apache.xalan.xsltc.compiler.AttributeValueTemplate;FeatureEnvy
xalan;org.apache.xalan.xsltc.compiler.Include;FeatureEnvy
xalan;org.apache.xalan.xsltc.compiler.RelationalExpr;FeatureEnvy
xalan;org.apache.xalan.xsltc.compiler.RelationalExpr;FeatureEnvy
xalan;org.apache.xalan.xsltc.compiler.RelationalExpr;FeatureEnvy
xalan;org.apache.xalan.xsltc.compiler.DecimalFormatting;FeatureEnvy
xalan;org.apache.xalan.xsltc.compiler.Copy;FeatureEnvy
xalan;org.apache.xalan.xsltc.compiler.Param;FeatureEnvy
xalan;org.apache.xalan.xsltc.compiler.Param;FeatureEnvy
xalan;org.apache.xalan.xsltc.compiler.VariableRef;FeatureEnvy
xalan;org.apache.xalan.xsltc.compiler.AttributeSet;FeatureEnvy
xalan;org.apache.xalan.xsltc.compiler.AttributeSet;FeatureEnvy
xalan;org.apache.xalan.xsltc.compiler.TransletOutput;FeatureEnvy
xalan;org.apache.xalan.xsltc.compiler.TransletOutput;FeatureEnvy
xalan;org.apache.xalan.xsltc.compiler.Predicate;FeatureEnvy
xalan;org.apache.xalan.xsltc.compiler.Predicate;FeatureEnvy
xalan;org.apache.xalan.xsltc.compiler.WithParam;FeatureEnvy
xalan;org.apache.xalan.xsltc.compiler.Variable;FeatureEnvy
xalan;org.apache.xalan.xsltc.compiler.Variable;FeatureEnvy
xalan;org.apache.xalan.xsltc.compiler.UseAttributeSets;FeatureEnvy
xalan;org.apache.xalan.xsltc.compiler.ObjectFactory;FeatureEnvy
xalan;org.apache.xalan.xsltc.compiler.ObjectFactory;FeatureEnvy
xalan;org.apache.xalan.xsltc.compiler.Sort;FeatureEnvy
xalan;org.apache.xalan.xsltc.compiler.Sort;FeatureEnvy
xalan;org.apache.xalan.xsltc.compiler.Sort;FeatureEnvy
xalan;org.apache.xalan.xsltc.compiler.Sort;FeatureEnvy
xalan;org.apache.xalan.xsltc.compiler.Key;FeatureEnvy
xalan;org.apache.xalan.xsltc.compiler.Key;FeatureEnvy
xalan;org.apache.xalan.xsltc.compiler.Key;FeatureEnvy
xalan;org.apache.xalan.xsltc.compiler.ForEach;FeatureEnvy
xalan;org.apache.xalan.xsltc.compiler.ApplyImports;FeatureEnvy
xalan;org.apache.xalan.xsltc.compiler.ApplyImports;FeatureEnvy
xalan;org.apache.xalan.xsltc.compiler.CallTemplate;FeatureEnvy
xalan;org.apache.xalan.xsltc.compiler.CallTemplate;FeatureEnvy
xalan;org.apache.xalan.xsltc.compiler.FilterExpr;FeatureEnvy
xalan;org.apache.xalan.xsltc.compiler.LogicalExpr;FeatureEnvy
xalan;org.apache.xalan.xsltc.compiler.DocumentCall;FeatureEnvy
xalan;org.apache.xalan.xsltc.compiler.CopyOf;FeatureEnvy
xalan;org.apache.xalan.xsltc.compiler.Text;FeatureEnvy
xalan;org.apache.xalan.xsltc.compiler.Text;FeatureEnvy
xalan;org.apache.xalan.xsltc.compiler.Choose;FeatureEnvy
xalan;org.apache.xalan.xsltc.compiler.Comment;FeatureEnvy
xalan;org.apache.xalan.xsltc.compiler.NameBase;FeatureEnvy
xalan;org.apache.xalan.xsltc.compiler.KeyCall;FeatureEnvy
xalan;org.apache.xalan.xsltc.compiler.ParentLocationPath;FeatureEnvy
xalan;org.apache.xalan.xsltc.compiler.LiteralElement;FeatureEnvy
xalan;org.apache.xalan.xsltc.compiler.LiteralElement;FeatureEnvy
xalan;org.apache.xalan.xsltc.compiler.Message;FeatureEnvy
xalan;org.apache.xalan.xsltc.compiler.Parser;FeatureEnvy
xalan;org.apache.xalan.xsltc.compiler.Parser;FeatureEnvy
xalan;org.apache.xalan.xsltc.compiler.Parser;FeatureEnvy
xalan;org.apache.xalan.xsltc.compiler.Parser;FeatureEnvy
xalan;org.apache.xalan.xsltc.compiler.Parser;FeatureEnvy
xalan;org.apache.xalan.xsltc.compiler.CastCall;FeatureEnvy
xalan;org.apache.xalan.xsltc.compiler.StepPattern;FeatureEnvy
xalan;org.apache.xalan.xsltc.compiler.StepPattern;FeatureEnvy
xalan;org.apache.xalan.xsltc.compiler.StepPattern;FeatureEnvy
xalan;org.apache.xalan.xsltc.compiler.StepPattern;FeatureEnvy
xalan;org.apache.xalan.xsltc.compiler.XSLTC;FeatureEnvy
xalan;org.apache.xalan.xsltc.compiler.XSLTC;FeatureEnvy
xalan;org.apache.xalan.xsltc.compiler.XSLTC;FeatureEnvy
xalan;org.apache.xalan.xsltc.compiler.XSLTC;FeatureEnvy
xalan;org.apache.xalan.xsltc.compiler.ValueOf;FeatureEnvy
xalan;org.apache.xalan.xsltc.compiler.FormatNumberCall;FeatureEnvy
xalan;org.apache.xalan.xsltc.dom.AnyNodeCounter;FeatureEnvy
xalan;org.apache.xalan.xsltc.dom.DupFilterIterator;FeatureEnvy
xalan;org.apache.xalan.xsltc.dom.MultiDOM;FeatureEnvy
xalan;org.apache.xalan.xsltc.dom.DocumentCache;FeatureEnvy
xalan;org.apache.xalan.xsltc.dom.DocumentCache;FeatureEnvy
xalan;org.apache.xalan.xsltc.dom.MultipleNodeCounter;FeatureEnvy
xalan;org.apache.xalan.xsltc.dom.ObjectFactory;FeatureEnvy
xalan;org.apache.xalan.xsltc.dom.ObjectFactory;FeatureEnvy
xalan;org.apache.xalan.xsltc.dom.SimpleResultTreeImpl;FeatureEnvy
xalan;org.apache.xalan.xsltc.dom.SimpleResultTreeImpl;FeatureEnvy
xalan;org.apache.xalan.xsltc.dom.SimpleResultTreeImpl.SimpleIterator;FeatureEnvy
xalan;org.apache.xalan.xsltc.dom.XSLTCDTMManager;FeatureEnvy
xalan;org.apache.xalan.xsltc.dom.SingleNodeCounter;FeatureEnvy
xalan;org.apache.xalan.xsltc.dom.LoadDocument;FeatureEnvy
xalan;org.apache.xalan.xsltc.dom.SAXImpl;FeatureEnvy
xalan;org.apache.xalan.xsltc.dom.SAXImpl;FeatureEnvy
xalan;org.apache.xalan.xsltc.dom.SAXImpl;FeatureEnvy
xalan;org.apache.xalan.xsltc.dom.SAXImpl;FeatureEnvy
xalan;org.apache.xalan.xsltc.dom.SAXImpl;FeatureEnvy
xalan;org.apache.xalan.xsltc.dom.SAXImpl.NamespaceChildrenIterator;FeatureEnvy
xalan;org.apache.xalan.xsltc.dom.KeyIndex;FeatureEnvy
xalan;org.apache.xalan.xsltc.dom.KeyIndex;FeatureEnvy
xalan;org.apache.xalan.xsltc.dom.KeyIndex.KeyIndexIterator;FeatureEnvy
xalan;org.apache.xalan.xsltc.cmdline.Transform;FeatureEnvy
xalan;org.apache.xalan.xsltc.cmdline.ObjectFactory;FeatureEnvy
xalan;org.apache.xalan.xsltc.cmdline.ObjectFactory;FeatureEnvy
xalan;org.apache.xalan.xsltc.cmdline.Compile;FeatureEnvy
xalan;org.apache.xalan.xsltc.runtime.ObjectFactory;FeatureEnvy
xalan;org.apache.xalan.xsltc.runtime.ObjectFactory;FeatureEnvy
xalan;org.apache.xalan.xsltc.runtime.BasisLibrary;FeatureEnvy
xalan;org.apache.xalan.xsltc.runtime.BasisLibrary;FeatureEnvy
xalan;org.apache.xalan.xsltc.runtime.BasisLibrary;FeatureEnvy
xalan;org.apache.xalan.xsltc.runtime.BasisLibrary;FeatureEnvy
xalan;org.apache.xalan.xsltc.runtime.BasisLibrary;FeatureEnvy
xalan;org.apache.xalan.xsltc.runtime.BasisLibrary;FeatureEnvy
xalan;org.apache.xalan.xsltc.runtime.AbstractTranslet;FeatureEnvy
xalan;org.apache.xalan.xsltc.runtime.AbstractTranslet;FeatureEnvy
xalan;org.apache.xalan.trace.TracerEvent;FeatureEnvy
xalan;org.apache.xalan.trace.PrintTraceListener;FeatureEnvy
xalan;org.apache.xalan.trace.PrintTraceListener;FeatureEnvy
xalan;org.apache.xalan.processor.ProcessorAttributeSet;FeatureEnvy
xalan;org.apache.xalan.processor.ProcessorExsltFunction;FeatureEnvy
xalan;org.apache.xalan.processor.ProcessorNamespaceAlias;FeatureEnvy
xalan;org.apache.xalan.processor.XSLTAttributeDef;FeatureEnvy
xalan;org.apache.xalan.processor.TransformerFactoryImpl;FeatureEnvy
xalan;org.apache.xalan.processor.XSLTSchema;FeatureEnvy
xalan;org.apache.xalan.processor.ProcessorStylesheetElement;FeatureEnvy
xalan;org.apache.xalan.processor.ProcessorOutputElem;FeatureEnvy
xalan;org.apache.xalan.processor.StylesheetHandler;FeatureEnvy
xalan;org.apache.xalan.processor.XSLTElementProcessor;FeatureEnvy
xalan;org.apache.xalan.processor.ProcessorLRE;FeatureEnvy
xalan;org.apache.xalan.processor.ProcessorTemplateElem;FeatureEnvy
xalan;org.apache.xalan.processor.ProcessorDecimalFormat;FeatureEnvy
xalan;org.apache.xalan.processor.ProcessorInclude;FeatureEnvy
xalan;org.apache.xalan.processor.ProcessorInclude;FeatureEnvy
xalan;org.apache.xalan.processor.ProcessorCharacters;FeatureEnvy
xalan;org.apache.xalan.processor.ProcessorKey;FeatureEnvy
xalan;org.apache.xalan.processor.ProcessorKey;FeatureEnvy
xalan;org.apache.xalan.serialize.SerializerUtils;FeatureEnvy
xalan;org.apache.xalan.serialize.SerializerUtils;FeatureEnvy
xalan;org.apache.xalan.serialize.SerializerUtils;FeatureEnvy
xalan;org.apache.xalan.transformer.ClonerToResultTree;FeatureEnvy
xalan;org.apache.xalan.transformer.TrAXFilter;FeatureEnvy
xalan;org.apache.xalan.transformer.TransformSnapshotImpl;FeatureEnvy
xalan;org.apache.xalan.transformer.TransformSnapshotImpl;FeatureEnvy
xalan;org.apache.xalan.transformer.KeyManager;FeatureEnvy
xalan;org.apache.xalan.transformer.TreeWalker2Result;FeatureEnvy
xalan;org.apache.xalan.transformer.CountersTable;FeatureEnvy
xalan;org.apache.xalan.transformer.StackGuard;FeatureEnvy
xalan;org.apache.xalan.transformer.SerializerSwitcher;FeatureEnvy
xalan;org.apache.xalan.transformer.SerializerSwitcher;FeatureEnvy
xalan;org.apache.xalan.transformer.TransformerIdentityImpl;FeatureEnvy
xalan;org.apache.xalan.transformer.TransformerIdentityImpl;FeatureEnvy
xalan;org.apache.xalan.transformer.XalanTransformState;FeatureEnvy
xalan;org.apache.xalan.transformer.XalanTransformState;FeatureEnvy
xalan;org.apache.xalan.transformer.TransformerImpl;FeatureEnvy
xalan;org.apache.xalan.transformer.TransformerImpl;FeatureEnvy
xalan;org.apache.xalan.transformer.TransformerImpl;FeatureEnvy
xalan;org.apache.xalan.transformer.TransformerImpl;FeatureEnvy
xalan;org.apache.xalan.transformer.TransformerImpl;FeatureEnvy
xalan;org.apache.xalan.transformer.TransformerImpl;FeatureEnvy
xalan;org.apache.xalan.transformer.TransformerImpl;FeatureEnvy
xalan;org.apache.xalan.transformer.TransformerHandlerImpl;FeatureEnvy
xalan;org.apache.xalan.transformer.TransformerHandlerImpl;FeatureEnvy
xalan;org.apache.xalan.transformer.NodeSorter;FeatureEnvy
xalan;org.apache.xalan.transformer.NodeSorter;FeatureEnvy
xalan;org.apache.xalan.transformer.NodeSorter.NodeCompareElem;FeatureEnvy
xalan;org.apache.xpath.jaxp.XPathExpressionImpl;FeatureEnvy
xalan;org.apache.xpath.jaxp.XPathImpl;FeatureEnvy
xalan;org.apache.xpath.jaxp.JAXPPrefixResolver;FeatureEnvy
xalan;org.apache.xpath.patterns.NodeTest;FeatureEnvy
xalan;org.apache.xpath.patterns.NodeTest;FeatureEnvy
xalan;org.apache.xpath.patterns.ContextMatchStepPattern;FeatureEnvy
xalan;org.apache.xpath.patterns.StepPattern;FeatureEnvy
xalan;org.apache.xpath.patterns.StepPattern;FeatureEnvy
xalan;org.apache.xpath.patterns.StepPattern;FeatureEnvy
xalan;org.apache.xpath.patterns.StepPattern;FeatureEnvy
xalan;org.apache.xpath.compiler.OpMap;FeatureEnvy
xalan;org.apache.xpath.compiler.XPathParser;FeatureEnvy
xalan;org.apache.xpath.compiler.XPathParser;FeatureEnvy
xalan;org.apache.xpath.compiler.XPathParser;FeatureEnvy
xalan;org.apache.xpath.compiler.XPathParser;FeatureEnvy
xalan;org.apache.xpath.compiler.XPathParser;FeatureEnvy
xalan;org.apache.xpath.compiler.XPathParser;FeatureEnvy
xalan;org.apache.xpath.compiler.XPathParser;FeatureEnvy
xalan;org.apache.xpath.compiler.XPathParser;FeatureEnvy
xalan;org.apache.xpath.compiler.XPathParser;FeatureEnvy
xalan;org.apache.xpath.compiler.XPathParser;FeatureEnvy
xalan;org.apache.xpath.compiler.XPathParser;FeatureEnvy
xalan;org.apache.xpath.compiler.Compiler;FeatureEnvy
xalan;org.apache.xpath.compiler.Compiler;FeatureEnvy
xalan;org.apache.xpath.compiler.Compiler;FeatureEnvy
xalan;org.apache.xpath.compiler.Compiler;FeatureEnvy
xalan;org.apache.xpath.compiler.Compiler;FeatureEnvy
xalan;org.apache.xpath.objects.XRTreeFrag;FeatureEnvy
xalan;org.apache.xpath.objects.XObject;FeatureEnvy
xalan;org.apache.xpath.objects.XNodeSet;FeatureEnvy
xalan;org.apache.xpath.objects.XNodeSet;FeatureEnvy
xalan;org.apache.xpath.objects.XNumber;FeatureEnvy
xalan;org.apache.xpath.objects.XString;FeatureEnvy
xalan;org.apache.xpath.axes.PredicatedNodeTest;FeatureEnvy
xalan;org.apache.xpath.axes.WalkingIteratorSorted;FeatureEnvy
xalan;org.apache.xpath.axes.WalkerFactory;FeatureEnvy
xalan;org.apache.xpath.axes.WalkerFactory;FeatureEnvy
xalan;org.apache.xpath.axes.WalkerFactory;FeatureEnvy
xalan;org.apache.xpath.axes.WalkerFactory;FeatureEnvy
xalan;org.apache.xpath.axes.WalkerFactory;FeatureEnvy
xalan;org.apache.xpath.axes.WalkerFactory;FeatureEnvy
xalan;org.apache.xpath.axes.FilterExprIteratorSimple;FeatureEnvy
xalan;org.apache.xpath.axes.ReverseAxesWalker;FeatureEnvy
xalan;org.apache.xpath.axes.ReverseAxesWalker;FeatureEnvy
xalan;org.apache.xpath.axes.NodeSequence;FeatureEnvy
xalan;org.apache.xpath.axes.NodeSequence;FeatureEnvy
xalan;org.apache.xpath.axes.MatchPatternIterator;FeatureEnvy
xalan;org.apache.xpath.axes.DescendantIterator;FeatureEnvy
xalan;org.apache.xpath.axes.DescendantIterator;FeatureEnvy
xalan;org.apache.xpath.axes.UnionPathIterator.iterOwner;FeatureEnvy
xalan;org.apache.xpath.functions.FuncNamespace;FeatureEnvy
xalan;org.apache.xpath.functions.FuncLang;FeatureEnvy
xalan;org.apache.xpath.functions.ObjectFactory;FeatureEnvy
xalan;org.apache.xpath.functions.ObjectFactory;FeatureEnvy
xalan;org.apache.xpath.functions.FuncConcat;FeatureEnvy
xalan;org.apache.xpath.functions.FuncPosition;FeatureEnvy
xalan;org.apache.xpath.functions.FuncSystemProperty;FeatureEnvy
xalan;org.apache.xpath.operations.Variable;FeatureEnvy
xalan;org.apache.xpath.operations.Variable;FeatureEnvy
xalan;org.apache.xpath.XPath;FeatureEnvy
xalan;org.apache.xpath.XPath;FeatureEnvy
xalan;org.apache.xpath.XPath;FeatureEnvy
xalan;org.apache.xpath.VariableStack;FeatureEnvy
xalan;org.apache.xml.dtm.ref.DTMTreeWalker;FeatureEnvy
xalan;org.apache.xml.dtm.ref.DTMTreeWalker;FeatureEnvy
xalan;org.apache.xml.dtm.ref.DTMNamedNodeMap;FeatureEnvy
xalan;org.apache.xml.dtm.ref.DTMNamedNodeMap;FeatureEnvy
xalan;org.apache.xml.dtm.ref.DTMDefaultBaseTraversers.AttributeTraverser;FeatureEnvy
xalan;org.apache.xml.dtm.ref.DTMDefaultBaseTraversers.ChildTraverser;FeatureEnvy
xalan;org.apache.xml.dtm.ref.DTMDefaultBaseTraversers.ChildTraverser;FeatureEnvy
xalan;org.apache.xml.dtm.ref.DTMDefaultBaseTraversers.DescendantTraverser;FeatureEnvy
xalan;org.apache.xml.dtm.ref.DTMDefaultBaseTraversers.AllFromNodeTraverser;FeatureEnvy
xalan;org.apache.xml.dtm.ref.DTMDefaultBaseTraversers.FollowingTraverser;FeatureEnvy
xalan;org.apache.xml.dtm.ref.DTMDefaultBaseTraversers.FollowingTraverser;FeatureEnvy
xalan;org.apache.xml.dtm.ref.DTMDefaultBaseTraversers.NamespaceDeclsTraverser;FeatureEnvy
xalan;org.apache.xml.dtm.ref.DTMDefaultBaseTraversers.NamespaceTraverser;FeatureEnvy
xalan;org.apache.xml.dtm.ref.DTMDefaultBaseTraversers.PrecedingTraverser;FeatureEnvy
xalan;org.apache.xml.dtm.ref.DTMDefaultBaseTraversers.PrecedingAndAncestorTraverser;FeatureEnvy
xalan;org.apache.xml.dtm.ref.DTMDefaultBaseTraversers.AllFromRootTraverser;FeatureEnvy
xalan;org.apache.xml.dtm.ref.DTMDefaultBaseTraversers.AllFromRootTraverser;FeatureEnvy
xalan;org.apache.xml.dtm.ref.DTMDocumentImpl;FeatureEnvy
xalan;org.apache.xml.dtm.ref.DTMDocumentImpl;FeatureEnvy
xalan;org.apache.xml.dtm.ref.dom2dtm.DOM2DTM;FeatureEnvy
xalan;org.apache.xml.dtm.ref.dom2dtm.DOM2DTM;FeatureEnvy
xalan;org.apache.xml.dtm.ref.dom2dtm.DOM2DTM;FeatureEnvy
xalan;org.apache.xml.dtm.ref.dom2dtm.DOM2DTM;FeatureEnvy
xalan;org.apache.xml.dtm.ref.dom2dtm.DOM2DTM;FeatureEnvy
xalan;org.apache.xml.dtm.ref.dom2dtm.DOM2DTM;FeatureEnvy
xalan;org.apache.xml.dtm.ref.dom2dtm.DOM2DTM;FeatureEnvy
xalan;org.apache.xml.dtm.ref.dom2dtm.DOM2DTM;FeatureEnvy
xalan;org.apache.xml.dtm.ref.dom2dtm.DOM2DTM;FeatureEnvy
xalan;org.apache.xml.dtm.ref.dom2dtm.DOM2DTM;FeatureEnvy
xalan;org.apache.xml.dtm.ref.DTMDefaultBaseIterators.TypedChildrenIterator;FeatureEnvy
xalan;org.apache.xml.dtm.ref.DTMDefaultBaseIterators.NamespaceChildrenIterator;FeatureEnvy
xalan;org.apache.xml.dtm.ref.DTMDefaultBaseIterators.TypedNamespaceIterator;FeatureEnvy
xalan;org.apache.xml.dtm.ref.DTMDefaultBaseIterators.TypedFollowingSiblingIterator;FeatureEnvy
xalan;org.apache.xml.dtm.ref.DTMDefaultBaseIterators.PrecedingSiblingIterator;FeatureEnvy
xalan;org.apache.xml.dtm.ref.DTMDefaultBaseIterators.TypedPrecedingSiblingIterator;FeatureEnvy
xalan;org.apache.xml.dtm.ref.DTMDefaultBaseIterators.PrecedingIterator;FeatureEnvy
xalan;org.apache.xml.dtm.ref.DTMDefaultBaseIterators.AncestorIterator;FeatureEnvy
xalan;org.apache.xml.dtm.ref.DTMDefaultBaseIterators.TypedAncestorIterator;FeatureEnvy
xalan;org.apache.xml.dtm.ref.DTMDefaultBaseIterators.NthDescendantIterator;FeatureEnvy
xalan;org.apache.xml.dtm.ref.IncrementalSAXSource_Filter;FeatureEnvy
xalan;org.apache.xml.dtm.ref.DTMNodeList;FeatureEnvy
xalan;org.apache.xml.dtm.ref.DTMNodeProxy;FeatureEnvy
xalan;org.apache.xml.dtm.ref.DTMNodeProxy;FeatureEnvy
xalan;org.apache.xml.dtm.ref.DTMNodeProxy;FeatureEnvy
xalan;org.apache.xml.dtm.ref.DTMSafeStringPool;FeatureEnvy
xalan;org.apache.xml.dtm.ref.ObjectFactory;FeatureEnvy
xalan;org.apache.xml.dtm.ref.ObjectFactory;FeatureEnvy
xalan;org.apache.xml.dtm.ref.DTMManagerDefault;FeatureEnvy
xalan;org.apache.xml.dtm.ref.DTMManagerDefault;FeatureEnvy
xalan;org.apache.xml.dtm.ref.IncrementalSAXSource_Xerces;FeatureEnvy
xalan;org.apache.xml.dtm.ref.IncrementalSAXSource_Xerces;FeatureEnvy
xalan;org.apache.xml.dtm.ref.IncrementalSAXSource_Xerces;FeatureEnvy
xalan;org.apache.xml.dtm.ref.sax2dtm.SAX2DTM;FeatureEnvy
xalan;org.apache.xml.dtm.ref.sax2dtm.SAX2DTM;FeatureEnvy
xalan;org.apache.xml.dtm.ref.sax2dtm.SAX2DTM;FeatureEnvy
xalan;org.apache.xml.dtm.ref.sax2dtm.SAX2DTM;FeatureEnvy
xalan;org.apache.xml.dtm.ref.sax2dtm.SAX2DTM;FeatureEnvy
xalan;org.apache.xml.dtm.ref.sax2dtm.SAX2DTM;FeatureEnvy
xalan;org.apache.xml.dtm.ref.sax2dtm.SAX2DTM2;FeatureEnvy
xalan;org.apache.xml.dtm.ref.sax2dtm.SAX2DTM2;FeatureEnvy
xalan;org.apache.xml.dtm.ref.sax2dtm.SAX2DTM2;FeatureEnvy
xalan;org.apache.xml.dtm.ref.sax2dtm.SAX2DTM2;FeatureEnvy
xalan;org.apache.xml.dtm.ref.sax2dtm.SAX2DTM2;FeatureEnvy
xalan;org.apache.xml.dtm.ref.sax2dtm.SAX2DTM2;FeatureEnvy
xalan;org.apache.xml.dtm.ref.sax2dtm.SAX2DTM2;FeatureEnvy
xalan;org.apache.xml.dtm.ref.sax2dtm.SAX2DTM2;FeatureEnvy
xalan;org.apache.xml.dtm.ref.sax2dtm.SAX2DTM2;FeatureEnvy
xalan;org.apache.xml.dtm.ref.sax2dtm.SAX2DTM2;FeatureEnvy
xalan;org.apache.xml.dtm.ref.sax2dtm.SAX2DTM2;FeatureEnvy
xalan;org.apache.xml.dtm.ref.sax2dtm.SAX2DTM2.TypedChildrenIterator;FeatureEnvy
xalan;org.apache.xml.dtm.ref.sax2dtm.SAX2DTM2.TypedChildrenIterator;FeatureEnvy
xalan;org.apache.xml.dtm.ref.sax2dtm.SAX2DTM2.TypedFollowingSiblingIterator;FeatureEnvy
xalan;org.apache.xml.dtm.ref.sax2dtm.SAX2DTM2.TypedPrecedingSiblingIterator;FeatureEnvy
xalan;org.apache.xml.dtm.ref.sax2dtm.SAX2DTM2.TypedPrecedingSiblingIterator;FeatureEnvy
xalan;org.apache.xml.dtm.ref.sax2dtm.SAX2DTM2.FollowingIterator;FeatureEnvy
xalan;org.apache.xml.dtm.ref.sax2dtm.SAX2DTM2.TypedFollowingIterator;FeatureEnvy
xalan;org.apache.xml.dtm.ref.sax2dtm.SAX2DTM2.AncestorIterator;FeatureEnvy
xalan;org.apache.xml.dtm.ref.sax2dtm.SAX2DTM2.TypedAncestorIterator;FeatureEnvy
xalan;org.apache.xml.dtm.ref.sax2dtm.SAX2DTM2.TypedDescendantIterator;FeatureEnvy
xalan;org.apache.xml.dtm.ref.sax2dtm.SAX2RTFDTM;FeatureEnvy
xalan;org.apache.xml.dtm.ref.sax2dtm.SAX2RTFDTM;FeatureEnvy
xalan;org.apache.xml.dtm.ref.sax2dtm.SAX2RTFDTM;FeatureEnvy
xalan;org.apache.xml.dtm.ref.sax2dtm.SAX2RTFDTM;FeatureEnvy
xalan;org.apache.xml.dtm.ref.DTMDefaultBase;FeatureEnvy
xalan;org.apache.xml.dtm.ObjectFactory;FeatureEnvy
xalan;org.apache.xml.dtm.ObjectFactory;FeatureEnvy
xalan;org.apache.xml.serializer.ToStream;FeatureEnvy
xalan;org.apache.xml.serializer.ToStream;FeatureEnvy
xalan;org.apache.xml.serializer.NamespaceMappings;FeatureEnvy
xalan;org.apache.xml.serializer.NamespaceMappings;FeatureEnvy
xalan;org.apache.xml.serializer.SerializerBase;FeatureEnvy
xalan;org.apache.xml.serializer.dom3.LSSerializerImpl;FeatureEnvy
xalan;org.apache.xml.serializer.dom3.LSSerializerImpl;FeatureEnvy
xalan;org.apache.xml.serializer.dom3.DOM3TreeWalker;FeatureEnvy
xalan;org.apache.xml.serializer.dom3.DOM3TreeWalker;FeatureEnvy
xalan;org.apache.xml.serializer.dom3.DOM3TreeWalker;FeatureEnvy
xalan;org.apache.xml.serializer.dom3.DOM3TreeWalker;FeatureEnvy
xalan;org.apache.xml.serializer.dom3.DOM3TreeWalker;FeatureEnvy
xalan;org.apache.xml.serializer.dom3.DOM3TreeWalker;FeatureEnvy
xalan;org.apache.xml.serializer.dom3.DOM3TreeWalker;FeatureEnvy
xalan;org.apache.xml.serializer.dom3.DOM3TreeWalker;FeatureEnvy
xalan;org.apache.xml.serializer.dom3.DOM3TreeWalker;FeatureEnvy
xalan;org.apache.xml.serializer.dom3.DOM3TreeWalker;FeatureEnvy
xalan;org.apache.xml.serializer.dom3.DOM3TreeWalker;FeatureEnvy
xalan;org.apache.xml.serializer.dom3.DOM3TreeWalker;FeatureEnvy
xalan;org.apache.xml.serializer.dom3.DOM3TreeWalker;FeatureEnvy
xalan;org.apache.xml.serializer.dom3.DOMErrorHandlerImpl;FeatureEnvy
xalan;org.apache.xml.serializer.ToXMLStream;FeatureEnvy
xalan;org.apache.xml.serializer.ToXMLStream;FeatureEnvy
xalan;org.apache.xml.serializer.ToXMLStream;FeatureEnvy
xalan;org.apache.xml.serializer.ToXMLSAXHandler;FeatureEnvy
xalan;org.apache.xml.serializer.ObjectFactory;FeatureEnvy
xalan;org.apache.xml.serializer.ObjectFactory;FeatureEnvy
xalan;org.apache.xml.serializer.ToHTMLStream;FeatureEnvy
xalan;org.apache.xml.serializer.ToHTMLStream;FeatureEnvy
xalan;org.apache.xml.serializer.ToHTMLStream;FeatureEnvy
xalan;org.apache.xml.serializer.TreeWalker;FeatureEnvy
xalan;org.apache.xml.serializer.TreeWalker;FeatureEnvy
xalan;org.apache.xml.serializer.ToUnknownStream;FeatureEnvy
xalan;org.apache.xml.utils.SAXSourceLocator;FeatureEnvy
xalan;org.apache.xml.utils.SAXSourceLocator;FeatureEnvy
xalan;org.apache.xml.utils.SAXSourceLocator;FeatureEnvy
xalan;org.apache.xml.utils.DOMHelper;FeatureEnvy
xalan;org.apache.xml.utils.DOMHelper;FeatureEnvy
xalan;org.apache.xml.utils.DOMHelper;FeatureEnvy
xalan;org.apache.xml.utils.DOMHelper;FeatureEnvy
xalan;org.apache.xml.utils.Hashtree2Node;FeatureEnvy
xalan;org.apache.xml.utils.DOMBuilder;FeatureEnvy
xalan;org.apache.xml.utils.DOMBuilder;FeatureEnvy
xalan;org.apache.xml.utils.DefaultErrorHandler;FeatureEnvy
xalan;org.apache.xml.utils.MutableAttrListImpl;FeatureEnvy
xalan;org.apache.xml.utils.PrefixResolverDefault;FeatureEnvy
xalan;org.apache.xml.utils.ObjectFactory;FeatureEnvy
xalan;org.apache.xml.utils.ObjectFactory;FeatureEnvy
xalan;org.apache.xml.utils.TreeWalker;FeatureEnvy
xalan;org.apache.xml.utils.TreeWalker;FeatureEnvy
