xalan;...projects.xalan.samples.trax.Examples;LongParameterList
xalan;...projects.xalan.samples.trax.ExampleContentHandler;LongParameterList
xalan;servlet.ApplyXSLT;LongParameterList
xalan;servlet.ApplyXSLT;LongParameterList
xalan;org.apache.xalan.lib.Redirect;LongParameterList
xalan;org.apache.xalan.lib.Redirect;LongParameterList
xalan;org.apache.xalan.lib.sql.QueryParameter;LongParameterList
xalan;org.apache.xalan.lib.sql.SQLErrorDocument;LongParameterList
xalan;org.apache.xalan.lib.sql.XConnection;LongParameterList
xalan;org.apache.xalan.lib.sql.XConnection;LongParameterList
xalan;org.apache.xalan.lib.sql.XConnection;LongParameterList
xalan;org.apache.xalan.lib.sql.XConnection;LongParameterList
xalan;org.apache.xalan.lib.sql.DTMDocument;LongParameterList
xalan;org.apache.xalan.lib.sql.DTMDocument;LongParameterList
xalan;org.apache.xalan.lib.sql.DTMDocument;LongParameterList
xalan;org.apache.xalan.extensions.ExtensionHandlerExsltFunction;LongParameterList
xalan;org.apache.xalan.extensions.ExtensionHandlerExsltFunction;LongParameterList
xalan;org.apache.xalan.extensions.MethodResolver;LongParameterList
xalan;org.apache.xalan.extensions.MethodResolver;LongParameterList
xalan;org.apache.xalan.extensions.MethodResolver;LongParameterList
xalan;org.apache.xalan.extensions.MethodResolver;LongParameterList
xalan;org.apache.xalan.extensions.MethodResolver;LongParameterList
xalan;org.apache.xalan.extensions.ExtensionHandlerGeneral;LongParameterList
xalan;org.apache.xalan.extensions.ExtensionHandlerGeneral;LongParameterList
xalan;org.apache.xalan.extensions.ExtensionHandlerGeneral;LongParameterList
xalan;org.apache.xalan.extensions.ExtensionHandlerJava;LongParameterList
xalan;org.apache.xalan.extensions.ExtensionsTable;LongParameterList
xalan;org.apache.xalan.extensions.ExtensionHandlerJavaPackage;LongParameterList
xalan;org.apache.xalan.extensions.ExtensionHandlerJavaPackage;LongParameterList
xalan;org.apache.xalan.extensions.ExtensionHandlerJavaClass;LongParameterList
xalan;org.apache.xalan.extensions.ExtensionHandlerJavaClass;LongParameterList
xalan;org.apache.xalan.extensions.ExtensionHandler;LongParameterList
xalan;org.apache.xalan.extensions.ExtensionHandler;LongParameterList
xalan;org.apache.xalan.templates.StylesheetRoot;LongParameterList
xalan;org.apache.xalan.templates.StylesheetRoot;LongParameterList
xalan;org.apache.xalan.templates.XUnresolvedVariable;LongParameterList
xalan;org.apache.xalan.templates.AVTPartXPath;LongParameterList
xalan;org.apache.xalan.templates.AVTPartXPath;LongParameterList
xalan;org.apache.xalan.templates.AVTPart;LongParameterList
xalan;org.apache.xalan.templates.AVT;LongParameterList
xalan;org.apache.xalan.templates.ElemElement;LongParameterList
xalan;org.apache.xalan.templates.ElemNumber;LongParameterList
xalan;org.apache.xalan.templates.ElemNumber;LongParameterList
xalan;org.apache.xalan.templates.ElemNumber;LongParameterList
xalan;org.apache.xalan.templates.ElemNumber.MyPrefixResolver;LongParameterList
xalan;org.apache.xalan.templates.TemplateList;LongParameterList
xalan;org.apache.xalan.templates.TemplateList;LongParameterList
xalan;org.apache.xalan.templates.TemplateList;LongParameterList
xalan;org.apache.xalan.templates.TemplateList;LongParameterList
xalan;org.apache.xalan.templates.AVTPartSimple;LongParameterList
xalan;org.apache.xalan.templates.ElemAttribute;LongParameterList
xalan;org.apache.xalan.templates.FuncDocument;LongParameterList
xalan;org.apache.xalan.templates.RedundentExprEliminator;LongParameterList
xalan;org.apache.xalan.templates.RedundentExprEliminator;LongParameterList
xalan;org.apache.xalan.templates.RedundentExprEliminator;LongParameterList
xalan;org.apache.xalan.templates.RedundentExprEliminator;LongParameterList
xalan;org.apache.xalan.templates.RedundentExprEliminator;LongParameterList
xalan;org.apache.xalan.xslt.EnvironmentCheck;LongParameterList
xalan;org.apache.xalan.xsltc.Translet;LongParameterList
xalan;org.apache.xalan.xsltc.trax.TransformerFactoryImpl;LongParameterList
xalan;org.apache.xalan.xsltc.trax.TemplatesImpl;LongParameterList
xalan;org.apache.xalan.xsltc.trax.TemplatesImpl;LongParameterList
xalan;org.apache.xalan.xsltc.trax.SmartTransformerFactoryImpl;LongParameterList
xalan;org.apache.xalan.xsltc.trax.TemplatesHandlerImpl;LongParameterList
xalan;org.apache.xalan.xsltc.trax.TransformerImpl;LongParameterList
xalan;org.apache.xalan.xsltc.trax.TransformerHandlerImpl;LongParameterList
xalan;org.apache.xalan.xsltc.trax.TransformerHandlerImpl;LongParameterList
xalan;org.apache.xalan.xsltc.trax.TransformerHandlerImpl;LongParameterList
xalan;org.apache.xalan.xsltc.trax.SAX2DOM;LongParameterList
xalan;org.apache.xalan.xsltc.compiler.Mode;LongParameterList
xalan;org.apache.xalan.xsltc.compiler.Mode;LongParameterList
xalan;org.apache.xalan.xsltc.compiler.util.RtMethodGenerator;LongParameterList
xalan;org.apache.xalan.xsltc.compiler.util.NodeSortRecordGenerator;LongParameterList
xalan;org.apache.xalan.xsltc.compiler.util.ErrorMsg;LongParameterList
xalan;org.apache.xalan.xsltc.compiler.util.NamedMethodGenerator;LongParameterList
xalan;org.apache.xalan.xsltc.compiler.util.MethodGenerator;LongParameterList
xalan;org.apache.xalan.xsltc.compiler.util.MethodGenerator;LongParameterList
xalan;org.apache.xalan.xsltc.compiler.util.MethodGenerator;LongParameterList
xalan;org.apache.xalan.xsltc.compiler.util.TestGenerator;LongParameterList
xalan;org.apache.xalan.xsltc.compiler.util.MatchGenerator;LongParameterList
xalan;org.apache.xalan.xsltc.compiler.util.MethodType;LongParameterList
xalan;org.apache.xalan.xsltc.compiler.util.ClassGenerator;LongParameterList
xalan;org.apache.xalan.xsltc.compiler.util.NodeCounterGenerator;LongParameterList
xalan;org.apache.xalan.xsltc.compiler.util.FilterGenerator;LongParameterList
xalan;org.apache.xalan.xsltc.compiler.util.NodeSortRecordFactGenerator;LongParameterList
xalan;org.apache.xalan.xsltc.compiler.util.CompareGenerator;LongParameterList
xalan;org.apache.xalan.xsltc.compiler.SyntaxTreeNode;LongParameterList
xalan;org.apache.xalan.xsltc.compiler.SyntaxTreeNode;LongParameterList
xalan;org.apache.xalan.xsltc.compiler.LiteralAttribute;LongParameterList
xalan;org.apache.xalan.xsltc.compiler.Sort;LongParameterList
xalan;org.apache.xalan.xsltc.compiler.Sort;LongParameterList
xalan;org.apache.xalan.xsltc.compiler.Sort;LongParameterList
xalan;org.apache.xalan.xsltc.compiler.Sort;LongParameterList
xalan;org.apache.xalan.xsltc.compiler.UnsupportedElement;LongParameterList
xalan;org.apache.xalan.xsltc.compiler.LiteralElement;LongParameterList
xalan;org.apache.xalan.xsltc.compiler.Parser;LongParameterList
xalan;org.apache.xalan.xsltc.compiler.Parser;LongParameterList
xalan;org.apache.xalan.xsltc.DOM;LongParameterList
xalan;org.apache.xalan.xsltc.DOM;LongParameterList
xalan;org.apache.xalan.xsltc.dom.AdaptiveResultTreeImpl;LongParameterList
xalan;org.apache.xalan.xsltc.dom.AdaptiveResultTreeImpl;LongParameterList
xalan;org.apache.xalan.xsltc.dom.AdaptiveResultTreeImpl;LongParameterList
xalan;org.apache.xalan.xsltc.dom.AdaptiveResultTreeImpl;LongParameterList
xalan;org.apache.xalan.xsltc.dom.NodeSortRecordFactory;LongParameterList
xalan;org.apache.xalan.xsltc.dom.NodeSortRecordFactory;LongParameterList
xalan;org.apache.xalan.xsltc.dom.MultiDOM;LongParameterList
xalan;org.apache.xalan.xsltc.dom.MultiDOM;LongParameterList
xalan;org.apache.xalan.xsltc.dom.MultiDOM.NodeValueIterator;LongParameterList
xalan;org.apache.xalan.xsltc.dom.NodeCounter;LongParameterList
xalan;org.apache.xalan.xsltc.dom.NodeCounter;LongParameterList
xalan;org.apache.xalan.xsltc.dom.CurrentNodeListIterator;LongParameterList
xalan;org.apache.xalan.xsltc.dom.CurrentNodeListIterator;LongParameterList
xalan;org.apache.xalan.xsltc.dom.NodeSortRecord;LongParameterList
xalan;org.apache.xalan.xsltc.dom.NodeSortRecord;LongParameterList
xalan;org.apache.xalan.xsltc.dom.CurrentNodeListFilter;LongParameterList
xalan;org.apache.xalan.xsltc.dom.SimpleResultTreeImpl;LongParameterList
xalan;org.apache.xalan.xsltc.dom.SimpleResultTreeImpl;LongParameterList
xalan;org.apache.xalan.xsltc.dom.XSLTCDTMManager;LongParameterList
xalan;org.apache.xalan.xsltc.dom.XSLTCDTMManager;LongParameterList
xalan;org.apache.xalan.xsltc.dom.XSLTCDTMManager;LongParameterList
xalan;org.apache.xalan.xsltc.dom.XSLTCDTMManager;LongParameterList
xalan;org.apache.xalan.xsltc.dom.XSLTCDTMManager;LongParameterList
xalan;org.apache.xalan.xsltc.dom.LoadDocument;LongParameterList
xalan;org.apache.xalan.xsltc.dom.LoadDocument;LongParameterList
xalan;org.apache.xalan.xsltc.dom.LoadDocument;LongParameterList
xalan;org.apache.xalan.xsltc.dom.LoadDocument;LongParameterList
xalan;org.apache.xalan.xsltc.dom.LoadDocument;LongParameterList
xalan;org.apache.xalan.xsltc.dom.SAXImpl;LongParameterList
xalan;org.apache.xalan.xsltc.dom.SAXImpl;LongParameterList
xalan;org.apache.xalan.xsltc.dom.SAXImpl;LongParameterList
xalan;org.apache.xalan.xsltc.dom.SAXImpl;LongParameterList
xalan;org.apache.xalan.xsltc.dom.SAXImpl;LongParameterList
xalan;org.apache.xalan.xsltc.dom.SAXImpl;LongParameterList
xalan;org.apache.xalan.xsltc.dom.SAXImpl;LongParameterList
xalan;org.apache.xalan.xsltc.dom.SAXImpl.NodeValueIterator;LongParameterList
xalan;org.apache.xalan.xsltc.dom.DOMAdapter;LongParameterList
xalan;org.apache.xalan.xsltc.dom.DOMAdapter;LongParameterList
xalan;org.apache.xalan.xsltc.dom.DOMAdapter;LongParameterList
xalan;org.apache.xalan.xsltc.dom.SortSettings;LongParameterList
xalan;org.apache.xalan.xsltc.cmdline.Transform;LongParameterList
xalan;org.apache.xalan.xsltc.runtime.BasisLibrary;LongParameterList
xalan;org.apache.xalan.xsltc.runtime.BasisLibrary;LongParameterList
xalan;org.apache.xalan.xsltc.runtime.BasisLibrary;LongParameterList
xalan;org.apache.xalan.xsltc.runtime.BasisLibrary;LongParameterList
xalan;org.apache.xalan.xsltc.runtime.BasisLibrary;LongParameterList
xalan;org.apache.xalan.xsltc.runtime.BasisLibrary;LongParameterList
xalan;org.apache.xalan.xsltc.runtime.BasisLibrary;LongParameterList
xalan;org.apache.xalan.xsltc.runtime.BasisLibrary;LongParameterList
xalan;org.apache.xalan.xsltc.runtime.BasisLibrary;LongParameterList
xalan;org.apache.xalan.xsltc.runtime.BasisLibrary;LongParameterList
xalan;org.apache.xalan.xsltc.runtime.AbstractTranslet;LongParameterList
xalan;org.apache.xalan.trace.SelectionEvent;LongParameterList
xalan;org.apache.xalan.trace.TraceManager;LongParameterList
xalan;org.apache.xalan.trace.TraceManager;LongParameterList
xalan;org.apache.xalan.trace.GenerateEvent;LongParameterList
xalan;org.apache.xalan.trace.GenerateEvent;LongParameterList
xalan;org.apache.xalan.trace.GenerateEvent;LongParameterList
xalan;org.apache.xalan.trace.EndSelectionEvent;LongParameterList
xalan;org.apache.xalan.trace.TracerEvent;LongParameterList
xalan;org.apache.xalan.trace.ExtensionEvent;LongParameterList
xalan;org.apache.xalan.processor.ProcessorExsltFuncResult;LongParameterList
xalan;org.apache.xalan.processor.ProcessorAttributeSet;LongParameterList
xalan;org.apache.xalan.processor.ProcessorAttributeSet;LongParameterList
xalan;org.apache.xalan.processor.ProcessorExsltFunction;LongParameterList
xalan;org.apache.xalan.processor.ProcessorExsltFunction;LongParameterList
xalan;org.apache.xalan.processor.ProcessorNamespaceAlias;LongParameterList
xalan;org.apache.xalan.processor.XSLTAttributeDef;LongParameterList
xalan;org.apache.xalan.processor.XSLTAttributeDef;LongParameterList
xalan;org.apache.xalan.processor.XSLTAttributeDef;LongParameterList
xalan;org.apache.xalan.processor.XSLTAttributeDef;LongParameterList
xalan;org.apache.xalan.processor.XSLTAttributeDef;LongParameterList
xalan;org.apache.xalan.processor.XSLTAttributeDef;LongParameterList
xalan;org.apache.xalan.processor.XSLTAttributeDef;LongParameterList
xalan;org.apache.xalan.processor.XSLTAttributeDef;LongParameterList
xalan;org.apache.xalan.processor.XSLTAttributeDef;LongParameterList
xalan;org.apache.xalan.processor.XSLTAttributeDef;LongParameterList
xalan;org.apache.xalan.processor.XSLTAttributeDef;LongParameterList
xalan;org.apache.xalan.processor.XSLTAttributeDef;LongParameterList
xalan;org.apache.xalan.processor.XSLTAttributeDef;LongParameterList
xalan;org.apache.xalan.processor.XSLTAttributeDef;LongParameterList
xalan;org.apache.xalan.processor.XSLTAttributeDef;LongParameterList
xalan;org.apache.xalan.processor.XSLTAttributeDef;LongParameterList
xalan;org.apache.xalan.processor.XSLTAttributeDef;LongParameterList
xalan;org.apache.xalan.processor.XSLTAttributeDef;LongParameterList
xalan;org.apache.xalan.processor.XSLTAttributeDef;LongParameterList
xalan;org.apache.xalan.processor.XSLTAttributeDef;LongParameterList
xalan;org.apache.xalan.processor.XSLTAttributeDef;LongParameterList
xalan;org.apache.xalan.processor.XSLTAttributeDef;LongParameterList
xalan;org.apache.xalan.processor.XSLTAttributeDef;LongParameterList
xalan;org.apache.xalan.processor.XSLTAttributeDef;LongParameterList
xalan;org.apache.xalan.processor.XSLTAttributeDef;LongParameterList
xalan;org.apache.xalan.processor.XSLTAttributeDef;LongParameterList
xalan;org.apache.xalan.processor.XSLTAttributeDef;LongParameterList
xalan;org.apache.xalan.processor.XSLTAttributeDef;LongParameterList
xalan;org.apache.xalan.processor.TransformerFactoryImpl;LongParameterList
xalan;org.apache.xalan.processor.ProcessorStylesheetElement;LongParameterList
xalan;org.apache.xalan.processor.ProcessorStylesheetElement;LongParameterList
xalan;org.apache.xalan.processor.ProcessorOutputElem;LongParameterList
xalan;org.apache.xalan.processor.ProcessorOutputElem;LongParameterList
xalan;org.apache.xalan.processor.ProcessorOutputElem;LongParameterList
xalan;org.apache.xalan.processor.ProcessorStripSpace;LongParameterList
xalan;org.apache.xalan.processor.StylesheetHandler;LongParameterList
xalan;org.apache.xalan.processor.StylesheetHandler;LongParameterList
xalan;org.apache.xalan.processor.XSLTElementProcessor;LongParameterList
xalan;org.apache.xalan.processor.XSLTElementProcessor;LongParameterList
xalan;org.apache.xalan.processor.XSLTElementProcessor;LongParameterList
xalan;org.apache.xalan.processor.XSLTElementProcessor;LongParameterList
xalan;org.apache.xalan.processor.XSLTElementProcessor;LongParameterList
xalan;org.apache.xalan.processor.XSLTElementProcessor;LongParameterList
xalan;org.apache.xalan.processor.XSLTElementProcessor;LongParameterList
xalan;org.apache.xalan.processor.XSLTElementProcessor;LongParameterList
xalan;org.apache.xalan.processor.ProcessorLRE;LongParameterList
xalan;org.apache.xalan.processor.ProcessorLRE;LongParameterList
xalan;org.apache.xalan.processor.ProcessorGlobalVariableDecl;LongParameterList
xalan;org.apache.xalan.processor.ProcessorTemplateElem;LongParameterList
xalan;org.apache.xalan.processor.ProcessorTemplateElem;LongParameterList
xalan;org.apache.xalan.processor.ProcessorDecimalFormat;LongParameterList
xalan;org.apache.xalan.processor.XSLTElementDef;LongParameterList
xalan;org.apache.xalan.processor.XSLTElementDef;LongParameterList
xalan;org.apache.xalan.processor.XSLTElementDef;LongParameterList
xalan;org.apache.xalan.processor.XSLTElementDef;LongParameterList
xalan;org.apache.xalan.processor.XSLTElementDef;LongParameterList
xalan;org.apache.xalan.processor.XSLTElementDef;LongParameterList
xalan;org.apache.xalan.processor.XSLTElementDef;LongParameterList
xalan;org.apache.xalan.processor.XSLTElementDef;LongParameterList
xalan;org.apache.xalan.processor.ProcessorInclude;LongParameterList
xalan;org.apache.xalan.processor.ProcessorInclude;LongParameterList
xalan;org.apache.xalan.processor.ProcessorCharacters;LongParameterList
xalan;org.apache.xalan.processor.ProcessorCharacters;LongParameterList
xalan;org.apache.xalan.processor.ProcessorKey;LongParameterList
xalan;org.apache.xalan.processor.ProcessorKey;LongParameterList
xalan;org.apache.xalan.processor.ProcessorGlobalParamDecl;LongParameterList
xalan;org.apache.xalan.processor.ProcessorPreserveSpace;LongParameterList
xalan;org.apache.xalan.processor.ProcessorText;LongParameterList
xalan;org.apache.xalan.serialize.SerializerUtils;LongParameterList
xalan;org.apache.xalan.client.XSLTProcessorApplet;LongParameterList
xalan;org.apache.xalan.transformer.ClonerToResultTree;LongParameterList
xalan;org.apache.xalan.transformer.NodeSortKey;LongParameterList
xalan;org.apache.xalan.transformer.MsgMgr;LongParameterList
xalan;org.apache.xalan.transformer.MsgMgr;LongParameterList
xalan;org.apache.xalan.transformer.MsgMgr;LongParameterList
xalan;org.apache.xalan.transformer.MsgMgr;LongParameterList
xalan;org.apache.xalan.transformer.MsgMgr;LongParameterList
xalan;org.apache.xalan.transformer.KeyManager;LongParameterList
xalan;org.apache.xalan.transformer.DecimalToRoman;LongParameterList
xalan;org.apache.xalan.transformer.KeyRefIterator;LongParameterList
xalan;org.apache.xalan.transformer.SerializerSwitcher;LongParameterList
xalan;org.apache.xalan.transformer.TransformerIdentityImpl;LongParameterList
xalan;org.apache.xalan.transformer.TransformerIdentityImpl;LongParameterList
xalan;org.apache.xalan.transformer.TransformerIdentityImpl;LongParameterList
xalan;org.apache.xalan.transformer.TransformerImpl;LongParameterList
xalan;org.apache.xalan.transformer.TransformerImpl;LongParameterList
xalan;org.apache.xalan.transformer.TransformerImpl;LongParameterList
xalan;org.apache.xalan.transformer.KeyTable;LongParameterList
xalan;org.apache.xalan.transformer.TransformerHandlerImpl;LongParameterList
xalan;org.apache.xalan.transformer.TransformerHandlerImpl;LongParameterList
xalan;org.apache.xalan.transformer.TransformerHandlerImpl;LongParameterList
xalan;org.apache.xalan.transformer.NodeSorter;LongParameterList
xalan;org.apache.xalan.transformer.NodeSorter;LongParameterList
xalan;org.apache.xpath.jaxp.XPathExpressionImpl;LongParameterList
xalan;org.apache.xpath.jaxp.XPathExpressionImpl;LongParameterList
xalan;org.apache.xpath.jaxp.JAXPExtensionsProvider;LongParameterList
xalan;org.apache.xpath.patterns.NodeTest;LongParameterList
xalan;org.apache.xpath.patterns.FunctionPattern;LongParameterList
xalan;org.apache.xpath.patterns.StepPattern;LongParameterList
xalan;org.apache.xpath.patterns.StepPattern;LongParameterList
xalan;org.apache.xpath.patterns.StepPattern;LongParameterList
xalan;org.apache.xpath.compiler.Lexer;LongParameterList
xalan;org.apache.xpath.objects.XStringForChars;LongParameterList
xalan;org.apache.xpath.objects.XStringForFSB;LongParameterList
xalan;org.apache.xpath.objects.XString;LongParameterList
xalan;org.apache.xpath.axes.WalkingIteratorSorted;LongParameterList
xalan;org.apache.xpath.axes.LocPathIterator;LongParameterList
xalan;org.apache.xpath.axes.WalkerFactory;LongParameterList
xalan;org.apache.xpath.axes.WalkerFactory;LongParameterList
xalan;org.apache.xpath.axes.WalkerFactory;LongParameterList
xalan;org.apache.xpath.axes.WalkerFactory;LongParameterList
xalan;org.apache.xpath.axes.WalkerFactory;LongParameterList
xalan;org.apache.xpath.axes.FilterExprIteratorSimple;LongParameterList
xalan;org.apache.xpath.axes.NodeSequence;LongParameterList
xalan;org.apache.xpath.axes.BasicTestIterator;LongParameterList
xalan;org.apache.xpath.axes.WalkingIterator;LongParameterList
xalan;org.apache.xpath.ExtensionsProvider;LongParameterList
xalan;org.apache.xpath.functions.FuncId;LongParameterList
xalan;org.apache.xpath.XPathFactory;LongParameterList
xalan;org.apache.xpath.NodeSet;LongParameterList
xalan;org.apache.xpath.XPath;LongParameterList
xalan;org.apache.xpath.XPath;LongParameterList
xalan;org.apache.xpath.XPath;LongParameterList
xalan;org.apache.xpath.XPath;LongParameterList
xalan;org.apache.xpath.XPath;LongParameterList
xalan;org.apache.xpath.domapi.XPathEvaluatorImpl;LongParameterList
xalan;org.apache.xpath.domapi.XPathResultImpl;LongParameterList
xalan;org.apache.xpath.Expression;LongParameterList
xalan;org.apache.xpath.SourceTreeManager;LongParameterList
xalan;org.apache.xpath.XPathContext;LongParameterList
xalan;org.apache.xml.dtm.ref.DTMDefaultBaseTraversers;LongParameterList
xalan;org.apache.xml.dtm.ref.DTMDefaultBaseTraversers;LongParameterList
xalan;org.apache.xml.dtm.ref.DTMDocumentImpl;LongParameterList
xalan;org.apache.xml.dtm.ref.DTMDocumentImpl;LongParameterList
xalan;org.apache.xml.dtm.ref.DTMDocumentImpl;LongParameterList
xalan;org.apache.xml.dtm.ref.DTMDocumentImpl;LongParameterList
xalan;org.apache.xml.dtm.ref.dom2dtm.DOM2DTM;LongParameterList
xalan;org.apache.xml.dtm.ref.dom2dtm.DOM2DTM;LongParameterList
xalan;org.apache.xml.dtm.ref.dom2dtm.DOM2DTMdefaultNamespaceDeclarationNode;LongParameterList
xalan;org.apache.xml.dtm.ref.ExtendedType;LongParameterList
xalan;org.apache.xml.dtm.ref.ExtendedType;LongParameterList
xalan;org.apache.xml.dtm.ref.DTMDefaultBaseIterators;LongParameterList
xalan;org.apache.xml.dtm.ref.DTMDefaultBaseIterators;LongParameterList
xalan;org.apache.xml.dtm.ref.IncrementalSAXSource_Filter;LongParameterList
xalan;org.apache.xml.dtm.ref.IncrementalSAXSource_Filter;LongParameterList
xalan;org.apache.xml.dtm.ref.ExpandedNameTable;LongParameterList
xalan;org.apache.xml.dtm.ref.ExpandedNameTable.HashEntry;LongParameterList
xalan;org.apache.xml.dtm.ref.NodeLocator;LongParameterList
xalan;org.apache.xml.dtm.ref.DTMNodeProxy;LongParameterList
xalan;org.apache.xml.dtm.ref.DTMNodeProxy;LongParameterList
xalan;org.apache.xml.dtm.ref.DTMManagerDefault;LongParameterList
xalan;org.apache.xml.dtm.ref.ChunkedIntArray;LongParameterList
xalan;org.apache.xml.dtm.ref.ChunkedIntArray;LongParameterList
xalan;org.apache.xml.dtm.ref.sax2dtm.SAX2DTM;LongParameterList
xalan;org.apache.xml.dtm.ref.sax2dtm.SAX2DTM;LongParameterList
xalan;org.apache.xml.dtm.ref.sax2dtm.SAX2DTM;LongParameterList
xalan;org.apache.xml.dtm.ref.sax2dtm.SAX2DTM;LongParameterList
xalan;org.apache.xml.dtm.ref.sax2dtm.SAX2DTM;LongParameterList
xalan;org.apache.xml.dtm.ref.sax2dtm.SAX2DTM;LongParameterList
xalan;org.apache.xml.dtm.ref.sax2dtm.SAX2DTM2;LongParameterList
xalan;org.apache.xml.dtm.ref.sax2dtm.SAX2DTM2;LongParameterList
xalan;org.apache.xml.dtm.ref.sax2dtm.SAX2DTM2;LongParameterList
xalan;org.apache.xml.dtm.ref.sax2dtm.SAX2DTM2;LongParameterList
xalan;org.apache.xml.dtm.ref.sax2dtm.SAX2RTFDTM;LongParameterList
xalan;org.apache.xml.dtm.ref.DTMDefaultBase;LongParameterList
xalan;org.apache.xml.dtm.ref.DTMDefaultBase;LongParameterList
xalan;org.apache.xml.dtm.ref.DTMDefaultBase;LongParameterList
xalan;org.apache.xml.dtm.DTMManager;LongParameterList
xalan;org.apache.xml.serializer.EncodingInfo.EncodingImpl;LongParameterList
xalan;org.apache.xml.serializer.ToStream;LongParameterList
xalan;org.apache.xml.serializer.ToStream;LongParameterList
xalan;org.apache.xml.serializer.ToStream;LongParameterList
xalan;org.apache.xml.serializer.ToStream;LongParameterList
xalan;org.apache.xml.serializer.ToStream;LongParameterList
xalan;org.apache.xml.serializer.ToStream;LongParameterList
xalan;org.apache.xml.serializer.ToStream;LongParameterList
xalan;org.apache.xml.serializer.ToStream;LongParameterList
xalan;org.apache.xml.serializer.ToStream;LongParameterList
xalan;org.apache.xml.serializer.ToStream;LongParameterList
xalan;org.apache.xml.serializer.SerializerBase;LongParameterList
xalan;org.apache.xml.serializer.SerializerBase;LongParameterList
xalan;org.apache.xml.serializer.SerializerBase;LongParameterList
xalan;org.apache.xml.serializer.SerializerBase;LongParameterList
xalan;org.apache.xml.serializer.dom3.DOM3TreeWalker;LongParameterList
xalan;org.apache.xml.serializer.dom3.DOMErrorImpl;LongParameterList
xalan;org.apache.xml.serializer.dom3.DOMErrorImpl;LongParameterList
xalan;org.apache.xml.serializer.dom3.DOMLocatorImpl;LongParameterList
xalan;org.apache.xml.serializer.dom3.DOMLocatorImpl;LongParameterList
xalan;org.apache.xml.serializer.dom3.DOMLocatorImpl;LongParameterList
xalan;org.apache.xml.serializer.ToSAXHandler;LongParameterList
xalan;org.apache.xml.serializer.ToHTMLSAXHandler;LongParameterList
xalan;org.apache.xml.serializer.ToHTMLSAXHandler;LongParameterList
xalan;org.apache.xml.serializer.ToXMLStream;LongParameterList
xalan;org.apache.xml.serializer.ToTextStream;LongParameterList
xalan;org.apache.xml.serializer.ToTextStream;LongParameterList
xalan;org.apache.xml.serializer.ToTextStream;LongParameterList
xalan;org.apache.xml.serializer.ToXMLSAXHandler;LongParameterList
xalan;org.apache.xml.serializer.ToXMLSAXHandler;LongParameterList
xalan;org.apache.xml.serializer.ToXMLSAXHandler;LongParameterList
xalan;org.apache.xml.serializer.SerializerTrace;LongParameterList
xalan;org.apache.xml.serializer.ToHTMLStream;LongParameterList
xalan;org.apache.xml.serializer.ToHTMLStream;LongParameterList
xalan;org.apache.xml.serializer.ToHTMLStream;LongParameterList
xalan;org.apache.xml.serializer.AttributesImplSerializer;LongParameterList
xalan;org.apache.xml.serializer.ExtendedContentHandler;LongParameterList
xalan;org.apache.xml.serializer.ExtendedContentHandler;LongParameterList
xalan;org.apache.xml.serializer.ToTextSAXHandler;LongParameterList
xalan;org.apache.xml.serializer.ToTextSAXHandler;LongParameterList
xalan;org.apache.xml.serializer.ToTextSAXHandler;LongParameterList
xalan;org.apache.xml.serializer.ToUnknownStream;LongParameterList
xalan;org.apache.xml.serializer.ToUnknownStream;LongParameterList
xalan;org.apache.xml.serializer.ToUnknownStream;LongParameterList
xalan;org.apache.xml.serializer.EmptySerializer;LongParameterList
xalan;org.apache.xml.serializer.EmptySerializer;LongParameterList
xalan;org.apache.xml.serializer.EmptySerializer;LongParameterList
xalan;org.apache.xml.serializer.EmptySerializer;LongParameterList
xalan;org.apache.xml.serializer.EmptySerializer;LongParameterList
xalan;org.apache.xml.serializer.utils.URI;LongParameterList
xalan;org.apache.xml.serializer.utils.URI;LongParameterList
xalan;org.apache.xml.utils.URI;LongParameterList
xalan;org.apache.xml.utils.URI;LongParameterList
xalan;org.apache.xml.utils.StringComparable;LongParameterList
xalan;org.apache.xml.utils.StringComparable;LongParameterList
xalan;org.apache.xml.utils.Hashtree2Node;LongParameterList
xalan;org.apache.xml.utils.DOMBuilder;LongParameterList
xalan;org.apache.xml.utils.FastStringBuffer;LongParameterList
xalan;org.apache.xml.utils.FastStringBuffer;LongParameterList
xalan;org.apache.xml.utils.FastStringBuffer;LongParameterList
xalan;org.apache.xml.utils.FastStringBuffer;LongParameterList
xalan;org.apache.xml.utils.QName;LongParameterList
xalan;org.apache.xml.utils.QName;LongParameterList
xalan;org.apache.xml.utils.MutableAttrListImpl;LongParameterList
xalan;org.apache.xml.utils.StylesheetPIHandler;LongParameterList
xalan;org.apache.xml.utils.StylesheetPIHandler;LongParameterList
xalan;org.apache.xml.utils.XMLStringDefault;LongParameterList
xalan;org.apache.xml.utils.XMLString;LongParameterList
