orientdb;com.orientechnologies.orient.test.database.consistency.GraphTransactionConsistency;ComplexClass
orientdb;com.orientechnologies.orient.test.database.speed.GiantFileTest;ComplexClass
orientdb;com.orientechnologies.orient.test.database.auto.CRUDObjectPhysicalTestSchemaFull;ComplexClass
orientdb;com.orientechnologies.orient.test.database.auto.DatabaseConflictStrategyAutoMergeTest;ComplexClass
orientdb;com.orientechnologies.orient.test.database.auto.CRUDObjectInheritanceTestSchemaFull;ComplexClass
orientdb;com.orientechnologies.orient.test.database.auto.CRUDDocumentPhysicalTest;ComplexClass
orientdb;com.orientechnologies.orient.test.database.auto.CRUDObjectPhysicalTest;ComplexClass
orientdb;com.orientechnologies.orient.test.database.auto.SQLSelectHashIndexReuseTest;ComplexClass
orientdb;com.orientechnologies.orient.test.database.auto.ORidBagTest;ComplexClass
orientdb;com.orientechnologies.orient.test.internal.index.IndexUniqueTest;ComplexClass
orientdb;com.orientechnologies.orient.test.internal.FreezeMultiThreadingTestNonTX.NonTransactionalUpdater;ComplexClass
orientdb;com.orientechnologies.orient.test.internal.FreezeMultiThreadingTestNonTX.TransactionalUpdater;ComplexClass
orientdb;com.orientechnologies.orient.core.storage.impl.local.paginated.LocalPaginatedStorageRestoreFromWALAndAddAdditionalRecords;ComplexClass
orientdb;com.orientechnologies.orient.core.storage.impl.local.paginated.wal.cas.CASDiskWriteAheadLogIT;ComplexClass
orientdb;com.orientechnologies.orient.core.storage.impl.local.paginated.StorageBackupMTStateTest.RecordsDeleter;ComplexClass
orientdb;com.orientechnologies.orient.core.storage.impl.local.paginated.LocalPaginatedStorageRestoreTx;ComplexClass
orientdb;com.orientechnologies.orient.core.storage.impl.local.paginated.LocalPaginatedStorageRestoreTx.DataPropagationTask;ComplexClass
orientdb;com.orientechnologies.orient.core.storage.impl.local.paginated.LocalPaginatedStorageRestoreFromWAL;ComplexClass
orientdb;com.orientechnologies.orient.core.storage.cluster.v2.FreeSpaceMapPageTest;ComplexClass
orientdb;com.orientechnologies.orient.core.storage.cluster.v2.FreeSpaceMapTestIT;ComplexClass
orientdb;com.orientechnologies.orient.core.storage.cluster.LocalPaginatedClusterAbstract;ComplexClass
orientdb;com.orientechnologies.orient.core.storage.index.sbtree.multivalue.v2.CellBTreeMultiValueV2TestIT;ComplexClass
orientdb;com.orientechnologies.orient.core.storage.index.sbtree.singlevalue.v3.CellBTreeSingleValueV3TestIT;ComplexClass
orientdb;com.orientechnologies.orient.core.storage.index.sbtree.singlevalue.v1.CellBTreeSingleValueV1TestIT;ComplexClass
orientdb;com.orientechnologies.orient.core.storage.index.sbtree.local.v2.SBTreeV2WALTestIT;ComplexClass
orientdb;com.orientechnologies.orient.core.storage.index.sbtree.local.v2.SBTreeV2TestIT;ComplexClass
orientdb;com.orientechnologies.orient.core.storage.index.sbtree.local.v1.SBTreeV1TestIT;ComplexClass
orientdb;com.orientechnologies.orient.core.storage.index.sbtree.local.v1.SBTreeV1WALTestIT;ComplexClass
orientdb;com.orientechnologies.orient.core.storage.index.sbtreebonsai.global.btree.BTreeTestIT;ComplexClass
orientdb;com.orientechnologies.orient.core.storage.index.sbtreebonsai.local.OSBTreeBonsaiLocalTestIT;ComplexClass
orientdb;com.orientechnologies.orient.core.storage.index.hashindex.local.v3.OLocalHashTableV3Base;ComplexClass
orientdb;com.orientechnologies.orient.core.storage.index.hashindex.local.v3.HashTableDirectoryV3Test;ComplexClass
orientdb;com.orientechnologies.orient.core.storage.index.hashindex.local.v3.OLocalHashTableV3WALTestIT;ComplexClass
orientdb;com.orientechnologies.orient.core.storage.index.hashindex.local.v2.HashTableDirectoryV2Test;ComplexClass
orientdb;com.orientechnologies.orient.core.storage.index.hashindex.local.v2.LocalHashTableV2Base;ComplexClass
orientdb;com.orientechnologies.orient.core.record.impl.BinaryComparatorEqualsTest;ComplexClass
orientdb;com.orientechnologies.common.directmemory.OByteBufferPoolTest.Allocator;ComplexClass
orientdb;com.orientechnologies.orient.core.metadata.schema.OPropertyImpl;ComplexClass
orientdb;com.orientechnologies.orient.core.metadata.schema.OImmutableClass;ComplexClass
orientdb;com.orientechnologies.orient.core.metadata.schema.OImmutableProperty;ComplexClass
orientdb;com.orientechnologies.orient.core.metadata.schema.OClassImpl;ComplexClass
orientdb;com.orientechnologies.orient.core.metadata.schema.OClassEmbedded;ComplexClass
orientdb;com.orientechnologies.orient.core.metadata.schema.OSchemaEmbedded;ComplexClass
orientdb;com.orientechnologies.orient.core.metadata.schema.OSchemaShared;ComplexClass
orientdb;com.orientechnologies.orient.core.metadata.sequence.OSequenceOrdered;ComplexClass
orientdb;com.orientechnologies.orient.core.metadata.sequence.OSequenceCached;ComplexClass
orientdb;com.orientechnologies.orient.core.metadata.sequence.OSequence;ComplexClass
orientdb;com.orientechnologies.orient.core.metadata.security.OSecurityShared;ComplexClass
orientdb;com.orientechnologies.orient.core.metadata.security.OSecurityResource;ComplexClass
orientdb;com.orientechnologies.orient.core.metadata.security.ORole;ComplexClass
orientdb;com.orientechnologies.orient.core.metadata.security.ORestrictedAccessHook;ComplexClass
orientdb;com.orientechnologies.orient.core.metadata.security.OSystemUser;ComplexClass
orientdb;com.orientechnologies.orient.core.Orient;ComplexClass
orientdb;com.orientechnologies.orient.core.sql.OCommandExecutorSQLSelect;ComplexClass
orientdb;com.orientechnologies.orient.core.sql.filter.OSQLTarget;ComplexClass
orientdb;com.orientechnologies.orient.core.sql.filter.OSQLPredicate;ComplexClass
orientdb;com.orientechnologies.orient.core.sql.filter.OSQLFilterCondition;ComplexClass
orientdb;com.orientechnologies.orient.core.sql.filter.OSQLFilterItemAbstract;ComplexClass
orientdb;com.orientechnologies.orient.core.sql.filter.OFilterOptimizer;ComplexClass
orientdb;com.orientechnologies.orient.core.sql.OCommandExecutorSQLCreateLink;ComplexClass
orientdb;com.orientechnologies.orient.core.sql.functions.OSQLFunctionRuntime;ComplexClass
orientdb;com.orientechnologies.orient.core.sql.functions.math.OSQLFunctionMax;ComplexClass
orientdb;com.orientechnologies.orient.core.sql.functions.math.OSQLFunctionMin;ComplexClass
orientdb;com.orientechnologies.orient.core.sql.functions.math.OSQLFunctionAbsoluteValue;ComplexClass
orientdb;com.orientechnologies.orient.core.sql.functions.graph.OSQLFunctionAstar;ComplexClass
orientdb;com.orientechnologies.orient.core.sql.functions.graph.OSQLFunctionShortestPath;ComplexClass
orientdb;com.orientechnologies.orient.core.sql.functions.misc.OSQLStaticReflectiveFunction;ComplexClass
orientdb;com.orientechnologies.orient.core.sql.functions.coll.OSQLFunctionIntersect;ComplexClass
orientdb;com.orientechnologies.orient.core.sql.functions.coll.OSQLFunctionDocument;ComplexClass
orientdb;com.orientechnologies.orient.core.sql.functions.coll.OSQLFunctionMap;ComplexClass
orientdb;com.orientechnologies.orient.core.sql.functions.coll.OSQLFunctionTraversedElement;ComplexClass
orientdb;com.orientechnologies.orient.core.sql.OCommandExecutorSQLMoveVertex;ComplexClass
orientdb;com.orientechnologies.orient.core.sql.OCommandExecutorSQLDelete;ComplexClass
orientdb;com.orientechnologies.orient.core.sql.OCommandExecutorSQLCreateIndex;ComplexClass
orientdb;com.orientechnologies.orient.core.sql.executor.MatchMultiEdgeTraverser;ComplexClass
orientdb;com.orientechnologies.orient.core.sql.executor.ODeleteExecutionPlanner;ComplexClass
orientdb;com.orientechnologies.orient.core.sql.executor.FilterByClustersStep;ComplexClass
orientdb;com.orientechnologies.orient.core.sql.executor.RetryStep;ComplexClass
orientdb;com.orientechnologies.orient.core.sql.executor.FilterByClassStep;ComplexClass
orientdb;com.orientechnologies.orient.core.sql.executor.FetchFromIndexStep;ComplexClass
orientdb;com.orientechnologies.orient.core.sql.executor.ScriptLineStep;ComplexClass
orientdb;com.orientechnologies.orient.core.sql.executor.ExpandStep;ComplexClass
orientdb;com.orientechnologies.orient.core.sql.executor.FetchFromVariableStep;ComplexClass
orientdb;com.orientechnologies.orient.core.sql.executor.OUpdateExecutionPlanner;ComplexClass
orientdb;com.orientechnologies.orient.core.sql.executor.FetchEdgesToVerticesStep;ComplexClass
orientdb;com.orientechnologies.orient.core.sql.executor.MatchEdgeTraverser;ComplexClass
orientdb;com.orientechnologies.orient.core.sql.executor.ConvertToResultInternalStep;ComplexClass
orientdb;com.orientechnologies.orient.core.sql.executor.OCreateEdgeExecutionPlanner;ComplexClass
orientdb;com.orientechnologies.orient.core.sql.executor.FetchFromClassExecutionStep;ComplexClass
orientdb;com.orientechnologies.orient.core.sql.executor.RemoveEdgePointersStep;ComplexClass
orientdb;com.orientechnologies.orient.core.sql.executor.FetchEdgesFromToVerticesStep;ComplexClass
orientdb;com.orientechnologies.orient.core.sql.executor.OrderByStep;ComplexClass
orientdb;com.orientechnologies.orient.core.sql.executor.FetchFromClusterExecutionStep;ComplexClass
orientdb;com.orientechnologies.orient.core.sql.executor.CreateEdgesStep;ComplexClass
orientdb;com.orientechnologies.orient.core.sql.executor.FindReferencesStep;ComplexClass
orientdb;com.orientechnologies.orient.core.sql.executor.MatchReverseEdgeTraverser;ComplexClass
orientdb;com.orientechnologies.orient.core.sql.executor.DeleteFromIndexStep;ComplexClass
orientdb;com.orientechnologies.orient.core.sql.executor.OResultInternal;ComplexClass
orientdb;com.orientechnologies.orient.core.sql.executor.AggregateProjectionCalculationStep;ComplexClass
orientdb;com.orientechnologies.orient.core.sql.executor.ConvertToUpdatableResultStep;ComplexClass
orientdb;com.orientechnologies.orient.core.sql.executor.FilterStep;ComplexClass
orientdb;com.orientechnologies.orient.core.sql.executor.FetchFromClustersExecutionStep;ComplexClass
orientdb;com.orientechnologies.orient.core.sql.executor.UpdateContentStep;ComplexClass
orientdb;com.orientechnologies.orient.core.sql.executor.OTraverseExecutionPlanner;ComplexClass
orientdb;com.orientechnologies.orient.core.sql.executor.GetValueFromIndexEntryStep;ComplexClass
orientdb;com.orientechnologies.orient.core.sql.executor.OSelectExecutionPlanner;ComplexClass
orientdb;com.orientechnologies.orient.core.sql.executor.FetchTemporaryFromTxStep;ComplexClass
orientdb;com.orientechnologies.orient.core.sql.executor.InsertIntoIndexStep;ComplexClass
orientdb;com.orientechnologies.orient.core.sql.executor.LiveQueryListenerImpl;ComplexClass
orientdb;com.orientechnologies.orient.core.sql.executor.CheckClassTypeStep;ComplexClass
orientdb;com.orientechnologies.orient.core.sql.executor.OResult;ComplexClass
orientdb;com.orientechnologies.orient.core.sql.executor.MatchFieldTraverser;ComplexClass
orientdb;com.orientechnologies.orient.core.sql.executor.CheckClusterTypeStep;ComplexClass
orientdb;com.orientechnologies.orient.core.sql.executor.OMatchExecutionPlanner;ComplexClass
orientdb;com.orientechnologies.orient.core.sql.executor.FilterNotMatchPatternStep;ComplexClass
orientdb;com.orientechnologies.orient.core.sql.OCommandExecutorSQLDeleteVertex;ComplexClass
orientdb;com.orientechnologies.orient.core.sql.OChainedIndexProxy;ComplexClass
orientdb;com.orientechnologies.orient.core.sql.OCommandExecutorSQLAlterClass;ComplexClass
orientdb;com.orientechnologies.orient.core.sql.OSQLHelper;ComplexClass
orientdb;com.orientechnologies.orient.core.sql.OCommandExecutorSQLDropProperty;ComplexClass
orientdb;com.orientechnologies.orient.core.sql.OCommandExecutorSQLPermissionAbstract;ComplexClass
orientdb;com.orientechnologies.orient.core.sql.OCommandExecutorSQLLiveSelect;ComplexClass
orientdb;com.orientechnologies.orient.core.sql.OCommandExecutorSQLDeleteEdge;ComplexClass
orientdb;com.orientechnologies.orient.core.sql.OCommandExecutorSQLDropClass;ComplexClass
orientdb;com.orientechnologies.orient.core.sql.ORuntimeResult;ComplexClass
orientdb;com.orientechnologies.orient.core.sql.query.OSQLNonBlockingQuery;ComplexClass
orientdb;com.orientechnologies.orient.core.sql.query.OSQLQuery;ComplexClass
orientdb;com.orientechnologies.orient.core.sql.operator.OQueryOperatorContains;ComplexClass
orientdb;com.orientechnologies.orient.core.sql.operator.OQueryOperatorEquals;ComplexClass
orientdb;com.orientechnologies.orient.core.sql.operator.math.OQueryOperatorPlus;ComplexClass
orientdb;com.orientechnologies.orient.core.sql.operator.math.OQueryOperatorMod;ComplexClass
orientdb;com.orientechnologies.orient.core.sql.operator.math.OQueryOperatorMultiply;ComplexClass
orientdb;com.orientechnologies.orient.core.sql.operator.math.OQueryOperatorMinus;ComplexClass
orientdb;com.orientechnologies.orient.core.sql.operator.math.OQueryOperatorDivide;ComplexClass
orientdb;com.orientechnologies.orient.core.sql.operator.OQueryOperatorContainsValue;ComplexClass
orientdb;com.orientechnologies.orient.core.sql.operator.OQueryOperatorEquality;ComplexClass
orientdb;com.orientechnologies.orient.core.sql.operator.OQueryOperatorIs;ComplexClass
orientdb;com.orientechnologies.orient.core.sql.operator.OQueryOperatorAnd;ComplexClass
orientdb;com.orientechnologies.orient.core.sql.operator.OQueryOperatorContainsAll;ComplexClass
orientdb;com.orientechnologies.orient.core.sql.operator.OQueryOperatorContainsKey;ComplexClass
orientdb;com.orientechnologies.orient.core.sql.operator.OQueryOperatorIn;ComplexClass
orientdb;com.orientechnologies.orient.core.sql.operator.OQueryOperatorTraverse;ComplexClass
orientdb;com.orientechnologies.orient.core.sql.OCommandExecutorSQLInsert;ComplexClass
orientdb;com.orientechnologies.orient.core.sql.OCommandExecutorSQLCreateEdge;ComplexClass
orientdb;com.orientechnologies.orient.core.sql.OCommandExecutorSQLOptimizeDatabase;ComplexClass
orientdb;com.orientechnologies.orient.core.sql.OCommandExecutorSQLSetAware;ComplexClass
orientdb;com.orientechnologies.orient.core.sql.parser.OOrderByItem;ComplexClass
orientdb;com.orientechnologies.orient.core.sql.parser.OMethodCall;ComplexClass
orientdb;com.orientechnologies.orient.core.sql.parser.ODeleteEdgeStatement;ComplexClass
orientdb;com.orientechnologies.orient.core.sql.parser.OWhereClause;ComplexClass
orientdb;com.orientechnologies.orient.core.sql.parser.OUpdateItem;ComplexClass
orientdb;com.orientechnologies.orient.core.sql.parser.OHaSetStatement;ComplexClass
orientdb;com.orientechnologies.orient.core.sql.parser.OExpression;ComplexClass
orientdb;com.orientechnologies.orient.core.sql.parser.ORevokeStatement;ComplexClass
orientdb;com.orientechnologies.orient.core.sql.parser.OCreateSequenceStatement;ComplexClass
orientdb;com.orientechnologies.orient.core.sql.parser.OCreateIndexStatement;ComplexClass
orientdb;com.orientechnologies.orient.core.sql.parser.OGrantStatement;ComplexClass
orientdb;com.orientechnologies.orient.core.sql.parser.ODropPropertyStatement;ComplexClass
orientdb;com.orientechnologies.orient.core.sql.parser.OCreateClassStatement;ComplexClass
orientdb;com.orientechnologies.orient.core.sql.parser.OInsertStatement;ComplexClass
orientdb;com.orientechnologies.orient.core.sql.parser.OMatchStatement;ComplexClass
orientdb;com.orientechnologies.orient.core.sql.parser.OAlterClassStatement;ComplexClass
orientdb;com.orientechnologies.orient.core.sql.parser.OInOperator;ComplexClass
orientdb;com.orientechnologies.orient.core.sql.parser.OMathExpression;ComplexClass
orientdb;com.orientechnologies.orient.core.sql.parser.OFunctionCall;ComplexClass
orientdb;com.orientechnologies.orient.core.sql.parser.OContainsAnyCondition;ComplexClass
orientdb;com.orientechnologies.orient.core.sql.parser.OCreatePropertyAttributeStatement;ComplexClass
orientdb;com.orientechnologies.orient.core.sql.parser.OAlterSequenceStatement;ComplexClass
orientdb;com.orientechnologies.orient.core.sql.parser.OConsoleStatement;ComplexClass
orientdb;com.orientechnologies.orient.core.sql.parser.OContainsAllCondition;ComplexClass
orientdb;com.orientechnologies.orient.core.sql.parser.ParseException;ComplexClass
orientdb;com.orientechnologies.orient.core.sql.parser.OUpdateRemoveItem;ComplexClass
orientdb;com.orientechnologies.orient.core.sql.parser.OUpdateStatement;ComplexClass
orientdb;com.orientechnologies.orient.core.sql.parser.TokenMgrError;ComplexClass
orientdb;com.orientechnologies.orient.core.sql.parser.OCreateViewStatement;ComplexClass
orientdb;com.orientechnologies.orient.core.sql.parser.OAlterSecurityPolicyStatement;ComplexClass
orientdb;com.orientechnologies.orient.core.sql.parser.ONestedProjection;ComplexClass
orientdb;com.orientechnologies.orient.core.sql.parser.OrientSql;ComplexClass
orientdb;com.orientechnologies.orient.core.sql.parser.OArrayRangeSelector;ComplexClass
orientdb;com.orientechnologies.orient.core.sql.parser.OSuffixIdentifier;ComplexClass
orientdb;com.orientechnologies.orient.core.sql.parser.OArraySelector;ComplexClass
orientdb;com.orientechnologies.orient.core.sql.parser.OContainsCondition;ComplexClass
orientdb;com.orientechnologies.orient.core.sql.parser.OArraySingleValuesSelector;ComplexClass
orientdb;com.orientechnologies.orient.core.sql.parser.OFromItem;ComplexClass
orientdb;com.orientechnologies.orient.core.sql.parser.OrientSqlTokenManager;ComplexClass
orientdb;com.orientechnologies.orient.core.sql.parser.OCreateSecurityPolicyStatement;ComplexClass
orientdb;com.orientechnologies.orient.core.sql.parser.JavaCharStream;ComplexClass
orientdb;com.orientechnologies.orient.core.sql.parser.OMatchFilterItem;ComplexClass
orientdb;com.orientechnologies.orient.core.sql.parser.OCreateLinkStatement;ComplexClass
orientdb;com.orientechnologies.orient.core.sql.parser.OTruncateClassStatement;ComplexClass
orientdb;com.orientechnologies.orient.core.sql.parser.OModifier;ComplexClass
orientdb;com.orientechnologies.orient.core.sql.parser.OInCondition;ComplexClass
orientdb;com.orientechnologies.orient.core.sql.parser.OCreateUserStatement;ComplexClass
orientdb;com.orientechnologies.orient.core.sql.parser.OUpdateOperations;ComplexClass
orientdb;com.orientechnologies.orient.core.sql.parser.OProjection;ComplexClass
orientdb;com.orientechnologies.orient.core.sql.parser.OCreateEdgeStatement;ComplexClass
orientdb;com.orientechnologies.orient.core.sql.parser.OMatchPathItem;ComplexClass
orientdb;com.orientechnologies.orient.core.sql.parser.OCreateClusterStatement;ComplexClass
orientdb;com.orientechnologies.orient.core.sql.parser.OSelectStatement;ComplexClass
orientdb;com.orientechnologies.orient.core.sql.parser.OTraverseProjectionItem;ComplexClass
orientdb;com.orientechnologies.orient.core.sql.parser.ODropClusterStatement;ComplexClass
orientdb;com.orientechnologies.orient.core.sql.parser.OFloatingPoint;ComplexClass
orientdb;com.orientechnologies.orient.core.sql.parser.OInsertBody;ComplexClass
orientdb;com.orientechnologies.orient.core.sql.parser.OOptimizeDatabaseStatement;ComplexClass
orientdb;com.orientechnologies.orient.core.sql.parser.OCreateSystemUserStatement;ComplexClass
orientdb;com.orientechnologies.orient.core.sql.parser.OArrayConcatExpression;ComplexClass
orientdb;com.orientechnologies.orient.core.sql.parser.OInputParameter;ComplexClass
orientdb;com.orientechnologies.orient.core.sql.OCommandExecutorSQLTruncateClass;ComplexClass
orientdb;com.orientechnologies.orient.core.sql.OCommandExecutorSQLCreateSequence;ComplexClass
orientdb;com.orientechnologies.orient.core.sql.OCommandExecutorSQLResultsetAbstract;ComplexClass
orientdb;com.orientechnologies.orient.core.sql.OCommandExecutorSQLAlterProperty;ComplexClass
orientdb;com.orientechnologies.orient.core.sql.OFilterAnalyzer;ComplexClass
orientdb;com.orientechnologies.orient.core.sql.OCommandExecutorSQLCreateProperty;ComplexClass
orientdb;com.orientechnologies.orient.core.sql.OCommandExecutorSQLTraverse;ComplexClass
orientdb;com.orientechnologies.orient.core.sql.OSQLEngine;ComplexClass
orientdb;com.orientechnologies.orient.core.sql.OCommandExecutorSQLCreateVertex;ComplexClass
orientdb;com.orientechnologies.orient.core.sql.method.OSQLMethodRuntime;ComplexClass
orientdb;com.orientechnologies.orient.core.sql.method.misc.OSQLMethodField;ComplexClass
orientdb;com.orientechnologies.orient.core.sql.method.misc.OSQLMethodFormat;ComplexClass
orientdb;com.orientechnologies.orient.core.sql.OCommandExecutorSQLUpdate;ComplexClass
orientdb;com.orientechnologies.orient.core.sql.OCommandExecutorSQLCreateClass;ComplexClass
orientdb;com.orientechnologies.orient.core.iterator.ORecordIteratorClusters;ComplexClass
orientdb;com.orientechnologies.orient.core.iterator.OIdentifiableIterator;ComplexClass
orientdb;com.orientechnologies.orient.core.security.kerberos.OKerberosCredentialInterceptor;ComplexClass
orientdb;com.orientechnologies.orient.core.security.ODefaultSecuritySystem;ComplexClass
orientdb;com.orientechnologies.orient.core.security.symmetrickey.OUserSymmetricKeyConfig;ComplexClass
orientdb;com.orientechnologies.orient.core.security.symmetrickey.OSymmetricKeyCI;ComplexClass
orientdb;com.orientechnologies.orient.core.hook.ORecordHook;ComplexClass
orientdb;com.orientechnologies.orient.core.hook.ORecordHookAbstract;ComplexClass
orientdb;com.orientechnologies.orient.core.hook.ODocumentHookAbstract;ComplexClass
orientdb;com.orientechnologies.orient.core.util.OURLHelper;ComplexClass
orientdb;com.orientechnologies.orient.core.storage.ridbag.sbtree.OSBTreeRidBag;ComplexClass
orientdb;com.orientechnologies.orient.core.storage.ridbag.sbtree.OSBTreeRidBag.RIDBagIterator;ComplexClass
orientdb;com.orientechnologies.orient.core.storage.ridbag.sbtree.OSBTreeCollectionManagerShared;ComplexClass
orientdb;com.orientechnologies.orient.core.storage.impl.local.paginated.wal.cas.CASDiskWriteAheadLog;ComplexClass
orientdb;com.orientechnologies.orient.core.storage.impl.local.paginated.wal.cas.CASDiskWriteAheadLog.RecordsWriter;ComplexClass
orientdb;com.orientechnologies.orient.core.storage.impl.local.paginated.wal.OWALRecordsFactory;ComplexClass
orientdb;com.orientechnologies.orient.core.storage.impl.local.paginated.wal.OWALChangesTree;ComplexClass
orientdb;com.orientechnologies.orient.core.storage.impl.local.paginated.wal.OWALPageChangesPortion;ComplexClass
orientdb;com.orientechnologies.orient.core.storage.impl.local.paginated.atomicoperations.OAtomicOperationPageOperationsTracking;ComplexClass
orientdb;com.orientechnologies.orient.core.storage.impl.local.paginated.atomicoperations.OAtomicOperationsManager;ComplexClass
orientdb;com.orientechnologies.orient.core.storage.impl.local.paginated.atomicoperations.AtomicOperationsTable;ComplexClass
orientdb;com.orientechnologies.orient.core.storage.impl.local.paginated.atomicoperations.OAtomicOperationBinaryTracking;ComplexClass
orientdb;com.orientechnologies.orient.core.storage.impl.local.paginated.StorageStartupMetadata;ComplexClass
orientdb;com.orientechnologies.orient.core.storage.impl.local.OAbstractPaginatedStorage;ComplexClass
orientdb;com.orientechnologies.orient.core.storage.impl.local.OAbstractPaginatedStorage.WALVacuum;ComplexClass
orientdb;com.orientechnologies.orient.core.storage.impl.local.OStorageConfigurationSegment;ComplexClass
orientdb;com.orientechnologies.orient.core.storage.cache.local.OWOWCache;ComplexClass
orientdb;com.orientechnologies.orient.core.storage.cache.local.OWOWCache.PeriodicFlushTask;ComplexClass
orientdb;com.orientechnologies.orient.core.storage.cache.local.OWOWCache.FileFlushTask;ComplexClass
orientdb;com.orientechnologies.orient.core.storage.cache.chm.readbuffer.StripedBuffer;ComplexClass
orientdb;com.orientechnologies.orient.core.storage.cache.chm.AsyncReadCache;ComplexClass
orientdb;com.orientechnologies.orient.core.storage.cache.chm.WTinyLFUPolicy;ComplexClass
orientdb;com.orientechnologies.orient.core.storage.disk.OLocalPaginatedStorage;ComplexClass
orientdb;com.orientechnologies.orient.core.storage.cluster.v2.OPaginatedClusterV2;ComplexClass
orientdb;com.orientechnologies.orient.core.storage.cluster.v2.OClusterPositionMapV2;ComplexClass
orientdb;com.orientechnologies.orient.core.storage.cluster.OClusterPage;ComplexClass
orientdb;com.orientechnologies.orient.core.storage.cluster.v0.OPaginatedClusterV0;ComplexClass
orientdb;com.orientechnologies.orient.core.storage.cluster.v0.OClusterPositionMapV0;ComplexClass
orientdb;com.orientechnologies.orient.core.storage.cluster.v1.OClusterPositionMapV1;ComplexClass
orientdb;com.orientechnologies.orient.core.storage.cluster.v1.OPaginatedClusterV1;ComplexClass
orientdb;com.orientechnologies.orient.core.storage.index.sbtree.multivalue.v2.CellBTreeMultiValueV2;ComplexClass
orientdb;com.orientechnologies.orient.core.storage.index.sbtree.multivalue.v2.CellBTreeMultiValueV2.OCellBTreeCursorForward;ComplexClass
orientdb;com.orientechnologies.orient.core.storage.index.sbtree.multivalue.v2.CellBTreeMultiValueV2.OCellBTreeCursorBackward;ComplexClass
orientdb;com.orientechnologies.orient.core.storage.index.sbtree.multivalue.v2.CellBTreeMultiValueV2Bucket;ComplexClass
orientdb;com.orientechnologies.orient.core.storage.index.sbtree.singlevalue.v3.CellBTreeSingleValueV3;ComplexClass
orientdb;com.orientechnologies.orient.core.storage.index.sbtree.singlevalue.v3.CellBTreeSingleValueV3.SpliteratorForward;ComplexClass
orientdb;com.orientechnologies.orient.core.storage.index.sbtree.singlevalue.v3.CellBTreeSingleValueV3.SpliteratorBackward;ComplexClass
orientdb;com.orientechnologies.orient.core.storage.index.sbtree.singlevalue.v1.CellBTreeSingleValueV1;ComplexClass
orientdb;com.orientechnologies.orient.core.storage.index.sbtree.singlevalue.v1.CellBTreeSingleValueV1.CellBTreeSpliteratorForward;ComplexClass
orientdb;com.orientechnologies.orient.core.storage.index.sbtree.singlevalue.v1.CellBTreeSingleValueV1.CellBTreeSpliteratorBackward;ComplexClass
orientdb;com.orientechnologies.orient.core.storage.index.sbtree.local.v2.OSBTreeV2;ComplexClass
orientdb;com.orientechnologies.orient.core.storage.index.sbtree.local.v2.OSBTreeV2.SpliteratorForward;ComplexClass
orientdb;com.orientechnologies.orient.core.storage.index.sbtree.local.v2.OSBTreeV2.SpliteratorBackward;ComplexClass
orientdb;com.orientechnologies.orient.core.storage.index.sbtree.local.v1.OSBTreeV1;ComplexClass
orientdb;com.orientechnologies.orient.core.storage.index.sbtree.local.v1.OSBTreeV1.OSBTreeCursorForward;ComplexClass
orientdb;com.orientechnologies.orient.core.storage.index.sbtree.local.v1.OSBTreeV1.OSBTreeCursorBackward;ComplexClass
orientdb;com.orientechnologies.orient.core.storage.index.sbtreebonsai.global.btree.BTree;ComplexClass
orientdb;com.orientechnologies.orient.core.storage.index.sbtreebonsai.global.btree.BTree.SpliteratorForward;ComplexClass
orientdb;com.orientechnologies.orient.core.storage.index.sbtreebonsai.global.btree.BTree.SpliteratorBackward;ComplexClass
orientdb;com.orientechnologies.orient.core.storage.index.sbtreebonsai.local.OSBTreeBonsaiBucket;ComplexClass
orientdb;com.orientechnologies.orient.core.storage.index.sbtreebonsai.local.OSBTreeBonsaiLocal;ComplexClass
orientdb;com.orientechnologies.orient.core.storage.index.hashindex.local.v3.OHashTableDirectory;ComplexClass
orientdb;com.orientechnologies.orient.core.storage.index.hashindex.local.v3.OLocalHashTableV3;ComplexClass
orientdb;com.orientechnologies.orient.core.storage.index.hashindex.local.v2.LocalHashTableV2;ComplexClass
orientdb;com.orientechnologies.orient.core.storage.index.hashindex.local.v2.HashTableDirectory;ComplexClass
orientdb;com.orientechnologies.orient.core.storage.index.engine.OHashTableIndexEngine;ComplexClass
orientdb;com.orientechnologies.orient.core.storage.config.OClusterBasedStorageConfiguration;ComplexClass
orientdb;com.orientechnologies.orient.core.storage.version.OVersionPage;ComplexClass
orientdb;com.orientechnologies.orient.core.schedule.OCronExpression;ComplexClass
orientdb;com.orientechnologies.orient.core.compression.impl.OZIPCompressionUtil;ComplexClass
orientdb;com.orientechnologies.orient.core.command.OSqlScriptExecutor;ComplexClass
orientdb;com.orientechnologies.orient.core.command.script.OCommandExecutorScript;ComplexClass
orientdb;com.orientechnologies.orient.core.command.script.OScriptManager;ComplexClass
orientdb;com.orientechnologies.orient.core.command.script.transformer.OScriptTransformerImpl;ComplexClass
orientdb;com.orientechnologies.orient.core.command.OBasicCommandContext;ComplexClass
orientdb;com.orientechnologies.orient.core.command.traverse.OTraverseRecordProcess;ComplexClass
orientdb;com.orientechnologies.orient.core.command.OCommandRequestTextAbstract;ComplexClass
orientdb;com.orientechnologies.orient.core.command.OCommandExecutorAbstract;ComplexClass
orientdb;com.orientechnologies.orient.core.db.OPartitionedDatabasePool;ComplexClass
orientdb;com.orientechnologies.orient.core.db.document.ODatabaseDocumentTx;ComplexClass
orientdb;com.orientechnologies.orient.core.db.document.ODatabaseDocumentAbstract;ComplexClass
orientdb;com.orientechnologies.orient.core.db.document.ODocumentFieldWalker;ComplexClass
orientdb;com.orientechnologies.orient.core.db.document.ODatabaseDocumentEmbedded;ComplexClass
orientdb;com.orientechnologies.orient.core.db.record.ORecordMultiValueHelper;ComplexClass
orientdb;com.orientechnologies.orient.core.db.record.OClassTrigger;ComplexClass
orientdb;com.orientechnologies.orient.core.db.tool.OBonsaiTreeRepair;ComplexClass
orientdb;com.orientechnologies.orient.core.db.tool.ODatabaseImport;ComplexClass
orientdb;com.orientechnologies.orient.core.db.tool.ODatabaseImpExpAbstract;ComplexClass
orientdb;com.orientechnologies.orient.core.db.tool.ODatabaseExport;ComplexClass
orientdb;com.orientechnologies.orient.core.db.tool.OGraphRepair;ComplexClass
orientdb;com.orientechnologies.orient.core.db.tool.ODatabaseRepair;ComplexClass
orientdb;com.orientechnologies.orient.core.db.tool.ODatabaseCompare;ComplexClass
orientdb;com.orientechnologies.orient.core.db.OrientDBEmbedded;ComplexClass
orientdb;com.orientechnologies.orient.core.engine.OMemoryAndLocalPaginatedEnginesInitializer;ComplexClass
orientdb;com.orientechnologies.orient.core.index.OIndexInternal;ComplexClass
orientdb;com.orientechnologies.orient.core.index.OIndexDefinitionFactory;ComplexClass
orientdb;com.orientechnologies.orient.core.index.ODefaultIndexFactory;ComplexClass
orientdb;com.orientechnologies.orient.core.index.OIndexFullText;ComplexClass
orientdb;com.orientechnologies.orient.core.index.OIndexMultiValues;ComplexClass
orientdb;com.orientechnologies.orient.core.index.OCompositeIndexDefinition;ComplexClass
orientdb;com.orientechnologies.orient.core.index.OClassIndexManager;ComplexClass
orientdb;com.orientechnologies.orient.core.index.OIndexOneValue;ComplexClass
orientdb;com.orientechnologies.orient.core.index.OIndexManagerShared;ComplexClass
orientdb;com.orientechnologies.orient.core.record.impl.OVertexDelegate;ComplexClass
orientdb;com.orientechnologies.orient.core.record.impl.ODocumentComparator;ComplexClass
orientdb;com.orientechnologies.orient.core.record.impl.OEdgeDelegate;ComplexClass
orientdb;com.orientechnologies.orient.core.record.impl.OVertexDocument;ComplexClass
orientdb;com.orientechnologies.orient.core.record.impl.OEdgeIterator;ComplexClass
orientdb;com.orientechnologies.orient.core.record.impl.ODocument;ComplexClass
orientdb;com.orientechnologies.orient.core.record.impl.ODocumentHelper;ComplexClass
orientdb;com.orientechnologies.orient.core.tx.OTransactionIndexChangesPerKey;ComplexClass
orientdb;com.orientechnologies.orient.core.tx.OTransactionOptimistic;ComplexClass
orientdb;com.orientechnologies.orient.core.tx.OTransactionRealAbstract;ComplexClass
orientdb;com.orientechnologies.orient.core.config.OStorageConfigurationImpl;ComplexClass
orientdb;com.orientechnologies.orient.core.fetch.OFetchPlan;ComplexClass
orientdb;com.orientechnologies.orient.core.fetch.OFetchHelper;ComplexClass
orientdb;com.orientechnologies.orient.core.fetch.json.OJSONFetchContext;ComplexClass
orientdb;com.orientechnologies.orient.core.serialization.serializer.stream.OStreamSerializerAnyStreamable;ComplexClass
orientdb;com.orientechnologies.orient.core.serialization.serializer.result.binary.OResultSerializerNetwork;ComplexClass
orientdb;com.orientechnologies.orient.core.serialization.serializer.binary.impl.index.CompositeKeySerializer;ComplexClass
orientdb;com.orientechnologies.orient.core.serialization.serializer.OJSONWriter;ComplexClass
orientdb;com.orientechnologies.orient.core.serialization.serializer.OStringSerializerHelper;ComplexClass
orientdb;com.orientechnologies.orient.core.serialization.serializer.OJSONReader;ComplexClass
orientdb;com.orientechnologies.orient.core.serialization.serializer.record.binary.ORecordSerializerNetworkV0;ComplexClass
orientdb;com.orientechnologies.orient.core.serialization.serializer.record.binary.ORecordSerializerBinaryV1;ComplexClass
orientdb;com.orientechnologies.orient.core.serialization.serializer.record.binary.ORecordSerializerNetworkV37;ComplexClass
orientdb;com.orientechnologies.orient.core.serialization.serializer.record.binary.OBinaryComparatorV0;ComplexClass
orientdb;com.orientechnologies.orient.core.serialization.serializer.record.binary.ODocumentSerializerDelta;ComplexClass
orientdb;com.orientechnologies.orient.core.serialization.serializer.record.binary.ORecordSerializerBinaryV0;ComplexClass
orientdb;com.orientechnologies.orient.core.serialization.serializer.record.string.ORecordSerializerCSVAbstract;ComplexClass
orientdb;com.orientechnologies.orient.core.serialization.serializer.record.string.ORecordSerializerSchemaAware2CSV;ComplexClass
orientdb;com.orientechnologies.orient.core.serialization.serializer.record.string.ORecordSerializerStringAbstract;ComplexClass
orientdb;com.orientechnologies.orient.core.serialization.serializer.record.string.ORecordSerializerJSON;ComplexClass
orientdb;com.orientechnologies.orient.core.serialization.serializer.record.string.ORecordSerializerJSON.FormatSettings;ComplexClass
orientdb;com.orientechnologies.orient.core.serialization.OStreamableHelper;ComplexClass
orientdb;com.orientechnologies.common.hash.OMurmurHash3;ComplexClass
orientdb;com.orientechnologies.common.stream.Streams.SortedStreamSpliterator;ComplexClass
orientdb;com.orientechnologies.common.concur.resource.OPartitionedObjectPool;ComplexClass
orientdb;com.orientechnologies.common.concur.resource.OResourcePool;ComplexClass
orientdb;com.orientechnologies.common.concur.lock.OReadersWriterSpinLock;ComplexClass
orientdb;com.orientechnologies.common.concur.lock.OOneEntryPerKeyLockManager;ComplexClass
orientdb;com.orientechnologies.common.concur.lock.OComparableLockManager;ComplexClass
orientdb;com.orientechnologies.common.profiler.OAbstractProfiler;ComplexClass
orientdb;com.orientechnologies.common.console.OConsoleApplication;ComplexClass
orientdb;com.orientechnologies.common.console.OConsoleCommandStream;ComplexClass
orientdb;com.orientechnologies.common.console.TTYConsoleReader;ComplexClass
orientdb;com.orientechnologies.common.log.OLogManager;ComplexClass
orientdb;com.orientechnologies.common.log.OAnsiLogFormatter;ComplexClass
orientdb;com.orientechnologies.common.collection.OMultiValue;ComplexClass
orientdb;com.orientechnologies.common.collection.OMultiCollectionIterator;ComplexClass
orientdb;com.orientechnologies.common.collection.OSortedMultiIterator;ComplexClass
orientdb;com.orientechnologies.common.parser.OBaseParser;ComplexClass
orientdb;com.orientechnologies.common.parser.OStringParser;ComplexClass
orientdb;com.orientechnologies.common.jnr.ONative;ComplexClass
orientdb;com.orientechnologies.common.io.OIOUtils;ComplexClass
orientdb;com.orientechnologies.common.io.OFileUtils;ComplexClass
orientdb;com.orientechnologies.orient.server.OServer;ComplexClass
orientdb;com.orientechnologies.orient.server.security.OSelfSignedCertificate;ComplexClass
orientdb;com.orientechnologies.orient.server.network.OServerSSLSocketFactory;ComplexClass
orientdb;com.orientechnologies.orient.server.network.protocol.binary.ONetworkProtocolBinary;ComplexClass
orientdb;com.orientechnologies.orient.server.network.protocol.binary.ONetworkBinaryProtocolFactory;ComplexClass
orientdb;com.orientechnologies.orient.server.network.protocol.http.OHttpGraphResponse;ComplexClass
orientdb;com.orientechnologies.orient.server.network.protocol.http.multipart.OHttpMultipartRequestCommand;ComplexClass
orientdb;com.orientechnologies.orient.server.network.protocol.http.command.get.OServerCommandGetStaticContent;ComplexClass
orientdb;com.orientechnologies.orient.server.network.protocol.http.command.get.OServerCommandGetFileDownload;ComplexClass
orientdb;com.orientechnologies.orient.server.network.protocol.http.command.get.OServerCommandGetGephi;ComplexClass
orientdb;com.orientechnologies.orient.server.network.protocol.http.command.get.OServerCommandGetDatabase;ComplexClass
orientdb;com.orientechnologies.orient.server.network.protocol.http.command.put.OServerCommandPutDocument;ComplexClass
orientdb;com.orientechnologies.orient.server.network.protocol.http.command.put.OServerCommandPutIndex;ComplexClass
orientdb;com.orientechnologies.orient.server.network.protocol.http.command.delete.OServerCommandDeleteDocument;ComplexClass
orientdb;com.orientechnologies.orient.server.network.protocol.http.command.post.OServerCommandPostImportRecords;ComplexClass
orientdb;com.orientechnologies.orient.server.network.protocol.http.command.post.OServerCommandPostProperty;ComplexClass
orientdb;com.orientechnologies.orient.server.network.protocol.http.command.post.OServerCommandPostBatch;ComplexClass
orientdb;com.orientechnologies.orient.server.network.protocol.http.command.post.OServerCommandPostImportDatabase;ComplexClass
orientdb;com.orientechnologies.orient.server.network.protocol.http.command.post.OServerCommandPostAuthToken;ComplexClass
orientdb;com.orientechnologies.orient.server.network.protocol.http.command.post.OServerCommandPostStudio;ComplexClass
orientdb;com.orientechnologies.orient.server.network.protocol.http.command.post.OServerCommandPostDatabase;ComplexClass
orientdb;com.orientechnologies.orient.server.network.protocol.http.command.post.OServerCommandPostCommand;ComplexClass
orientdb;com.orientechnologies.orient.server.network.protocol.http.command.post.OServerCommandPostServerCommand;ComplexClass
orientdb;com.orientechnologies.orient.server.network.protocol.http.command.OServerCommandDocumentAbstract;ComplexClass
orientdb;com.orientechnologies.orient.server.network.protocol.http.command.OServerCommandAuthenticatedDbAbstract;ComplexClass
orientdb;com.orientechnologies.orient.server.network.protocol.http.command.all.OServerCommandAbstractLogic;ComplexClass
orientdb;com.orientechnologies.orient.server.network.protocol.http.ONetworkProtocolHttpAbstract;ComplexClass
orientdb;com.orientechnologies.orient.server.network.protocol.http.OHttpResponseImpl;ComplexClass
orientdb;com.orientechnologies.orient.server.network.protocol.http.OHttpResponse;ComplexClass
orientdb;com.orientechnologies.orient.server.OClientConnection;ComplexClass
orientdb;com.orientechnologies.orient.server.OClientConnectionManager;ComplexClass
orientdb;com.orientechnologies.orient.server.handler.OAutomaticBackup;ComplexClass
orientdb;com.orientechnologies.orient.server.plugin.OServerPluginManager;ComplexClass
orientdb;com.orientechnologies.orient.server.tx.OTransactionOptimisticProxy;ComplexClass
orientdb;com.orientechnologies.orient.server.tx.OTransactionOptimisticServer;ComplexClass
orientdb;com.orientechnologies.orient.server.OConnectionBinaryExecutor;ComplexClass
orientdb;com.orientechnologies.orient.server.distributed.ODistributedResponseManagerImpl;ComplexClass
orientdb;com.orientechnologies.orient.server.distributed.ODistributedConfiguration;ComplexClass
orientdb;com.cloudbees.syslog.sender.TcpSyslogMessageSender;ComplexClass
orientdb;com.orientechnologies.security.auditing.OAuditingHook;ComplexClass
orientdb;com.orientechnologies.security.auditing.OAuditingHook.OAuditingClassConfig;ComplexClass
orientdb;com.orientechnologies.security.auditing.OSystemDBImporter;ComplexClass
orientdb;com.orientechnologies.security.kerberos.OKerberosAuthenticator;ComplexClass
orientdb;com.orientechnologies.security.ldap.OLDAPLibrary;ComplexClass
orientdb;com.orientechnologies.security.ldap.OLDAPImporter;ComplexClass
orientdb;com.orientechnologies.security.syslog.ODefaultSyslog;ComplexClass
orientdb;com.orientechnologies.orient.server.config.OServerConfigurationLoaderXml;ComplexClass
orientdb;com.orientechnologies.orient.stresstest.OStressTesterCommandLineParser;ComplexClass
orientdb;com.orientechnologies.orient.stresstest.workload.OCRUDWorkload;ComplexClass
orientdb;com.orientechnologies.orient.stresstest.workload.OBaseWorkload;ComplexClass
orientdb;com.orientechnologies.orient.console.OConsoleDatabaseApp;ComplexClass
orientdb;com.orientechnologies.orient.console.OTableFormatter;ComplexClass
orientdb;com.orientechnologies.orient.etl.loader.OETLOrientDBLoader;ComplexClass
orientdb;com.orientechnologies.orient.etl.OETLProcessorConfigurator;ComplexClass
orientdb;com.orientechnologies.orient.etl.extractor.OETLXmlExtractor;ComplexClass
orientdb;com.orientechnologies.orient.etl.extractor.OETLCSVExtractor;ComplexClass
orientdb;com.orientechnologies.orient.etl.extractor.OETLJDBCExtractor;ComplexClass
orientdb;com.orientechnologies.orient.etl.OETLProcessor;ComplexClass
orientdb;com.orientechnologies.orient.etl.http.OServerCommandETL;ComplexClass
orientdb;com.orientechnologies.orient.etl.transformer.OETLCommandTransformer;ComplexClass
orientdb;com.orientechnologies.orient.etl.transformer.OETLLinkTransformer;ComplexClass
orientdb;com.orientechnologies.orient.etl.transformer.OETLEdgeTransformer;ComplexClass
orientdb;com.orientechnologies.orient.etl.transformer.OETLAbstractLookupTransformer;ComplexClass
orientdb;com.orientechnologies.orient.etl.transformer.OETLFieldTransformer;ComplexClass
orientdb;com.orientechnologies.orient.etl.transformer.OETLMergeTransformer;ComplexClass
orientdb;com.orientechnologies.orient.etl.source.OETLContentSource;ComplexClass
orientdb;com.orientechnologies.orient.etl.source.OETLFileSource;ComplexClass
orientdb;com.orientechnologies.orient.jdbc.OrientJdbcResultSet;ComplexClass
orientdb;com.orientechnologies.orient.jdbc.OrientJdbcResultSetMetaData;ComplexClass
orientdb;com.orientechnologies.spatial.functions.OSpatialFunctionAbstractIndexable;ComplexClass
orientdb;com.orientechnologies.spatial.shape.OShapeFactory;ComplexClass
orientdb;com.orientechnologies.lucene.functions.OLuceneSearchMoreLikeThisFunction;ComplexClass
orientdb;com.orientechnologies.lucene.operator.OLuceneOperatorUtil;ComplexClass
orientdb;com.orientechnologies.lucene.parser.OLuceneMultiFieldQueryParser;ComplexClass
orientdb;com.orientechnologies.orient.server.distributed.AbstractServerClusterTxTest.TxWriter;ComplexClass
orientdb;com.orientechnologies.orient.server.distributed.SimulateOperationsAgainstServer;ComplexClass
orientdb;com.orientechnologies.orient.server.distributed.scenariotest.BasicShardingNoReplicaScenarioIT;ComplexClass
orientdb;com.orientechnologies.orient.server.distributed.scenariotest.AbstractScenarioTest;ComplexClass
orientdb;com.orientechnologies.orient.server.distributed.scenariotest.ConcurrentDistributedUpdateIT;ComplexClass
orientdb;com.orientechnologies.orient.server.distributed.scenariotest.AbstractShardingScenarioTest;ComplexClass
orientdb;com.orientechnologies.orient.server.distributed.scenariotest.AbstractShardingScenarioTest.ShardWriter;ComplexClass
orientdb;com.orientechnologies.orient.server.distributed.scenariotest.MultipleDBAlignmentOnNodesJoiningIT;ComplexClass
orientdb;com.orientechnologies.orient.server.distributed.scenariotest.WWConflictAndNodeInDeadlockScenarioIT;ComplexClass
orientdb;com.orientechnologies.orient.server.distributed.ShardingIT;ComplexClass
orientdb;com.orientechnologies.orient.server.distributed.ServerClusterSchemaIT;ComplexClass
orientdb;com.orientechnologies.orient.server.distributed.DistributedDatabaseCRUDIT;ComplexClass
orientdb;com.orientechnologies.orient.server.distributed.asynch.AsyncReplModeIT;ComplexClass
orientdb;com.orientechnologies.orient.server.distributed.DistributedConfigReloadIT;ComplexClass
orientdb;com.orientechnologies.orient.server.distributed.HALocalGraphIT;ComplexClass
orientdb;com.orientechnologies.orient.server.distributed.AbstractServerClusterInsertTest;ComplexClass
orientdb;com.orientechnologies.orient.server.distributed.AbstractServerClusterInsertTest.BaseWriter;ComplexClass
orientdb;com.orientechnologies.orient.server.distributed.AbstractServerClusterGraphTest.TxWriter;ComplexClass
orientdb;com.orientechnologies.orient.server.distributed.StandAloneDatabaseJavaThreadPoolTest;ComplexClass
orientdb;com.orientechnologies.orient.server.distributed.AbstractServerClusterTest;ComplexClass
orientdb;com.orientechnologies.orient.distributed.network.OUDPUnicastNodeManagerIT;ComplexClass
orientdb;com.orientechnologies.orient.distributed.network.OUDPMulticastNodeManagerIT;ComplexClass
orientdb;com.orientechnologies.orient.distributed.network.ONodeManager;ComplexClass
orientdb;com.orientechnologies.orient.distributed.network.binary.OBinaryDistributedMessage;ComplexClass
orientdb;com.orientechnologies.orient.distributed.impl.metadata.OSchemaDistributed;ComplexClass
orientdb;com.orientechnologies.orient.distributed.impl.metadata.OClassDistributed;ComplexClass
orientdb;com.orientechnologies.orient.distributed.impl.ODatabaseDocumentDistributed;ComplexClass
orientdb;com.orientechnologies.orient.distributed.impl.OTransactionOptimisticDistributed;ComplexClass
orientdb;com.orientechnologies.orient.distributed.impl.coordinator.transaction.OTransactionFirstPhaseResponseHandler;ComplexClass
orientdb;com.orientechnologies.orient.distributed.impl.coordinator.transaction.OSequenceActionNodeRequest;ComplexClass
orientdb;com.orientechnologies.orient.distributed.impl.coordinator.transaction.OTransactionSubmit;ComplexClass
orientdb;com.tinkerpop.blueprints.impls.orient.OrientGraphDefaultRemoteTestIT;ComplexClass
orientdb;com.tinkerpop.blueprints.impls.orient.OrientGraphCustomEdgesNoLightweightRemoteTest;ComplexClass
orientdb;com.tinkerpop.blueprints.impls.orient.OrientGraphCustomEdgesRemoteTest;ComplexClass
orientdb;com.tinkerpop.blueprints.impls.orient.OrientGraphCustomEdgesTestIT;ComplexClass
orientdb;com.tinkerpop.blueprints.impls.orient.OrientGraphDefault;ComplexClass
orientdb;com.tinkerpop.blueprints.impls.orient.OrientGraphCustomEdgesNoLightweightTestIT;ComplexClass
orientdb;com.orientechnologies.orient.graph.batch.OGraphImporterMTAPITest;ComplexClass
orientdb;com.orientechnologies.orient.graph.blueprints.BlueprintsConcurrentGraphChangesNoTxTest.ConcurrentGraphCreator;ComplexClass
orientdb;com.tinkerpop.blueprints.impls.orient.OrientBaseGraph;ComplexClass
orientdb;com.tinkerpop.blueprints.impls.orient.OrientElement;ComplexClass
orientdb;com.tinkerpop.blueprints.impls.orient.OBonsaiTreeRepair;ComplexClass
orientdb;com.tinkerpop.blueprints.impls.orient.OrientVertex;ComplexClass
orientdb;com.tinkerpop.blueprints.impls.orient.OrientEdgeIterator;ComplexClass
orientdb;com.tinkerpop.blueprints.impls.orient.OrientGraph;ComplexClass
orientdb;com.tinkerpop.blueprints.impls.orient.OrientEdge;ComplexClass
orientdb;com.tinkerpop.blueprints.impls.orient.OrientGraphNoTx;ComplexClass
orientdb;com.tinkerpop.blueprints.impls.orient.OrientGraphQuery;ComplexClass
orientdb;com.tinkerpop.blueprints.impls.orient.OrientVertexIterator;ComplexClass
orientdb;com.tinkerpop.blueprints.impls.orient.OGraphRepair;ComplexClass
orientdb;com.tinkerpop.blueprints.impls.orient.OrientConfigurableGraph;ComplexClass
orientdb;com.tinkerpop.blueprints.impls.orient.OrientConfigurableGraph.Settings;ComplexClass
orientdb;com.orientechnologies.orient.graph.batch.OGraphBatchInsert;ComplexClass
orientdb;com.orientechnologies.orient.graph.batch.OGraphBatchInsert.BatchImporterJob;ComplexClass
orientdb;com.orientechnologies.orient.graph.sql.functions.OSQLFunctionAstar;ComplexClass
orientdb;com.orientechnologies.orient.graph.sql.functions.OSQLFunctionShortestPath;ComplexClass
orientdb;com.orientechnologies.orient.graph.server.command.OServerCommandGetGephi;ComplexClass
orientdb;com.orientechnologies.orient.graph.stresstest.OGraphInsertWorkload;ComplexClass
orientdb;com.orientechnologies.orient.graph.gremlin.OGremlinHelper;ComplexClass
orientdb;com.orientechnologies.orient.graph.console.OGremlinConsole;ComplexClass
orientdb;com.orientechnologies.orient.graph.graphml.OGraphSONUtility;ComplexClass
orientdb;com.orientechnologies.orient.graph.graphml.OGraphMLReader;ComplexClass
orientdb;com.orientechnologies.orient.graph.graphml.OGraphSONReader;ComplexClass
orientdb;com.orientechnologies.orient.core.metadata.schema.OSchemaRemote;ComplexClass
orientdb;com.orientechnologies.orient.core.db.document.OTransactionOptimisticClient;ComplexClass
orientdb;com.orientechnologies.orient.core.db.document.ODatabaseDocumentRemote;ComplexClass
orientdb;com.orientechnologies.orient.client.remote.OStorageRemotePushThread;ComplexClass
orientdb;com.orientechnologies.orient.client.remote.OStorageRemote;ComplexClass
orientdb;com.orientechnologies.orient.client.remote.message.OCommandResponse;ComplexClass
orientdb;com.orientechnologies.orient.client.binary.OChannelBinaryAsynchClient;ComplexClass
orientdb;com.orientechnologies.orient.client.binary.OChannelBinaryClientAbstract;ComplexClass
orientdb;...projects.orientdb.distributed.src.test.com.orientechnologies.orient.server.distributed.AbstractServerClusterTxTest;ComplexClass
orientdb;...projects.orientdb.distributed.src.test.com.orientechnologies.orient.server.distributed.SimulateOperationsAgainstServer;ComplexClass
orientdb;com.orientechnologies.orient.server.distributed.SplitBraiNetworkTestTempIT;ComplexClass
orientdb;...projects.orientdb.distributed.src.test.com.orientechnologies.orient.server.distributed.scenariotest.BasicShardingNoReplicaScenarioIT;ComplexClass
orientdb;...projects.orientdb.distributed.src.test.com.orientechnologies.orient.server.distributed.scenariotest.AbstractScenarioTest;ComplexClass
orientdb;...projects.orientdb.distributed.src.test.com.orientechnologies.orient.server.distributed.scenariotest.ConcurrentDistributedUpdateIT;ComplexClass
orientdb;...projects.orientdb.distributed.src.test.com.orientechnologies.orient.server.distributed.scenariotest.AbstractShardingScenarioTest;ComplexClass
orientdb;...projects.orientdb.distributed.src.test.com.orientechnologies.orient.server.distributed.scenariotest.AbstractShardingScenarioTest;ComplexClass
orientdb;...projects.orientdb.distributed.src.test.com.orientechnologies.orient.server.distributed.scenariotest.MultipleDBAlignmentOnNodesJoiningIT;ComplexClass
orientdb;...projects.orientdb.distributed.src.test.com.orientechnologies.orient.server.distributed.scenariotest.WWConflictAndNodeInDeadlockScenarioIT;ComplexClass
orientdb;...projects.orientdb.distributed.src.test.com.orientechnologies.orient.server.distributed.ShardingIT;ComplexClass
orientdb;...projects.orientdb.distributed.src.test.com.orientechnologies.orient.server.distributed.ServerClusterSchemaIT;ComplexClass
orientdb;...projects.orientdb.distributed.src.test.com.orientechnologies.orient.server.distributed.DistributedDatabaseCRUDIT;ComplexClass
orientdb;...projects.orientdb.distributed.src.test.com.orientechnologies.orient.server.distributed.asynch.AsyncReplModeIT;ComplexClass
orientdb;...projects.orientdb.distributed.src.test.com.orientechnologies.orient.server.distributed.DistributedConfigReloadIT;ComplexClass
orientdb;...projects.orientdb.distributed.src.test.com.orientechnologies.orient.server.distributed.HALocalGraphIT;ComplexClass
orientdb;...projects.orientdb.distributed.src.test.com.orientechnologies.orient.server.distributed.AbstractServerClusterInsertTest;ComplexClass
orientdb;...projects.orientdb.distributed.src.test.com.orientechnologies.orient.server.distributed.AbstractServerClusterInsertTest;ComplexClass
orientdb;...projects.orientdb.distributed.src.test.com.orientechnologies.orient.server.distributed.AbstractServerClusterGraphTest;ComplexClass
orientdb;...projects.orientdb.distributed.src.test.com.orientechnologies.orient.server.distributed.StandAloneDatabaseJavaThreadPoolTest;ComplexClass
orientdb;...projects.orientdb.distributed.src.test.com.orientechnologies.orient.server.distributed.AbstractServerClusterTest;ComplexClass
orientdb;com.orientechnologies.orient.setup.K8sServerConfig;ComplexClass
orientdb;com.orientechnologies.orient.server.hazelcast.OHazelcastClusterMetadataManager;ComplexClass
orientdb;com.orientechnologies.orient.server.distributed.sql.OCommandExecutorSQLHASyncCluster;ComplexClass
orientdb;com.orientechnologies.orient.server.distributed.sql.OCommandExecutorSQLHAStatus;ComplexClass
orientdb;com.orientechnologies.orient.server.distributed.impl.metadata.OSchemaDistributed;ComplexClass
orientdb;com.orientechnologies.orient.server.distributed.impl.metadata.OClassDistributed;ComplexClass
orientdb;com.orientechnologies.orient.server.distributed.impl.proxy.OProxyChannel;ComplexClass
orientdb;com.orientechnologies.orient.server.distributed.impl.proxy.OProxyServer;ComplexClass
orientdb;com.orientechnologies.orient.server.distributed.impl.OSyncReceiver;ComplexClass
orientdb;com.orientechnologies.orient.server.distributed.impl.ODatabaseDocumentDistributed;ComplexClass
orientdb;com.orientechnologies.orient.server.distributed.impl.ODistributedTxCoordinator;ComplexClass
orientdb;com.orientechnologies.orient.server.distributed.impl.ODistributedDatabaseImpl;ComplexClass
orientdb;com.orientechnologies.orient.server.distributed.impl.ODistributedPlugin;ComplexClass
orientdb;com.orientechnologies.orient.server.distributed.impl.ODistributedOutput;ComplexClass
orientdb;com.orientechnologies.orient.server.distributed.impl.OClusterHealthChecker;ComplexClass
orientdb;com.orientechnologies.orient.server.distributed.impl.task.OTransactionPhase1TaskResult;ComplexClass
orientdb;com.orientechnologies.orient.server.distributed.impl.task.OTransactionPhase1Task;ComplexClass
orientdb;com.orientechnologies.orient.server.distributed.impl.task.OTransactionPhase2Task;ComplexClass
orientdb;com.orientechnologies.orient.server.distributed.impl.task.OSyncClusterTask;ComplexClass
orientdb;com.orientechnologies.orient.server.distributed.impl.task.ODefaultRemoteTaskFactoryV3;ComplexClass
orientdb;com.orientechnologies.orient.server.distributed.impl.task.OBackgroundBackup;ComplexClass
orientdb;com.orientechnologies.orient.server.distributed.impl.task.OSyncDatabaseTask;ComplexClass
orientdb;com.orientechnologies.orient.server.distributed.impl.task.transaction.OTransactionUniqueKey;ComplexClass
orientdb;com.orientechnologies.orient.server.distributed.impl.task.transaction.OTransactionSequenceManager;ComplexClass
orientdb;com.orientechnologies.orient.server.distributed.impl.ODefaultClusterOwnershipAssignmentStrategy;ComplexClass
orientdb;com.orientechnologies.orient.object.metadata.schema.OSchemaProxyObject;ComplexClass
orientdb;com.orientechnologies.orient.object.enhancement.OObjectEntitySerializer;ComplexClass
orientdb;com.orientechnologies.orient.object.enhancement.OObjectEntityEnhancer;ComplexClass
orientdb;com.orientechnologies.orient.object.enhancement.OObjectProxyMethodHandler;ComplexClass
orientdb;com.orientechnologies.orient.object.db.OObjectDatabaseTx;ComplexClass
orientdb;com.orientechnologies.orient.object.db.OObjectLazyList;ComplexClass
orientdb;com.orientechnologies.orient.object.jpa.parsing.JPAHandler;ComplexClass
orientdb;com.orientechnologies.orient.object.serialization.OObjectSerializerHelper;ComplexClass
orientdb;com.orientechnologies.common.reflection.OReflectionHelper;ComplexClass
