jedit;org.gjt.sp.jedit.pluginmgr.MirrorList;ClassDataShouldBePrivate
jedit;org.gjt.sp.jedit.pluginmgr.MirrorList.Mirror;ClassDataShouldBePrivate
jedit;org.gjt.sp.jedit.PluginJAR;ClassDataShouldBePrivate
jedit;org.gjt.sp.jedit.PluginJAR.PluginCacheEntry;ClassDataShouldBePrivate
jedit;org.gjt.sp.jedit.textarea.StructureMatcher;ClassDataShouldBePrivate
jedit;org.gjt.sp.jedit.textarea.StructureMatcher.Match;ClassDataShouldBePrivate
jedit;org.gjt.sp.jedit.BufferHistory;ClassDataShouldBePrivate
jedit;org.gjt.sp.jedit.BufferHistory.Entry;ClassDataShouldBePrivate
jedit;org.gjt.sp.jedit.BufferHistory.RecentHandler;ClassDataShouldBePrivate
jedit;org.gjt.sp.jedit.buffer.JEditBuffer;ClassDataShouldBePrivate
jedit;org.gjt.sp.jedit.syntax.TokenMarker;ClassDataShouldBePrivate
jedit;org.gjt.sp.jedit.syntax.TokenMarker.LineContext;ClassDataShouldBePrivate
jedit;org.gjt.sp.jedit.syntax.Chunk;ClassDataShouldBePrivate
jedit;org.gjt.sp.jedit.syntax.Chunk.GlyphKey;ClassDataShouldBePrivate
jedit;org.gjt.sp.jedit.syntax.ParserRule;ClassDataShouldBePrivate
jedit;org.gjt.sp.jedit.syntax.XModeHandler;ClassDataShouldBePrivate
jedit;org.gjt.sp.jedit.syntax.XModeHandler.TagDecl;ClassDataShouldBePrivate
jedit;org.gjt.sp.jedit.syntax.Token;ClassDataShouldBePrivate
jedit;org.gjt.sp.jedit.syntax.KeywordMap;ClassDataShouldBePrivate
jedit;org.gjt.sp.jedit.syntax.KeywordMap.Keyword;ClassDataShouldBePrivate
jedit;org.gjt.sp.jedit.search.SearchMatcher;ClassDataShouldBePrivate
jedit;org.gjt.sp.jedit.search.SearchMatcher.Match;ClassDataShouldBePrivate
jedit;org.gjt.sp.jedit.search.HyperSearchFileNode;ClassDataShouldBePrivate
jedit;org.gjt.sp.jedit.search.HyperSearchResult;ClassDataShouldBePrivate
jedit;org.gjt.sp.jedit.search.HyperSearchResult.Occur;ClassDataShouldBePrivate
jedit;org.gjt.sp.jedit.EditPane;ClassDataShouldBePrivate
jedit;org.gjt.sp.jedit.EditPane.CaretInfo;ClassDataShouldBePrivate
jedit;org.gjt.sp.jedit.indent.RegexpIndentRule;ClassDataShouldBePrivate
jedit;org.gjt.sp.jedit.indent.RegexpIndentRule.TokenFilter;ClassDataShouldBePrivate
jedit;org.gjt.sp.jedit.indent.BracketIndentRule;ClassDataShouldBePrivate
jedit;org.gjt.sp.jedit.indent.BracketIndentRule.LineScanner;ClassDataShouldBePrivate
jedit;org.gjt.sp.jedit.View;ClassDataShouldBePrivate
jedit;org.gjt.sp.jedit.View.ViewConfig;ClassDataShouldBePrivate
jedit;org.gjt.sp.jedit.JEditKillRing;ClassDataShouldBePrivate
jedit;org.gjt.sp.jedit.JEditKillRing.KillRingHandler;ClassDataShouldBePrivate
jedit;org.gjt.sp.jedit.bsh.BSHUnaryExpression;ClassDataShouldBePrivate
jedit;org.gjt.sp.jedit.bsh.BSHAmbiguousName;ClassDataShouldBePrivate
jedit;org.gjt.sp.jedit.bsh.BSHImportDeclaration;ClassDataShouldBePrivate
jedit;org.gjt.sp.jedit.bsh.BSHWhileStatement;ClassDataShouldBePrivate
jedit;org.gjt.sp.jedit.bsh.BSHMethodDeclaration;ClassDataShouldBePrivate
jedit;org.gjt.sp.jedit.bsh.Name;ClassDataShouldBePrivate
jedit;org.gjt.sp.jedit.bsh.BSHReturnStatement;ClassDataShouldBePrivate
jedit;org.gjt.sp.jedit.bsh.ReturnControl;ClassDataShouldBePrivate
jedit;org.gjt.sp.jedit.bsh.ClassGeneratorUtil;ClassDataShouldBePrivate
jedit;org.gjt.sp.jedit.bsh.ClassGeneratorUtil.ConstructorArgs;ClassDataShouldBePrivate
jedit;org.gjt.sp.jedit.bsh.UtilTargetError;ClassDataShouldBePrivate
jedit;org.gjt.sp.jedit.bsh.ParserTreeConstants;ClassDataShouldBePrivate
jedit;org.gjt.sp.jedit.bsh.ParseException;ClassDataShouldBePrivate
jedit;org.gjt.sp.jedit.bsh.ParserTokenManager;ClassDataShouldBePrivate
jedit;org.gjt.sp.jedit.bsh.BSHFormalParameter;ClassDataShouldBePrivate
jedit;org.gjt.sp.jedit.bsh.BSHForStatement;ClassDataShouldBePrivate
jedit;org.gjt.sp.jedit.bsh.BSHLiteral;ClassDataShouldBePrivate
jedit;org.gjt.sp.jedit.bsh.BSHPrimarySuffix;ClassDataShouldBePrivate
jedit;org.gjt.sp.jedit.bsh.JavaCharStream;ClassDataShouldBePrivate
jedit;org.gjt.sp.jedit.bsh.BSHAssignment;ClassDataShouldBePrivate
jedit;org.gjt.sp.jedit.bsh.BSHReturnType;ClassDataShouldBePrivate
jedit;org.gjt.sp.jedit.bsh.BSHBinaryExpression;ClassDataShouldBePrivate
jedit;org.gjt.sp.jedit.bsh.BSHArrayDimensions;ClassDataShouldBePrivate
jedit;org.gjt.sp.jedit.bsh.Parser;ClassDataShouldBePrivate
jedit;org.gjt.sp.jedit.bsh.BSHBlock;ClassDataShouldBePrivate
jedit;org.gjt.sp.jedit.bsh.BSHTypedVariableDeclaration;ClassDataShouldBePrivate
jedit;org.gjt.sp.jedit.bsh.BSHFormalComment;ClassDataShouldBePrivate
jedit;org.gjt.sp.jedit.bsh.BSHPrimitiveType;ClassDataShouldBePrivate
jedit;org.gjt.sp.jedit.bsh.Token;ClassDataShouldBePrivate
jedit;org.gjt.sp.jedit.bsh.BSHVariableDeclarator;ClassDataShouldBePrivate
jedit;org.gjt.sp.jedit.gui.KeyEventTranslator;ClassDataShouldBePrivate
jedit;org.gjt.sp.jedit.gui.KeyEventTranslator.Key;ClassDataShouldBePrivate
jedit;org.gjt.sp.jedit.gui.DockableWindowManagerImpl;ClassDataShouldBePrivate
jedit;org.gjt.sp.jedit.gui.DockableWindowManagerImpl.DockableWindowConfig;ClassDataShouldBePrivate
jedit;org.gjt.sp.jedit.gui.GrabKeyDialog;ClassDataShouldBePrivate
jedit;org.gjt.sp.jedit.gui.GrabKeyDialog.KeyBinding;ClassDataShouldBePrivate
jedit;net.sourceforge.jarbundler.DocumentType;ClassDataShouldBePrivate
jedit;installer.TarHeader;ClassDataShouldBePrivate
