jedit;org.gjt.sp.util.TaskManager.TaskVisitor;LazyClass
jedit;org.gjt.sp.util.StandardUtilities.StringCompare;LazyClass
jedit;org.gjt.sp.util.ThreadAbortMonitor;LazyClass
jedit;org.gjt.sp.util.TaskListener;LazyClass
jedit;org.gjt.sp.util.ProgressObserver;LazyClass
jedit;org.gjt.sp.jedit.pluginmgr.Roster.Operation;LazyClass
jedit;org.gjt.sp.jedit.pluginmgr.PluginList.PluginSet;LazyClass
jedit;org.gjt.sp.jedit.pluginmgr.PluginManager.ListUpdater;LazyClass
jedit;org.gjt.sp.jedit.pluginmgr.ManagePanel.TableSelectionListener;LazyClass
jedit;org.gjt.sp.jedit.pluginmgr.MirrorList.Mirror;LazyClass
jedit;org.gjt.sp.jedit.pluginmgr.PluginManagerProgress.ActionHandler;LazyClass
jedit;org.gjt.sp.jedit.pluginmgr.PluginManagerProgress.RosterThread;LazyClass
jedit;org.gjt.sp.jedit.pluginmgr.InstallPanel.StringMapHandler;LazyClass
jedit;org.gjt.sp.jedit.pluginmgr.InstallPanel.HeaderMouseHandler;LazyClass
jedit;org.gjt.sp.jedit.visitors.JEditVisitorAdapter;LazyClass
jedit;org.gjt.sp.jedit.visitors.JEditVisitor;LazyClass
jedit;org.gjt.sp.jedit.visitors.SaveCaretInfoVisitor;LazyClass
jedit;org.gjt.sp.jedit.PluginJAR.PluginDepends;LazyClass
jedit;org.gjt.sp.jedit.textarea.FoldPainter;LazyClass
jedit;org.gjt.sp.jedit.textarea.ExtensionManager.Entry;LazyClass
jedit;org.gjt.sp.jedit.textarea.SquareFoldPainter;LazyClass
jedit;org.gjt.sp.jedit.textarea.CircleFoldPainter;LazyClass
jedit;org.gjt.sp.jedit.textarea.StatusListener;LazyClass
jedit;org.gjt.sp.jedit.textarea.TextArea.RectParams;LazyClass
jedit;org.gjt.sp.jedit.textarea.TextArea.CaretBlinker;LazyClass
jedit;org.gjt.sp.jedit.textarea.TextArea.AdjustHandler;LazyClass
jedit;org.gjt.sp.jedit.textarea.ScrollListener;LazyClass
jedit;org.gjt.sp.jedit.textarea.JEditEmbeddedTextArea;LazyClass
jedit;org.gjt.sp.jedit.textarea.DisplayManager.MutableInteger;LazyClass
jedit;org.gjt.sp.jedit.textarea.GutterPopupHandler;LazyClass
jedit;org.gjt.sp.jedit.textarea.Node;LazyClass
jedit;org.gjt.sp.jedit.textarea.TextAreaTransferHandler.TextAreaSelection;LazyClass
jedit;org.gjt.sp.jedit.textarea.MouseActionsProvider;LazyClass
jedit;org.gjt.sp.jedit.textarea.TextAreaException;LazyClass
jedit;org.gjt.sp.jedit.browser.VFSDirectoryEntryTable.ClearTypeSelect;LazyClass
jedit;org.gjt.sp.jedit.browser.VFSDirectoryEntryTable.ColumnHandler;LazyClass
jedit;org.gjt.sp.jedit.browser.BrowserView.LoadingPlaceholder;LazyClass
jedit;org.gjt.sp.jedit.browser.BrowserListener;LazyClass
jedit;org.gjt.sp.jedit.browser.VFSDirectoryEntryTableModel.ExtendedAttribute;LazyClass
jedit;org.gjt.sp.jedit.browser.VFSFileChooserDialog.ActionHandler;LazyClass
jedit;org.gjt.sp.jedit.browser.VFSBrowser.MenuButton.MouseHandler;LazyClass
jedit;org.gjt.sp.jedit.browser.VFSBrowser.MenuButton.Action;LazyClass
jedit;org.gjt.sp.jedit.browser.VFSBrowser.VFSFileFilterRenderer;LazyClass
jedit;org.gjt.sp.jedit.browser.VFSBrowser.DelayedEndRequest;LazyClass
jedit;org.gjt.sp.jedit.EditBus.EBMessageHandler;LazyClass
jedit;org.gjt.sp.jedit.OptionPane;LazyClass
jedit;org.gjt.sp.jedit.RegisterSaver;LazyClass
jedit;org.gjt.sp.jedit.bufferset.BufferSetListener;LazyClass
jedit;org.gjt.sp.jedit.bufferset.BufferSet.NameSorter;LazyClass
jedit;org.gjt.sp.jedit.bufferset.BufferSet.PathSorter;LazyClass
jedit;org.gjt.sp.jedit.bufferset.BufferSetAdapter;LazyClass
jedit;org.gjt.sp.jedit.Registers.Register;LazyClass
jedit;org.gjt.sp.jedit.ActionContext;LazyClass
jedit;org.gjt.sp.jedit.JEditRegistersListener;LazyClass
jedit;org.gjt.sp.jedit.buffer.BufferUndoListener;LazyClass
jedit;org.gjt.sp.jedit.buffer.DefaultFoldHandlerProvider;LazyClass
jedit;org.gjt.sp.jedit.buffer.FoldHandlerProvider;LazyClass
jedit;org.gjt.sp.jedit.buffer.UndoManager.Edit;LazyClass
jedit;org.gjt.sp.jedit.buffer.DummyFoldHandler;LazyClass
jedit;org.gjt.sp.jedit.buffer.JEditBuffer.Listener;LazyClass
jedit;org.gjt.sp.jedit.IPropertyManager;LazyClass
jedit;org.gjt.sp.jedit.syntax.Chunk.GlyphCache;LazyClass
jedit;org.gjt.sp.jedit.syntax.TokenHandler;LazyClass
jedit;org.gjt.sp.jedit.syntax.DummyTokenHandler;LazyClass
jedit;org.gjt.sp.jedit.syntax.KeywordMap.Keyword;LazyClass
jedit;org.gjt.sp.jedit.input.DefaultInputHandlerProvider;LazyClass
jedit;org.gjt.sp.jedit.input.InputHandlerProvider;LazyClass
jedit;org.gjt.sp.jedit.msg.EditorStarted;LazyClass
jedit;org.gjt.sp.jedit.msg.EditorExiting;LazyClass
jedit;org.gjt.sp.jedit.msg.SearchSettingsChanged;LazyClass
jedit;org.gjt.sp.jedit.msg.PropertiesChanged;LazyClass
jedit;org.gjt.sp.jedit.msg.PositionChanging;LazyClass
jedit;org.gjt.sp.jedit.search.SearchMatcher.Match;LazyClass
jedit;org.gjt.sp.jedit.search.SearchBar.FocusHandler;LazyClass
jedit;org.gjt.sp.jedit.search.HyperSearchTreeNodeCallback;LazyClass
jedit;org.gjt.sp.jedit.search.SearchFileSet;LazyClass
jedit;org.gjt.sp.jedit.search.HyperSearchNode;LazyClass
jedit;org.gjt.sp.jedit.search.SearchDialog.ReplaceActionHandler;LazyClass
jedit;org.gjt.sp.jedit.search.HyperSearchResults.RemoveTreeNodeAction;LazyClass
jedit;org.gjt.sp.jedit.search.HyperSearchResults.RemoveAllTreeNodesAction;LazyClass
jedit;org.gjt.sp.jedit.search.HyperSearchResults.ExpandChildTreeNodesAction;LazyClass
jedit;org.gjt.sp.jedit.search.HyperSearchResults.GoToNodeAction;LazyClass
jedit;org.gjt.sp.jedit.search.HyperSearchResults.ResultVisitor;LazyClass
jedit;org.gjt.sp.jedit.search.HyperSearchResults.BufferLoadedVisitor;LazyClass
jedit;org.gjt.sp.jedit.search.HyperSearchResults.BufferClosedVisitor;LazyClass
jedit;org.gjt.sp.jedit.search.HyperSearchResults.TreeNodeCallbackAdapter;LazyClass
jedit;org.gjt.sp.jedit.EditPane.CaretInfo;LazyClass
jedit;org.gjt.sp.jedit.EditPlugin.Broken;LazyClass
jedit;org.gjt.sp.jedit.indent.IndentAction.Collapse;LazyClass
jedit;org.gjt.sp.jedit.indent.IndentAction.Reset;LazyClass
jedit;org.gjt.sp.jedit.indent.IndentAction.Decrease;LazyClass
jedit;org.gjt.sp.jedit.indent.IndentAction.AlignOffset;LazyClass
jedit;org.gjt.sp.jedit.indent.IndentAction.AlignParameter;LazyClass
jedit;org.gjt.sp.jedit.indent.IndentAction.NoIncrease;LazyClass
jedit;org.gjt.sp.jedit.indent.BracketIndentRule.Brackets;LazyClass
jedit;org.gjt.sp.jedit.indent.IndentRule;LazyClass
jedit;org.gjt.sp.jedit.jEdit.FirewallAuthenticator;LazyClass
jedit;org.gjt.sp.jedit.jEdit.JEditPropertyManager;LazyClass
jedit;org.gjt.sp.jedit.bufferio.IoTask;LazyClass
jedit;org.gjt.sp.jedit.View.CaretHandler;LazyClass
jedit;org.gjt.sp.jedit.View.ScrollHandler;LazyClass
jedit;org.gjt.sp.jedit.View.MyFocusTraversalPolicy;LazyClass
jedit;org.gjt.sp.jedit.View.SetCursorVisitor;LazyClass
jedit;org.gjt.sp.jedit.options.ShortcutsOptionPane.KeymapCellRenderer;LazyClass
jedit;org.gjt.sp.jedit.options.StatusBarOptionPane.ListHandler;LazyClass
jedit;org.gjt.sp.jedit.options.PluginManagerOptionPane.SingleSelectionModel;LazyClass
jedit;org.gjt.sp.jedit.options.PluginManagerOptionPane.ActionHandler;LazyClass
jedit;org.gjt.sp.jedit.options.SaveBackupOptionPane.MyActionListener;LazyClass
jedit;org.gjt.sp.jedit.options.PluginOptions.NoPluginsPane;LazyClass
jedit;org.gjt.sp.jedit.options.TextAreaOptionPane.FontList.FontItemRenderer;LazyClass
jedit;org.gjt.sp.jedit.options.GeneralOptionPane.LangCellRenderer;LazyClass
jedit;org.gjt.sp.jedit.options.ToolBarOptionPane.ButtonCompare;LazyClass
jedit;org.gjt.sp.jedit.options.ToolBarOptionPane.IconListEntry;LazyClass
jedit;org.gjt.sp.jedit.options.ToolBarOptionPane.ButtonCellRenderer;LazyClass
jedit;org.gjt.sp.jedit.options.ToolBarOptionPane.IconCellRenderer;LazyClass
jedit;org.gjt.sp.jedit.options.ToolBarOptionPane.ListHandler;LazyClass
jedit;org.gjt.sp.jedit.options.ToolBarEditDialog.ActionSetCompare;LazyClass
jedit;org.gjt.sp.jedit.options.AbbrevsOptionPane.TableMouseHandler;LazyClass
jedit;org.gjt.sp.jedit.options.AbbrevsOptionPane.SelectionHandler;LazyClass
jedit;org.gjt.sp.jedit.options.AbbrevsOptionPane.Renderer;LazyClass
jedit;org.gjt.sp.jedit.options.AbbrevsOptionPane.AbbrevsModel.Abbrev;LazyClass
jedit;org.gjt.sp.jedit.options.BrowserColorsOptionPane.SelectionHandler;LazyClass
jedit;org.gjt.sp.jedit.options.BrowserColorsModel.Entry;LazyClass
jedit;org.gjt.sp.jedit.options.DockingOptionPane.DockPositionCellRenderer;LazyClass
jedit;org.gjt.sp.jedit.options.WindowTableModel.WindowCompare;LazyClass
jedit;org.gjt.sp.jedit.datatransfer.JEditTransferableService;LazyClass
jedit;org.gjt.sp.jedit.datatransfer.StringTransferableService;LazyClass
jedit;org.gjt.sp.jedit.datatransfer.RichJEditTextTransferableService;LazyClass
jedit;org.gjt.sp.jedit.datatransfer.JEditDataFlavor;LazyClass
jedit;org.gjt.sp.jedit.menu.DynamicMenuProvider;LazyClass
jedit;org.gjt.sp.jedit.RegistersListener;LazyClass
jedit;org.gjt.sp.jedit.help.HelpHistoryModelListener;LazyClass
jedit;org.gjt.sp.jedit.help.HelpSearchPanel.Result;LazyClass
jedit;org.gjt.sp.jedit.help.HelpSearchPanel.ResultCompare;LazyClass
jedit;org.gjt.sp.jedit.help.HelpSearchPanel.MouseHandler;LazyClass
jedit;org.gjt.sp.jedit.help.HelpTOCPanel.HelpNode;LazyClass
jedit;org.gjt.sp.jedit.help.HelpTOCPanel.PluginCompare;LazyClass
jedit;org.gjt.sp.jedit.help.HelpIndex.Word.Occurrence;LazyClass
jedit;org.gjt.sp.jedit.proto.jeditresource.Handler;LazyClass
jedit;org.gjt.sp.jedit.EBComponent;LazyClass
jedit;org.gjt.sp.jedit.print.BufferPrintable.PrintTabExpander;LazyClass
jedit;org.gjt.sp.jedit.bsh.org.objectweb.asm.Edge;LazyClass
jedit;org.gjt.sp.jedit.bsh.org.objectweb.asm.ClassVisitor;LazyClass
jedit;org.gjt.sp.jedit.bsh.ConsoleInterface;LazyClass
jedit;org.gjt.sp.jedit.bsh.BSHThrowStatement;LazyClass
jedit;org.gjt.sp.jedit.bsh.ReflectError;LazyClass
jedit;org.gjt.sp.jedit.bsh.ClassIdentifier;LazyClass
jedit;org.gjt.sp.jedit.bsh.ReturnControl;LazyClass
jedit;org.gjt.sp.jedit.bsh.NameSource;LazyClass
jedit;org.gjt.sp.jedit.bsh.NameSource.Listener;LazyClass
jedit;org.gjt.sp.jedit.bsh.BSHTernaryExpression;LazyClass
jedit;org.gjt.sp.jedit.bsh.InterpreterError;LazyClass
jedit;org.gjt.sp.jedit.bsh.ClassPathException;LazyClass
jedit;org.gjt.sp.jedit.bsh.Capabilities.Unavailable;LazyClass
jedit;org.gjt.sp.jedit.bsh.Node;LazyClass
jedit;org.gjt.sp.jedit.bsh.Primitive.Special;LazyClass
jedit;org.gjt.sp.jedit.bsh.BshClassManager.Listener;LazyClass
jedit;org.gjt.sp.jedit.bsh.BshIterator;LazyClass
jedit;org.gjt.sp.jedit.bsh.Parser.LookaheadSuccess;LazyClass
jedit;org.gjt.sp.jedit.bsh.NameSpace.CommandPathEntry;LazyClass
jedit;org.gjt.sp.jedit.bsh.BSHBlock.NodeFilter;LazyClass
jedit;org.gjt.sp.jedit.bsh.BSHFormalComment;LazyClass
jedit;org.gjt.sp.jedit.bsh.BSHPrimitiveType;LazyClass
jedit;org.gjt.sp.jedit.bsh.reflect.ReflectManagerImpl;LazyClass
jedit;org.gjt.sp.jedit.bsh.classpath.BshClassPath.ClassSource;LazyClass
jedit;org.gjt.sp.jedit.bsh.classpath.BshClassPath.GeneratedClassSource;LazyClass
jedit;org.gjt.sp.jedit.bsh.classpath.BshClassPath.AmbiguousName;LazyClass
jedit;org.gjt.sp.jedit.bsh.classpath.BshClassPath.MappingFeedback;LazyClass
jedit;org.gjt.sp.jedit.bsh.classpath.DiscreteFilesClassLoader.ClassSourceMap;LazyClass
jedit;org.gjt.sp.jedit.bsh.classpath.ClassPathListener;LazyClass
jedit;org.gjt.sp.jedit.io.VFSManager.SendVFSUpdatesSafely;LazyClass
jedit;org.gjt.sp.jedit.io.EncodingDetector;LazyClass
jedit;org.gjt.sp.jedit.io.VFS.ColorEntry;LazyClass
jedit;org.gjt.sp.jedit.io.VFSFileFilter;LazyClass
jedit;org.gjt.sp.jedit.gui.JCheckBoxList.DummyRenderer;LazyClass
jedit;org.gjt.sp.jedit.gui.DockableWindow;LazyClass
jedit;org.gjt.sp.jedit.gui.RolloverButton.MouseOverHandler;LazyClass
jedit;org.gjt.sp.jedit.gui.BufferOptions.ActionHandler;LazyClass
jedit;org.gjt.sp.jedit.gui.FontSelectorDialog.ActionHandler;LazyClass
jedit;org.gjt.sp.jedit.gui.HistoryModelSaver;LazyClass
jedit;org.gjt.sp.jedit.gui.PasteFromListDialog.ActionHandler;LazyClass
jedit;org.gjt.sp.jedit.gui.PasteFromListDialog.ListHandler;LazyClass
jedit;org.gjt.sp.jedit.gui.PasteFromListDialog.MouseHandler;LazyClass
jedit;org.gjt.sp.jedit.gui.EditAbbrevDialog.KeyHandler;LazyClass
jedit;org.gjt.sp.jedit.gui.MarkerViewer.MouseHandler;LazyClass
jedit;org.gjt.sp.jedit.gui.MarkerViewer.KeyHandler;LazyClass
jedit;org.gjt.sp.jedit.gui.ActionBar.ActionHandler;LazyClass
jedit;org.gjt.sp.jedit.gui.ActionBar.DocumentHandler;LazyClass
jedit;org.gjt.sp.jedit.gui.ActionBar.CompletionPopup.MouseHandler;LazyClass
jedit;org.gjt.sp.jedit.gui.ActionBar.CompletionPopup.CompletionList;LazyClass
jedit;org.gjt.sp.jedit.gui.FloatingWindowContainer.MouseHandler;LazyClass
jedit;org.gjt.sp.jedit.gui.DefaultFocusComponent;LazyClass
jedit;org.gjt.sp.jedit.gui.ErrorListDialog.JTextPaneSized;LazyClass
jedit;org.gjt.sp.jedit.gui.ErrorListDialog.ActionHandler;LazyClass
jedit;org.gjt.sp.jedit.gui.PanelWindowContainer.DockableWindowCompare;LazyClass
jedit;org.gjt.sp.jedit.gui.DockingFrameworkProvider;LazyClass
jedit;org.gjt.sp.jedit.gui.DockableWindowManager.DockingArea;LazyClass
jedit;org.gjt.sp.jedit.gui.statusbar.ToolTipLabel;LazyClass
jedit;org.gjt.sp.jedit.gui.statusbar.MemoryStatusWidgetFactory.MemoryStatusWidget;LazyClass
jedit;org.gjt.sp.jedit.gui.statusbar.MemoryStatusWidgetFactory.MemoryStatus.MouseHandler;LazyClass
jedit;org.gjt.sp.jedit.gui.statusbar.Widget;LazyClass
jedit;org.gjt.sp.jedit.gui.statusbar.StatusWidgetFactory;LazyClass
jedit;org.gjt.sp.jedit.gui.statusbar.ClockWidgetFactory.ClockWidget;LazyClass
jedit;org.gjt.sp.jedit.gui.tray.JTrayIcon.MyMouseListener;LazyClass
jedit;org.gjt.sp.jedit.gui.tray.JEditTrayIcon;LazyClass
jedit;org.gjt.sp.jedit.gui.EnhancedDialog.WindowHandler;LazyClass
jedit;org.gjt.sp.jedit.gui.MutableListModel;LazyClass
jedit;org.gjt.sp.jedit.gui.DockingLayoutManager.LoadPerspectiveAction;LazyClass
jedit;org.gjt.sp.jedit.gui.DockableWindowManagerProvider;LazyClass
jedit;org.gjt.sp.jedit.gui.DockableWindowContainer;LazyClass
jedit;org.gjt.sp.jedit.gui.BeanShellErrorDialog;LazyClass
jedit;org.gjt.sp.jedit.gui.StatusBar.MouseHandler;LazyClass
jedit;org.gjt.sp.jedit.gui.AddAbbrevDialog.KeyHandler;LazyClass
jedit;org.gjt.sp.jedit.gui.AnimatedIcon.Animator;LazyClass
jedit;org.gjt.sp.jedit.gui.AbstractContextOptionPane.MenuItemCompare;LazyClass
jedit;org.gjt.sp.jedit.gui.AbstractContextOptionPane.MenuItem;LazyClass
jedit;org.gjt.sp.jedit.gui.AbstractContextOptionPane.ListHandler;LazyClass
jedit;org.gjt.sp.jedit.gui.FilePropertiesDialog.ButtonActionHandler;LazyClass
jedit;org.gjt.sp.jedit.gui.RegisterViewer.FocusHandler;LazyClass
jedit;org.gjt.sp.jedit.gui.RegisterViewer.EscapeHandler;LazyClass
jedit;org.gjt.sp.jedit.gui.RegisterViewer.TabHandler;LazyClass
jedit;org.gjt.sp.jedit.gui.RegisterViewer.InsertHandler;LazyClass
jedit;org.gjt.sp.jedit.gui.RegisterViewer.ClearHandler;LazyClass
jedit;org.gjt.sp.jedit.gui.DynamicContextMenuService;LazyClass
jedit;org.gjt.sp.jedit.gui.CompletionPopup.Candidates;LazyClass
jedit;org.gjt.sp.jedit.gui.CompletionPopup.CandidateListModel;LazyClass
jedit;org.gjt.sp.jedit.gui.CompletionPopup.CellRenderer;LazyClass
jedit;org.gjt.sp.jedit.gui.CompletionPopup.MouseHandler;LazyClass
jedit;org.gjt.sp.jedit.gui.CompletionPopup.WindowFocusHandler;LazyClass
jedit;org.gjt.sp.jedit.gui.ToolBarManager.Entry;LazyClass
jedit;org.gjt.sp.jedit.gui.TextAreaDialog.ActionHandler;LazyClass
jedit;org.jedit.core.MigrationService;LazyClass
jedit;org.jedit.migration.CheckFileStatus;LazyClass
jedit;org.jedit.options.TabbedOptionDialog.TitleChanger;LazyClass
jedit;org.jedit.options.PluginOptionGroup.NoPluginsPane;LazyClass
jedit;org.jedit.keymap.Keymap;LazyClass
jedit;org.jedit.keymap.KeymapFileFilter;LazyClass
jedit;installer.TarInputStream.EntryFactory;LazyClass
jedit;installer.TarInputStream.EntryAdapter;LazyClass
jedit;installer.SwingInstall.WindowHandler;LazyClass
jedit;installer.CBZip2OutputStream.StackElem;LazyClass
jedit;installer.OperatingSystem.MacOS;LazyClass
jedit;installer.OperatingSystem.HalfAnOS;LazyClass
jedit;installer.OperatingSystem.VMS;LazyClass
jedit;installer.InvalidHeaderException;LazyClass
jedit;installer.Progress;LazyClass
