poi;org.apache.poi.ss.excelant.ExcelAntUserDefinedFunctionTestHelper;RefusedBequest
poi;org.apache.poi.hdgf.streams.TestStreamBugs;RefusedBequest
poi;org.apache.poi.hdgf.streams.TestStreamBasics;RefusedBequest
poi;org.apache.poi.hdgf.streams.TestStreamComplex;RefusedBequest
poi;org.apache.poi.hsmf.datatypes.ByteChunk;RefusedBequest
poi;org.apache.poi.hsmf.datatypes.MessageSubmissionChunk;RefusedBequest
poi;org.apache.poi.hsmf.datatypes.ByteChunkDeferred;RefusedBequest
poi;org.apache.poi.hsmf.datatypes.StringChunk;RefusedBequest
poi;org.apache.poi.hdgf.exceptions.OldVisioFormatException;RefusedBequest
poi;org.apache.poi.hdgf.exceptions.HDGFException;RefusedBequest
poi;org.apache.poi.hslf.usermodel.HSLFSlideShow;RefusedBequest
poi;org.apache.poi.hslf.usermodel.HSLFPlaceholder;RefusedBequest
poi;org.apache.poi.hslf.model.textproperties.HSLFTabStopPropCollection;RefusedBequest
poi;org.apache.poi.hslf.exceptions.HSLFException;RefusedBequest
poi;org.apache.poi.hslf.exceptions.EncryptedPowerPointFileException;RefusedBequest
poi;org.apache.poi.hslf.exceptions.CorruptPowerPointFileException;RefusedBequest
poi;org.apache.poi.hslf.exceptions.OldPowerPointFormatException;RefusedBequest
poi;org.apache.poi.hslf.blip.DIB;RefusedBequest
poi;org.apache.poi.hslf.blip.PNG;RefusedBequest
poi;org.apache.poi.hslf.record.MainMaster;RefusedBequest
poi;org.apache.poi.hslf.record.HSLFEscherRecordFactory;RefusedBequest
poi;org.apache.poi.hslf.record.Slide;RefusedBequest
poi;org.apache.poi.hslf.record.Notes;RefusedBequest
poi;org.apache.poi.hslf.record.HSLFEscherClientDataRecord;RefusedBequest
poi;org.apache.poi.hemf.record.emfplus.HemfPlusPen.EmfPlusPathArrowCap;RefusedBequest
poi;org.apache.poi.hemf.record.emfplus.HemfPlusPen.EmfPlusAdjustableArrowCap;RefusedBequest
poi;org.apache.poi.hemf.record.emf.HemfMisc.EmfExtCreatePen;RefusedBequest
poi;org.apache.poi.hwpf.model.OldTextPiece;RefusedBequest
poi;org.apache.poi.hwpf.OldWordFileFormatException;RefusedBequest
poi;org.apache.poi.hwmf.record.HwmfFill.WmfExtFloodFill;RefusedBequest
poi;org.apache.poi.ss.formula.function.ExcelFileFormatDocFunctionExtractor.EFFDocHandler;RefusedBequest
poi;org.apache.poi.ss.formula.TestEvaluationCache.EvalListener;RefusedBequest
poi;org.apache.poi.EncryptedDocumentException;RefusedBequest
poi;org.apache.poi.util.DocumentFormatException;RefusedBequest
poi;org.apache.poi.util.Dimension2DDouble;RefusedBequest
poi;org.apache.poi.util.RecordFormatException;RefusedBequest
poi;org.apache.poi.hpsf.MissingSectionException;RefusedBequest
poi;org.apache.poi.hpsf.NoSingleSectionException;RefusedBequest
poi;org.apache.poi.hpsf.NoPropertySetStreamException;RefusedBequest
poi;org.apache.poi.hpsf.HPSFRuntimeException;RefusedBequest
poi;org.apache.poi.hpsf.UnexpectedPropertySetTypeException;RefusedBequest
poi;org.apache.poi.hpsf.NoFormatIDException;RefusedBequest
poi;org.apache.poi.hpsf.WritingNotSupportedException;RefusedBequest
poi;org.apache.poi.hpsf.ReadingNotSupportedException;RefusedBequest
poi;org.apache.poi.hpsf.HPSFException;RefusedBequest
poi;org.apache.poi.hpsf.IllegalPropertySetDataException;RefusedBequest
poi;org.apache.poi.sl.draw.SLGraphics;RefusedBequest
poi;org.apache.poi.ss.format.CellNumberFormatter;RefusedBequest
poi;org.apache.poi.ss.format.CellDateFormatter;RefusedBequest
poi;org.apache.poi.ss.formula.functions.MatrixFunction.Mdeterm;RefusedBequest
poi;org.apache.poi.ss.formula.ptg.AbstractFunctionPtg;RefusedBequest
poi;org.apache.poi.ss.formula.udf.IndexedUDFFinder;RefusedBequest
poi;org.apache.poi.ss.formula.eval.NotImplementedFunctionException;RefusedBequest
poi;org.apache.poi.poifs.crypt.cryptoapi.CryptoAPIEncryptionHeader;RefusedBequest
poi;org.apache.poi.poifs.crypt.cryptoapi.CryptoAPIEncryptionVerifier;RefusedBequest
poi;org.apache.poi.poifs.crypt.ChunkedCipherOutputStream;RefusedBequest
poi;org.apache.poi.poifs.nio.FileBackedDataSource;RefusedBequest
poi;org.apache.poi.poifs.nio.ByteArrayBackedDataSource;RefusedBequest
poi;org.apache.poi.poifs.filesystem.DocumentInputStream;RefusedBequest
poi;org.apache.poi.poifs.filesystem.Ole10NativeException;RefusedBequest
poi;org.apache.poi.poifs.filesystem.POIFSFileSystem;RefusedBequest
poi;org.apache.poi.poifs.filesystem.POIFSMiniStore;RefusedBequest
poi;org.apache.poi.hssf.usermodel.EscherGraphics2d;RefusedBequest
poi;org.apache.poi.hssf.usermodel.HSSFExtendedColor;RefusedBequest
poi;org.apache.poi.hssf.usermodel.HSSFChildAnchor;RefusedBequest
poi;org.apache.poi.hssf.usermodel.EscherGraphics;RefusedBequest
poi;org.apache.poi.hssf.usermodel.HSSFClientAnchor;RefusedBequest
poi;org.apache.poi.hssf.eventusermodel.HSSFUserException;RefusedBequest
poi;org.apache.poi.hssf.record.CalcModeRecord;RefusedBequest
poi;org.apache.poi.hssf.record.HideObjRecord;RefusedBequest
poi;org.apache.poi.hssf.record.aggregates.RecordAggregate;RefusedBequest
poi;org.apache.poi.hssf.record.aggregates.MergedCellsTable;RefusedBequest
poi;org.apache.poi.hssf.record.TopMarginRecord;RefusedBequest
poi;org.apache.poi.hssf.record.RecalcIdRecord;RefusedBequest
poi;org.apache.poi.hssf.record.PaneRecord;RefusedBequest
poi;org.apache.poi.hssf.record.SaveRecalcRecord;RefusedBequest
poi;org.apache.poi.hssf.record.ExtendedFormatRecord;RefusedBequest
poi;org.apache.poi.hssf.record.BottomMarginRecord;RefusedBequest
poi;org.apache.poi.hssf.record.TabIdRecord;RefusedBequest
poi;org.apache.poi.hssf.record.PaletteRecord;RefusedBequest
poi;org.apache.poi.hssf.record.LeftMarginRecord;RefusedBequest
poi;org.apache.poi.hssf.record.DefaultRowHeightRecord;RefusedBequest
poi;org.apache.poi.hssf.record.DimensionsRecord;RefusedBequest
poi;org.apache.poi.hssf.record.GutsRecord;RefusedBequest
poi;org.apache.poi.hssf.record.RightMarginRecord;RefusedBequest
poi;org.apache.poi.hssf.record.VCenterRecord;RefusedBequest
poi;org.apache.poi.hssf.record.FileSharingRecord;RefusedBequest
poi;org.apache.poi.hssf.record.UncalcedRecord;RefusedBequest
poi;org.apache.poi.hssf.record.WindowTwoRecord;RefusedBequest
poi;org.apache.poi.hssf.record.ExternSheetRecord;RefusedBequest
poi;org.apache.poi.hssf.record.ObjectProtectRecord;RefusedBequest
poi;org.apache.poi.hssf.record.PageBreakRecord;RefusedBequest
poi;org.apache.poi.hssf.record.StyleRecord;RefusedBequest
poi;org.apache.poi.hssf.record.RefModeRecord;RefusedBequest
poi;org.apache.poi.hssf.record.HyperlinkRecord;RefusedBequest
poi;org.apache.poi.hssf.record.IndexRecord;RefusedBequest
poi;org.apache.poi.hssf.record.GridsetRecord;RefusedBequest
poi;org.apache.poi.hssf.record.HCenterRecord;RefusedBequest
poi;org.apache.poi.hssf.record.CellRecord;RefusedBequest
poi;org.apache.poi.hssf.record.PrintHeadersRecord;RefusedBequest
poi;org.apache.poi.hssf.record.FontRecord;RefusedBequest
poi;org.apache.poi.hssf.record.DVALRecord;RefusedBequest
poi;org.apache.poi.hssf.record.CountryRecord;RefusedBequest
poi;org.apache.poi.hssf.record.chart.PlotAreaRecord;RefusedBequest
poi;org.apache.poi.hssf.record.chart.TextRecord;RefusedBequest
poi;org.apache.poi.hssf.record.chart.ChartRecord;RefusedBequest
poi;org.apache.poi.hssf.record.chart.SeriesRecord;RefusedBequest
poi;org.apache.poi.hssf.record.chart.DataFormatRecord;RefusedBequest
poi;org.apache.poi.hssf.record.chart.DatRecord;RefusedBequest
poi;org.apache.poi.hssf.record.chart.AxisUsedRecord;RefusedBequest
poi;org.apache.poi.hssf.record.chart.ValueRangeRecord;RefusedBequest
poi;org.apache.poi.hssf.record.chart.ChartEndBlockRecord;RefusedBequest
poi;org.apache.poi.hssf.record.chart.AxisOptionsRecord;RefusedBequest
poi;org.apache.poi.hssf.record.chart.SeriesTextRecord;RefusedBequest
poi;org.apache.poi.hssf.record.chart.SeriesIndexRecord;RefusedBequest
poi;org.apache.poi.hssf.record.chart.FontBasisRecord;RefusedBequest
poi;org.apache.poi.hssf.record.chart.SeriesLabelsRecord;RefusedBequest
poi;org.apache.poi.hssf.record.chart.LinkedDataRecord;RefusedBequest
poi;org.apache.poi.hssf.record.chart.NumberFormatIndexRecord;RefusedBequest
poi;org.apache.poi.hssf.record.chart.BarRecord;RefusedBequest
poi;org.apache.poi.hssf.record.chart.AreaFormatRecord;RefusedBequest
poi;org.apache.poi.hssf.record.chart.EndRecord;RefusedBequest
poi;org.apache.poi.hssf.record.chart.SeriesChartGroupIndexRecord;RefusedBequest
poi;org.apache.poi.hssf.record.chart.LineFormatRecord;RefusedBequest
poi;org.apache.poi.hssf.record.chart.ChartStartBlockRecord;RefusedBequest
poi;org.apache.poi.hssf.record.chart.CategorySeriesAxisRecord;RefusedBequest
poi;org.apache.poi.hssf.record.chart.FrameRecord;RefusedBequest
poi;org.apache.poi.hssf.record.chart.FontIndexRecord;RefusedBequest
poi;org.apache.poi.hssf.record.chart.AxisParentRecord;RefusedBequest
poi;org.apache.poi.hssf.record.chart.AxisRecord;RefusedBequest
poi;org.apache.poi.hssf.record.chart.UnitsRecord;RefusedBequest
poi;org.apache.poi.hssf.record.chart.ObjectLinkRecord;RefusedBequest
poi;org.apache.poi.hssf.record.chart.BeginRecord;RefusedBequest
poi;org.apache.poi.hssf.record.chart.SheetPropertiesRecord;RefusedBequest
poi;org.apache.poi.hssf.record.chart.AreaRecord;RefusedBequest
poi;org.apache.poi.hssf.record.chart.ChartFormatRecord;RefusedBequest
poi;org.apache.poi.hssf.record.chart.DefaultDataLabelTextPropertiesRecord;RefusedBequest
poi;org.apache.poi.hssf.record.chart.TickRecord;RefusedBequest
poi;org.apache.poi.hssf.record.chart.PlotGrowthRecord;RefusedBequest
poi;org.apache.poi.hssf.record.chart.LegendRecord;RefusedBequest
poi;org.apache.poi.hssf.record.chart.AxisLineFormatRecord;RefusedBequest
poi;org.apache.poi.hssf.record.WSBoolRecord;RefusedBequest
poi;org.apache.poi.hssf.record.ScenarioProtectRecord;RefusedBequest
poi;org.apache.poi.hssf.record.PrecisionRecord;RefusedBequest
poi;org.apache.poi.hssf.record.AutoFilterInfoRecord;RefusedBequest
poi;org.apache.poi.hssf.record.PrintGridlinesRecord;RefusedBequest
poi;org.apache.poi.hssf.record.CFHeaderBase;RefusedBequest
poi;org.apache.poi.hssf.record.DrawingRecord;RefusedBequest
poi;org.apache.poi.hssf.record.MMSRecord;RefusedBequest
poi;org.apache.poi.hssf.record.CodepageRecord;RefusedBequest
poi;org.apache.poi.hssf.record.SCLRecord;RefusedBequest
poi;org.apache.poi.hssf.record.BOFRecord;RefusedBequest
poi;org.apache.poi.hssf.record.ExternalNameRecord;RefusedBequest
poi;org.apache.poi.hssf.record.FnGroupCountRecord;RefusedBequest
poi;org.apache.poi.hssf.record.DefaultColWidthRecord;RefusedBequest
poi;org.apache.poi.hssf.record.ColumnInfoRecord;RefusedBequest
poi;org.apache.poi.hssf.record.CalcCountRecord;RefusedBequest
poi;org.apache.poi.hssf.record.BlankRecord;RefusedBequest
poi;org.apache.poi.hssf.record.BackupRecord;RefusedBequest
poi;org.apache.poi.hssf.record.FeatHdrRecord;RefusedBequest
poi;org.apache.poi.hssf.record.BookBoolRecord;RefusedBequest
poi;org.apache.poi.hssf.record.NoteRecord;RefusedBequest
poi;org.apache.poi.hssf.record.DateWindow1904Record;RefusedBequest
poi;org.apache.poi.hssf.record.WriteAccessRecord;RefusedBequest
poi;org.apache.poi.hssf.record.WriteProtectRecord;RefusedBequest
poi;org.apache.poi.hssf.record.WindowOneRecord;RefusedBequest
poi;org.apache.poi.hssf.record.FeatRecord;RefusedBequest
poi;org.apache.poi.hssf.record.PrintSetupRecord;RefusedBequest
poi;org.apache.poi.hssf.OldExcelFormatException;RefusedBequest
poi;org.apache.poi.xssf.streaming.TempFileRecordingSXSSFWorkbookWithCustomZipEntrySource;RefusedBequest
poi;org.apache.poi.xdgf.usermodel.XDGFShape;RefusedBequest
poi;org.apache.poi.xdgf.usermodel.shape.ShapeTextVisitor;RefusedBequest
poi;org.apache.poi.xdgf.usermodel.XDGFFactory;RefusedBequest
poi;org.apache.poi.openxml4j.exceptions.InvalidOperationException;RefusedBequest
poi;org.apache.poi.openxml4j.exceptions.NotOfficeXmlFileException;RefusedBequest
poi;org.apache.poi.openxml4j.exceptions.InvalidFormatException;RefusedBequest
poi;org.apache.poi.openxml4j.opc.internal.MemoryPackagePartOutputStream;RefusedBequest
poi;org.apache.poi.ooxml.POIXMLException;RefusedBequest
poi;org.apache.poi.poifs.crypt.dsig.KeyInfoKeySelector;RefusedBequest
poi;org.apache.poi.poifs.crypt.dsig.SignatureOutputStream;RefusedBequest
poi;org.apache.poi.xssf.usermodel.XSSFClientAnchor;RefusedBequest
poi;org.apache.poi.xssf.usermodel.XSSFColor;RefusedBequest
poi;org.apache.poi.xssf.streaming.SXSSFCell.PlainStringValue;RefusedBequest
poi;org.apache.poi.xssf.streaming.SXSSFCell.RichTextValue;RefusedBequest
poi;org.apache.poi.xssf.binary.XSSFBComment;RefusedBequest
poi;org.apache.poi.xwpf.model.XWPFCommentsDecorator;RefusedBequest
poi;org.apache.poi.xslf.util.DummyGraphics2d;RefusedBequest
poi;org.apache.poi.xslf.util.EMFHandler;RefusedBequest
poi;org.apache.poi.xslf.util.PPTHandler;RefusedBequest
