pde;org.eclipse.pde.internal.ds.core.builders.DSErrorReporter;ComplexClass
pde;org.eclipse.pde.internal.ds.core.builders.XMLErrorReporter;ComplexClass
pde;org.eclipse.pde.internal.ds.core.text.DSDocumentFactory;ComplexClass
pde;org.eclipse.pde.ds.internal.annotations.ComponentRefactoringHelper;ComplexClass
pde;org.eclipse.pde.ds.internal.annotations.AnnotationVisitor;ComplexClass
pde;org.eclipse.pde.ds.internal.annotations.DSAnnotationCompilationParticipant;ComplexClass
pde;org.eclipse.pde.ds.internal.annotations.ReferenceProcessor;ComplexClass
pde;org.eclipse.pde.internal.ds.ui.wizards.DSFileWizardPage;ComplexClass
pde;org.eclipse.pde.internal.ds.ui.editor.sections.DSComponentSection;ComplexClass
pde;org.eclipse.pde.internal.ds.ui.editor.sections.DSReferenceSection;ComplexClass
pde;org.eclipse.pde.internal.ds.ui.editor.sections.DSPropertiesSection;ComplexClass
pde;org.eclipse.pde.internal.ds.ui.editor.sections.DSProvideSection;ComplexClass
pde;org.eclipse.pde.internal.ds.ui.editor.DSHyperlinkDetector;ComplexClass
pde;org.eclipse.pde.internal.ds.ui.editor.contentassist.DSContentAssistText;ComplexClass
pde;org.eclipse.pde.internal.ds.ui.editor.contentassist.DSCompletionProposal;ComplexClass
pde;org.eclipse.pde.internal.ds.ui.editor.contentassist.DSAttrCompletionProposal;ComplexClass
pde;org.eclipse.pde.internal.ds.ui.editor.contentassist.DSContentAssistProcessor;ComplexClass
pde;org.eclipse.pde.internal.ds.ui.editor.DSLabelProvider;ComplexClass
pde;org.eclipse.pde.internal.ds.ui.editor.dialogs.DSEditReferenceDialog;ComplexClass
pde;org.eclipse.pde.internal.ds.ui.editor.dialogs.DSEditPropertyDialog;ComplexClass
pde;org.eclipse.pde.internal.ds.ui.parts.FormEntry;ComplexClass
pde;org.eclipse.pde.internal.ua.core.cheatsheet.simple.text.SimpleCSDocumentFactory;ComplexClass
pde;org.eclipse.pde.internal.ua.ui.editor.toc.TocTreeSection;ComplexClass
pde;org.eclipse.pde.internal.ua.ui.editor.toc.TocHyperlinkDetector;ComplexClass
pde;org.eclipse.pde.internal.ua.ui.editor.toc.TocPage;ComplexClass
pde;org.eclipse.pde.internal.ua.ui.editor.ctxhelp.CtxHelpTreeSection;ComplexClass
pde;org.eclipse.pde.internal.ua.ui.editor.ctxhelp.CtxHelpPage;ComplexClass
pde;org.eclipse.pde.internal.ua.ui.editor.cheatsheet.simple.SimpleCSHyperlinkDetector;ComplexClass
pde;org.eclipse.pde.internal.ua.ui.editor.cheatsheet.simple.details.SimpleCSHelpDetails;ComplexClass
pde;org.eclipse.pde.internal.ua.ui.editor.cheatsheet.simple.SimpleCSMasterTreeSection;ComplexClass
pde;org.eclipse.pde.internal.ua.ui.editor.cheatsheet.simple.SimpleCSSourcePage;ComplexClass
pde;org.eclipse.pde.internal.ua.ui.PDEUserAssistanceLabelProvider;ComplexClass
pde;org.eclipse.pde.unittest.junit.launcher.JUnitPluginLaunchConfigurationDelegate;ComplexClass
pde;org.eclipse.pde.ui.tests.launcher.FeatureBasedLaunchTest;ComplexClass
pde;org.eclipse.pde.ui.tests.target.TargetPlatformHelperTests;ComplexClass
pde;org.eclipse.pde.ui.tests.target.TargetEnvironmentTestCase;ComplexClass
pde;org.eclipse.pde.spy.event.internal.ui.CapturedEventTree;ComplexClass
pde;org.eclipse.pde.internal.launching.sourcelookup.PDESourceLookupDirector;ComplexClass
pde;org.eclipse.pde.internal.launching.sourcelookup.PDESourceLookupQuery;ComplexClass
pde;org.eclipse.pde.internal.launching.launcher.LauncherUtils;ComplexClass
pde;org.eclipse.pde.internal.launching.launcher.VMHelper;ComplexClass
pde;org.eclipse.pde.internal.launching.launcher.BundleLauncherHelper;ComplexClass
pde;org.eclipse.pde.internal.launching.launcher.LaunchArgumentsHelper;ComplexClass
pde;org.eclipse.pde.internal.launching.launcher.LaunchValidationOperation;ComplexClass
pde;org.eclipse.pde.internal.launching.launcher.LaunchConfigurationHelper;ComplexClass
pde;org.eclipse.pde.launching.EclipseApplicationLaunchConfiguration;ComplexClass
pde;org.eclipse.pde.launching.JUnitLaunchConfigurationDelegate;ComplexClass
pde;org.eclipse.pde.launching.AbstractPDELaunchConfiguration;ComplexClass
pde;org.eclipse.pde.spy.bundle.BundleSpyPart;ComplexClass
pde;org.eclipse.pde.internal.runtime.registry.RegistryBrowserContentProvider;ComplexClass
pde;org.eclipse.pde.internal.runtime.registry.RegistryBrowserModelChangeListener;ComplexClass
pde;org.eclipse.pde.internal.runtime.registry.model.LocalRegistryBackend;ComplexClass
pde;org.eclipse.pde.internal.runtime.registry.model.Folder;ComplexClass
pde;org.eclipse.pde.internal.runtime.registry.model.Extension;ComplexClass
pde;org.eclipse.pde.internal.runtime.registry.RegistryBrowserLabelProvider;ComplexClass
pde;org.eclipse.pde.internal.runtime.registry.RegistryBrowser;ComplexClass
pde;org.eclipse.pde.internal.runtime.spy.sections.ActivePartSection;ComplexClass
pde;org.eclipse.pde.internal.runtime.spy.sections.ActiveHelpSection;ComplexClass
pde;org.eclipse.pde.internal.runtime.spy.handlers.MenuSpyHandler;ComplexClass
pde;org.eclipse.tools.layout.spy.internal.displayfilter.Painter;ComplexClass
pde;org.eclipse.tools.layout.spy.internal.dialogs.LayoutSpyDialog;ComplexClass
pde;org.eclipse.pde.internal.ui.templates.ide.HelpTemplate;ComplexClass
pde;$packageName$.$javaClassPrefix$ReconcilerStrategy;ComplexClass
pde;org.eclipse.pde.internal.core.ant.ConvertSchemaToHTML;ComplexClass
pde;org.eclipse.pde.core.target.TargetBundle;ComplexClass
pde;org.eclipse.pde.internal.core.project.ProjectModifyOperation;ComplexClass
pde;org.eclipse.pde.internal.core.project.BundleProjectDescription;ComplexClass
pde;org.eclipse.pde.internal.core.ClasspathComputer;ComplexClass
pde;org.eclipse.pde.internal.core.WorkspacePluginModelManager;ComplexClass
pde;org.eclipse.pde.internal.core.product.ConfigurationFileInfo;ComplexClass
pde;org.eclipse.pde.internal.core.product.WindowImages;ComplexClass
pde;org.eclipse.pde.internal.core.product.ArgumentsInfo;ComplexClass
pde;org.eclipse.pde.internal.core.product.Product;ComplexClass
pde;org.eclipse.pde.internal.core.DependencyManager;ComplexClass
pde;org.eclipse.pde.internal.core.WorkspaceModelManager;ComplexClass
pde;org.eclipse.pde.internal.core.schema.Schema;ComplexClass
pde;org.eclipse.pde.internal.core.schema.SchemaElement;ComplexClass
pde;org.eclipse.pde.internal.core.schema.SchemaCompositor;ComplexClass
pde;org.eclipse.pde.internal.core.schema.SchemaAttribute;ComplexClass
pde;org.eclipse.pde.internal.core.schema.IncludedSchemaDescriptor;ComplexClass
pde;org.eclipse.pde.internal.core.bundle.BundleModel;ComplexClass
pde;org.eclipse.pde.internal.core.bundle.BundlePluginBase;ComplexClass
pde;org.eclipse.pde.internal.core.builders.PluginBaseErrorReporter;ComplexClass
pde;org.eclipse.pde.internal.core.builders.SchemaErrorReporter;ComplexClass
pde;org.eclipse.pde.internal.core.builders.IncrementalErrorReporter;ComplexClass
pde;org.eclipse.pde.internal.core.builders.ManifestConsistencyChecker;ComplexClass
pde;org.eclipse.pde.internal.core.builders.ManifestConsistencyChecker.SelfVisitor;ComplexClass
pde;org.eclipse.pde.internal.core.builders.DependencyLoopFinder;ComplexClass
pde;org.eclipse.pde.internal.core.builders.JarManifestErrorReporter;ComplexClass
pde;org.eclipse.pde.internal.core.builders.BundleErrorReporter;ComplexClass
pde;org.eclipse.pde.internal.core.builders.SchemaTransformer;ComplexClass
pde;org.eclipse.pde.internal.core.builders.FeatureErrorReporter;ComplexClass
pde;org.eclipse.pde.internal.core.builders.XMLErrorReporter;ComplexClass
pde;org.eclipse.pde.internal.core.builders.SourceEntryErrorReporter;ComplexClass
pde;org.eclipse.pde.internal.core.builders.BuildErrorReporter;ComplexClass
pde;org.eclipse.pde.internal.core.builders.ExtensionsErrorReporter;ComplexClass
pde;org.eclipse.pde.internal.core.util.PDEJavaHelper;ComplexClass
pde;org.eclipse.pde.internal.core.util.CoreUtility;ComplexClass
pde;org.eclipse.pde.internal.core.util.ManifestUtils;ComplexClass
pde;org.eclipse.pde.internal.core.util.PDEHTMLHelper;ComplexClass
pde;org.eclipse.pde.internal.core.util.PDESchemaHelper;ComplexClass
pde;org.eclipse.pde.internal.core.util.PDETextHelper;ComplexClass
pde;org.eclipse.pde.internal.core.util.PropertiesUtil;ComplexClass
pde;org.eclipse.pde.internal.core.util.PDEXMLHelper;ComplexClass
pde;org.eclipse.pde.internal.core.FeatureModelManager;ComplexClass
pde;org.eclipse.pde.internal.core.RequiredPluginsClasspathContainer;ComplexClass
pde;org.eclipse.pde.internal.core.exports.FeatureBasedExportOperation;ComplexClass
pde;org.eclipse.pde.internal.core.exports.ProductExportOperation;ComplexClass
pde;org.eclipse.pde.internal.core.exports.FeatureExportOperation;ComplexClass
pde;org.eclipse.pde.internal.core.PDERegistryStrategy;ComplexClass
pde;org.eclipse.pde.internal.core.PluginModelManager;ComplexClass
pde;org.eclipse.pde.internal.core.PDEState;ComplexClass
pde;org.eclipse.pde.internal.core.PDEClasspathContainer;ComplexClass
pde;org.eclipse.pde.internal.core.plugin.Plugin;ComplexClass
pde;org.eclipse.pde.internal.core.plugin.Fragment;ComplexClass
pde;org.eclipse.pde.internal.core.plugin.PluginBase;ComplexClass
pde;org.eclipse.pde.internal.core.plugin.PluginImport;ComplexClass
pde;org.eclipse.pde.internal.core.plugin.PluginExtension;ComplexClass
pde;org.eclipse.pde.internal.core.site.Site;ComplexClass
pde;org.eclipse.pde.internal.core.site.SiteFeature;ComplexClass
pde;org.eclipse.pde.internal.core.feature.FeatureChild;ComplexClass
pde;org.eclipse.pde.internal.core.feature.Feature;ComplexClass
pde;org.eclipse.pde.internal.core.update.configurator.PlatformConfiguration;ComplexClass
pde;org.eclipse.pde.internal.core.update.configurator.SiteEntry;ComplexClass
pde;org.eclipse.pde.internal.core.update.configurator.ConfigurationParser;ComplexClass
pde;org.eclipse.pde.internal.core.PDEAuxiliaryState;ComplexClass
pde;org.eclipse.pde.internal.core.P2Utils;ComplexClass
pde;org.eclipse.pde.internal.core.SourceLocationManager;ComplexClass
pde;org.eclipse.pde.internal.core.TargetPlatformHelper;ComplexClass
pde;org.eclipse.pde.internal.core.ClasspathHelper;ComplexClass
pde;org.eclipse.pde.internal.core.target.TargetDefinition;ComplexClass
pde;org.eclipse.pde.internal.core.target.TargetPersistence36Helper;ComplexClass
pde;org.eclipse.pde.internal.core.target.P2TargetUtils;ComplexClass
pde;org.eclipse.pde.internal.core.target.TargetPersistence34Helper;ComplexClass
pde;org.eclipse.pde.internal.core.target.TargetDefinitionDocumentTools;ComplexClass
pde;org.eclipse.pde.internal.core.target.IULocationFactory;ComplexClass
pde;org.eclipse.pde.internal.core.target.IUBundleContainer;ComplexClass
pde;org.eclipse.pde.internal.core.target.TargetDefinitionPersistenceHelper;ComplexClass
pde;org.eclipse.pde.internal.core.target.TargetPersistence35Helper;ComplexClass
pde;org.eclipse.pde.internal.core.target.TargetPersistence38Helper;ComplexClass
pde;org.eclipse.pde.internal.core.target.TargetMetadataCollector;ComplexClass
pde;org.eclipse.pde.internal.core.target.ProfileBundleContainer;ComplexClass
pde;org.eclipse.pde.internal.core.target.FeatureBundleContainer;ComplexClass
pde;org.eclipse.pde.internal.core.BundleManifestSourceLocationManager;ComplexClass
pde;org.eclipse.pde.internal.core.SearchablePluginsManager;ComplexClass
pde;org.eclipse.pde.internal.core.text.bundle.BundleModelFactory;ComplexClass
pde;org.eclipse.pde.internal.core.text.bundle.ExportPackageObject;ComplexClass
pde;org.eclipse.pde.internal.core.text.bundle.RequireBundleHeader;ComplexClass
pde;org.eclipse.pde.internal.core.text.bundle.PDEManifestElement;ComplexClass
pde;org.eclipse.pde.internal.core.text.DocumentHandler;ComplexClass
pde;org.eclipse.pde.internal.core.text.plugin.XMLTextChangeListener;ComplexClass
pde;org.eclipse.pde.internal.core.text.plugin.PluginDocumentHandler;ComplexClass
pde;org.eclipse.pde.internal.core.text.plugin.PluginDocumentNodeFactory;ComplexClass
pde;org.eclipse.pde.internal.core.text.NodeDocumentHandler;ComplexClass
pde;org.eclipse.pde.internal.core.text.build.Build;ComplexClass
pde;org.eclipse.pde.internal.genericeditor.target.extension.autocomplete.processors.AttributeValueCompletionProcessor;ComplexClass
pde;org.eclipse.pde.internal.genericeditor.target.extension.autocomplete.processors.TagCompletionProcessor;ComplexClass
pde;org.eclipse.pde.internal.genericeditor.target.extension.autocomplete.TargetDefinitionContentAssist;ComplexClass
pde;org.eclipse.pde.internal.genericeditor.target.extension.model.xml.Parser;ComplexClass
pde;org.eclipse.pde.internal.genericeditor.target.extension.command.UpdateUnitVersions;ComplexClass
pde;org.eclipse.pde.internal.genericeditor.target.extension.reconciler.folding.FoldingReconcilerStrategy;ComplexClass
pde;org.eclipse.pde.internal.spy.context.ContextDataProvider;ComplexClass
pde;org.eclipse.pde.spy.preferences.model.PreferenceEntry;ComplexClass
pde;org.eclipse.ui.trace.internal.providers.TracingComponentLabelProvider;ComplexClass
pde;org.eclipse.ui.trace.internal.datamodel.TracingComponentDebugOption;ComplexClass
pde;org.eclipse.pde.ui.templates.AbstractTemplateSection;ComplexClass
pde;org.eclipse.pde.internal.ui.PDELabelProvider;ComplexClass
pde;org.eclipse.pde.internal.ui.preferences.BuildJob;ComplexClass
pde;org.eclipse.pde.internal.ui.preferences.MainPreferencePage;ComplexClass
pde;org.eclipse.pde.internal.ui.preferences.TargetPlatformPreferencePage;ComplexClass
pde;org.eclipse.pde.internal.ui.preferences.TargetPlatformPreferencePage.TargetLabelProvider;ComplexClass
pde;org.eclipse.pde.internal.ui.preferences.AddToJavaSearchJob;ComplexClass
pde;org.eclipse.pde.internal.ui.preferences.PDECompilersConfigurationBlock;ComplexClass
pde;org.eclipse.pde.internal.ui.util.PDEModelUtility;ComplexClass
pde;org.eclipse.pde.internal.ui.util.TemplateFileGenerator;ComplexClass
pde;org.eclipse.pde.internal.ui.util.TextUtil;ComplexClass
pde;org.eclipse.pde.internal.ui.util.PDEJavaHelperUI;ComplexClass
pde;org.eclipse.pde.internal.ui.util.SharedLabelProvider;ComplexClass
pde;org.eclipse.pde.internal.ui.util.ExtensionsFilterUtil;ComplexClass
pde;org.eclipse.pde.internal.ui.util.PDELabelUtility;ComplexClass
pde;org.eclipse.pde.internal.ui.launcher.FeatureBlock;ComplexClass
pde;org.eclipse.pde.internal.ui.launcher.FeatureBlock.FeatureTreeLabelProvider;ComplexClass
pde;org.eclipse.pde.internal.ui.launcher.FeatureBlock.ButtonSelectionListener;ComplexClass
pde;org.eclipse.pde.internal.ui.launcher.AbstractPluginBlock;ComplexClass
pde;org.eclipse.pde.internal.ui.launcher.AbstractPluginBlock.Listener;ComplexClass
pde;org.eclipse.pde.internal.ui.launcher.PluginBlock;ComplexClass
pde;org.eclipse.pde.internal.ui.launcher.BlockAdapter;ComplexClass
pde;org.eclipse.pde.internal.ui.launcher.TracingBlock;ComplexClass
pde;org.eclipse.pde.internal.ui.nls.ExternalizeStringsWizardPage;ComplexClass
pde;org.eclipse.pde.internal.ui.nls.GetNonExternalizedStringsOperation;ComplexClass
pde;org.eclipse.pde.internal.ui.nls.StringHelper;ComplexClass
pde;org.eclipse.pde.internal.ui.nls.NLSFragmentGenerator;ComplexClass
pde;org.eclipse.pde.internal.ui.search.FindReferencesAction;ComplexClass
pde;org.eclipse.pde.internal.ui.search.dependencies.DependencyExtentOperation;ComplexClass
pde;org.eclipse.pde.internal.ui.search.dependencies.PackageFinder;ComplexClass
pde;org.eclipse.pde.internal.ui.search.dependencies.AddNewDependenciesOperation;ComplexClass
pde;org.eclipse.pde.internal.ui.search.dependencies.GatherUnusedDependenciesOperation;ComplexClass
pde;org.eclipse.pde.internal.ui.search.PluginSearchPage;ComplexClass
pde;org.eclipse.pde.internal.ui.search.ExtensionsPatternFilter;ComplexClass
pde;org.eclipse.pde.internal.ui.search.ClassSearchParticipant;ComplexClass
pde;org.eclipse.pde.internal.ui.search.dialogs.FilteredPluginArtifactsSelectionDialog.PluginSearchSelectionHistory;ComplexClass
pde;org.eclipse.pde.internal.ui.search.dialogs.FilteredPluginArtifactsSelectionDialog.PluginSearchComparator;ComplexClass
pde;org.eclipse.pde.internal.ui.wizards.product.ProductFromConfigOperation;ComplexClass
pde;org.eclipse.pde.internal.ui.wizards.product.ProductIntroOperation;ComplexClass
pde;org.eclipse.pde.internal.ui.wizards.imports.PluginImportWizardFirstPage;ComplexClass
pde;org.eclipse.pde.internal.ui.wizards.imports.PluginImportOperation;ComplexClass
pde;org.eclipse.pde.internal.ui.wizards.imports.FeatureImportOperation;ComplexClass
pde;org.eclipse.pde.internal.ui.wizards.imports.PluginImportHelper;ComplexClass
pde;org.eclipse.pde.internal.ui.wizards.WizardElement;ComplexClass
pde;org.eclipse.pde.internal.ui.wizards.tools.OrganizeManifestsAction;ComplexClass
pde;org.eclipse.pde.internal.ui.wizards.tools.OrganizeManifestsWizardPage;ComplexClass
pde;org.eclipse.pde.internal.ui.wizards.tools.ConvertProjectToPluginOperation;ComplexClass
pde;org.eclipse.pde.internal.ui.wizards.tools.OrganizeManifest;ComplexClass
pde;org.eclipse.pde.internal.ui.wizards.tools.ConvertProjectsAction;ComplexClass
pde;org.eclipse.pde.internal.ui.wizards.tools.UpdateClasspathAction;ComplexClass
pde;org.eclipse.pde.internal.ui.wizards.tools.ConvertPreferencesWizard;ComplexClass
pde;org.eclipse.pde.internal.ui.wizards.tools.OrganizeManifestsProcessor;ComplexClass
pde;org.eclipse.pde.internal.ui.wizards.templates.PreprocessorParser;ComplexClass
pde;org.eclipse.pde.internal.ui.wizards.templates.PreprocessorParser.ExpressionNode;ComplexClass
pde;org.eclipse.pde.internal.ui.wizards.exports.BaseExportWizardPage;ComplexClass
pde;org.eclipse.pde.internal.ui.wizards.exports.ProductConfigurationSection;ComplexClass
pde;org.eclipse.pde.internal.ui.wizards.exports.ExportDestinationTab;ComplexClass
pde;org.eclipse.pde.internal.ui.wizards.exports.AntGeneratingExportWizard;ComplexClass
pde;org.eclipse.pde.internal.ui.wizards.extension.PointSelectionPage;ComplexClass
pde;org.eclipse.pde.internal.ui.wizards.extension.BaseExtensionPointMainPage;ComplexClass
pde;org.eclipse.pde.internal.ui.wizards.extension.NewExtensionRegistryReader;ComplexClass
pde;org.eclipse.pde.internal.ui.wizards.plugin.NewProjectCreationOperation;ComplexClass
pde;org.eclipse.pde.internal.ui.wizards.plugin.NewLibraryPluginCreationOperation;ComplexClass
pde;org.eclipse.pde.internal.ui.wizards.plugin.PluginContentPage;ComplexClass
pde;org.eclipse.pde.internal.ui.wizards.plugin.FragmentContentPage;ComplexClass
pde;org.eclipse.pde.internal.ui.wizards.target.TargetDefinitionContentPage;ComplexClass
pde;org.eclipse.pde.internal.ui.wizards.BundleProjectConfigurator;ComplexClass
pde;org.eclipse.pde.internal.ui.editor.actions.HyperlinkAction;ComplexClass
pde;org.eclipse.pde.internal.ui.editor.PDELauncherFormEditor;ComplexClass
pde;org.eclipse.pde.internal.ui.editor.targetdefinition.TargetEditor.TargetChangedListener;ComplexClass
pde;org.eclipse.pde.internal.ui.editor.targetdefinition.EnvironmentSection;ComplexClass
pde;org.eclipse.pde.internal.ui.editor.targetdefinition.JRESection;ComplexClass
pde;org.eclipse.pde.internal.ui.editor.product.PluginSection;ComplexClass
pde;org.eclipse.pde.internal.ui.editor.product.PluginConfigurationSection;ComplexClass
pde;org.eclipse.pde.internal.ui.editor.product.FeatureSection;ComplexClass
pde;org.eclipse.pde.internal.ui.editor.product.PreferencesSection;ComplexClass
pde;org.eclipse.pde.internal.ui.editor.product.ArgumentsSection;ComplexClass
pde;org.eclipse.pde.internal.ui.editor.schema.ElementSection;ComplexClass
pde;org.eclipse.pde.internal.ui.editor.schema.SchemaRearranger;ComplexClass
pde;org.eclipse.pde.internal.ui.editor.schema.SchemaIdentifierAttributeDetails;ComplexClass
pde;org.eclipse.pde.internal.ui.editor.schema.ElementSectionDropAdapter;ComplexClass
pde;org.eclipse.pde.internal.ui.editor.schema.DocSection;ComplexClass
pde;org.eclipse.pde.internal.ui.editor.schema.SchemaFormPage.SchemaBlock;ComplexClass
pde;org.eclipse.pde.internal.ui.editor.schema.NewClassCreationWizard;ComplexClass
pde;org.eclipse.pde.internal.ui.editor.schema.SchemaAttributeDetails;ComplexClass
pde;org.eclipse.pde.internal.ui.editor.schema.SchemaStringAttributeDetails;ComplexClass
pde;org.eclipse.pde.internal.ui.editor.schema.SchemaElementDetails;ComplexClass
pde;org.eclipse.pde.internal.ui.editor.OpenManifestHandler;ComplexClass
pde;org.eclipse.pde.internal.ui.editor.contentassist.XMLContentAssistProcessor;ComplexClass
pde;org.eclipse.pde.internal.ui.editor.contentassist.XMLCompletionProposal;ComplexClass
pde;org.eclipse.pde.internal.ui.editor.contentassist.ManifestContentAssistProcessor;ComplexClass
pde;org.eclipse.pde.internal.ui.editor.contentassist.XMLInsertionComputer;ComplexClass
pde;org.eclipse.pde.internal.ui.editor.contentassist.XMLContentAssistText;ComplexClass
pde;org.eclipse.pde.internal.ui.editor.plugin.PluginInputContext;ComplexClass
pde;org.eclipse.pde.internal.ui.editor.plugin.ExecutionEnvironmentSection;ComplexClass
pde;org.eclipse.pde.internal.ui.editor.plugin.JavaAttributeWizardPage;ComplexClass
pde;org.eclipse.pde.internal.ui.editor.plugin.ManifestEditorMatchingStrategy;ComplexClass
pde;org.eclipse.pde.internal.ui.editor.plugin.ImportPackageSection;ComplexClass
pde;org.eclipse.pde.internal.ui.editor.plugin.PluginInputContextManager;ComplexClass
pde;org.eclipse.pde.internal.ui.editor.plugin.PluginUndoManager;ComplexClass
pde;org.eclipse.pde.internal.ui.editor.plugin.RequiresSection;ComplexClass
pde;org.eclipse.pde.internal.ui.editor.plugin.BundleHyperlinkDetector;ComplexClass
pde;org.eclipse.pde.internal.ui.editor.plugin.ExtensionsSection;ComplexClass
pde;org.eclipse.pde.internal.ui.editor.plugin.LibrarySection;ComplexClass
pde;org.eclipse.pde.internal.ui.editor.plugin.ExportPackageSection;ComplexClass
pde;org.eclipse.pde.internal.ui.editor.plugin.OverviewPage;ComplexClass
pde;org.eclipse.pde.internal.ui.editor.plugin.DependencyAnalysisSection;ComplexClass
pde;org.eclipse.pde.internal.ui.editor.plugin.BundleSourcePage;ComplexClass
pde;org.eclipse.pde.internal.ui.editor.plugin.BundleSourcePage.BundleLabelProvider;ComplexClass
pde;org.eclipse.pde.internal.ui.editor.plugin.ManifestOutlinePage;ComplexClass
pde;org.eclipse.pde.internal.ui.editor.plugin.ManifestHyperlinkDetector;ComplexClass
pde;org.eclipse.pde.internal.ui.editor.plugin.ManifestEditor;ComplexClass
pde;org.eclipse.pde.internal.ui.editor.plugin.ExtensionElementDetails;ComplexClass
pde;org.eclipse.pde.internal.ui.editor.plugin.ExtensionPointDetails;ComplexClass
pde;org.eclipse.pde.internal.ui.editor.plugin.rows.ExtensionAttributeRow;ComplexClass
pde;org.eclipse.pde.internal.ui.editor.category.CategoryUndoManager;ComplexClass
pde;org.eclipse.pde.internal.ui.editor.category.CategorySection;ComplexClass
pde;org.eclipse.pde.internal.ui.editor.category.CategorySection.CategoryContentProvider;ComplexClass
pde;org.eclipse.pde.internal.ui.editor.category.CategoryOutlinePage;ComplexClass
pde;org.eclipse.pde.internal.ui.editor.category.CategoryDetailsSection;ComplexClass
pde;org.eclipse.pde.internal.ui.editor.site.SiteOutlinePage;ComplexClass
pde;org.eclipse.pde.internal.ui.editor.site.CategorySection;ComplexClass
pde;org.eclipse.pde.internal.ui.editor.feature.FeatureEditorMatchingStrategy;ComplexClass
pde;org.eclipse.pde.internal.ui.editor.feature.InfoSection;ComplexClass
pde;org.eclipse.pde.internal.ui.editor.feature.FeatureSpecSection;ComplexClass
pde;org.eclipse.pde.internal.ui.editor.feature.RequiresSection;ComplexClass
pde;org.eclipse.pde.internal.ui.editor.feature.LicenseFeatureSection;ComplexClass
pde;org.eclipse.pde.internal.ui.editor.feature.FeatureOutlinePage;ComplexClass
pde;org.eclipse.pde.internal.ui.editor.feature.IncludedFeaturesDetailsSection;ComplexClass
pde;org.eclipse.pde.internal.ui.editor.feature.FeatureFormPage;ComplexClass
pde;org.eclipse.pde.internal.ui.editor.text.PDEQuickAssistAssistant.PDEQuickAssistProcessor;ComplexClass
pde;org.eclipse.pde.internal.ui.editor.text.PluginXMLTextHover;ComplexClass
pde;org.eclipse.pde.internal.ui.editor.text.TranslationHyperlink;ComplexClass
pde;org.eclipse.pde.internal.ui.editor.text.PDEWordFinder;ComplexClass
pde;org.eclipse.pde.internal.ui.editor.context.XMLInputContext;ComplexClass
pde;org.eclipse.pde.internal.ui.editor.build.RuntimeInfoSection;ComplexClass
pde;org.eclipse.pde.internal.ui.editor.build.BinSection;ComplexClass
pde;org.eclipse.pde.internal.ui.editor.build.BuildContentsSection;ComplexClass
pde;org.eclipse.pde.internal.ui.editor.build.BuildHyperlinkDetector;ComplexClass
pde;org.eclipse.pde.internal.ui.editor.PDESourcePage;ComplexClass
pde;org.eclipse.pde.internal.ui.editor.PDEFormEditor;ComplexClass
pde;org.eclipse.pde.internal.ui.editor.outline.QuickOutlinePopupDialog;ComplexClass
pde;org.eclipse.pde.internal.ui.editor.PDEDropAdapter;ComplexClass
pde;org.eclipse.pde.internal.ui.refactoring.PluginManifestChange;ComplexClass
pde;org.eclipse.pde.internal.ui.refactoring.BundleManifestChange;ComplexClass
pde;org.eclipse.pde.internal.ui.refactoring.CreateHeaderChangeOperation;ComplexClass
pde;org.eclipse.pde.internal.ui.correction.ConfigureProblemSeverityForPDECompilerResolution;ComplexClass
pde;org.eclipse.pde.internal.ui.correction.ResolutionGenerator;ComplexClass
pde;org.eclipse.pde.internal.ui.correction.AbstractXMLMarkerResolution;ComplexClass
pde;org.eclipse.pde.internal.ui.correction.java.JavaResolutionFactory.RequireBundleManifestChange;ComplexClass
pde;org.eclipse.pde.internal.ui.correction.java.QuickFixProcessor;ComplexClass
pde;org.eclipse.pde.internal.ui.correction.java.FindClassResolutionsOperation;ComplexClass
pde;org.eclipse.pde.internal.ui.parts.FormEntry;ComplexClass
pde;org.eclipse.pde.internal.ui.parts.PDESourceViewer;ComplexClass
pde;org.eclipse.pde.internal.ui.build.BaseBuildAction;ComplexClass
pde;org.eclipse.pde.internal.ui.build.RuntimeInstallJob;ComplexClass
pde;org.eclipse.pde.internal.ui.views.features.support.PluginSupport;ComplexClass
pde;org.eclipse.pde.internal.ui.views.features.viewer.FeatureElementComparer;ComplexClass
pde;org.eclipse.pde.internal.ui.views.imagebrowser.ImageBrowserView;ComplexClass
pde;org.eclipse.pde.internal.ui.views.imagebrowser.repositories.WorkspaceRepository;ComplexClass
pde;org.eclipse.pde.internal.ui.views.imagebrowser.repositories.AbstractRepository;ComplexClass
pde;org.eclipse.pde.internal.ui.views.imagebrowser.ImageElement;ComplexClass
pde;org.eclipse.pde.internal.ui.views.dependencies.DependenciesLabelProvider;ComplexClass
pde;org.eclipse.pde.internal.ui.views.dependencies.DependenciesView;ComplexClass
pde;org.eclipse.pde.internal.ui.views.dependencies.DependenciesViewPage;ComplexClass
pde;org.eclipse.pde.internal.ui.views.dependencies.CalleesContentProvider;ComplexClass
pde;org.eclipse.pde.internal.ui.views.dependencies.CalleesListContentProvider;ComplexClass
pde;org.eclipse.pde.internal.ui.views.plugins.PluginsView;ComplexClass
pde;org.eclipse.pde.internal.ui.views.plugins.ImportActionGroup;ComplexClass
pde;org.eclipse.pde.internal.ui.shared.target.ArgumentsFromContainerSelectionDialog;ComplexClass
pde;org.eclipse.pde.internal.ui.shared.target.AddFeatureContainersPage;ComplexClass
pde;org.eclipse.pde.internal.ui.shared.target.IUFactory;ComplexClass
pde;org.eclipse.pde.internal.ui.shared.target.TargetLocationContentProvider;ComplexClass
pde;org.eclipse.pde.internal.ui.shared.target.TargetLocationsGroup;ComplexClass
pde;org.eclipse.pde.internal.ui.shared.target.TargetContentsGroup;ComplexClass
pde;org.eclipse.pde.internal.ui.shared.target.TargetContentsGroup.TreeContentProvider;ComplexClass
pde;org.eclipse.pde.internal.ui.shared.target.EditProfileContainerPage;ComplexClass
pde;org.eclipse.pde.internal.ui.shared.target.EditIUContainerPage;ComplexClass
pde;org.eclipse.pde.internal.ui.shared.target.AddBundleContainerSelectionPage;ComplexClass
pde;org.eclipse.pde.internal.ui.shared.target.StyledBundleLabelProvider;ComplexClass
pde;org.eclipse.pde.internal.ui.shared.target.TargetStatus.TargetStatusLineContributionItem;ComplexClass
pde;org.eclipse.pde.internal.ui.shared.CachedCheckboxTreeViewer;ComplexClass
pde;org.eclipse.pde.internal.ui.samples.SampleOperation;ComplexClass
pde;org.eclipse.pde.spy.css.CssSpyPart;ComplexClass
pde;org.eclipse.pde.api.tools.ui.internal.actions.DeltaSession;ComplexClass
pde;org.eclipse.pde.api.tools.ui.internal.actions.DeltaSession.TreeNode;ComplexClass
pde;...projects.pde.apitools.org.eclipse.pde.api.tools.ui.src.org.eclipse.pde.api.tools.ui.internal.actions.DeltaSession;ComplexClass
pde;org.eclipse.pde.api.tools.ui.internal.actions.ExportSessionAction;ComplexClass
pde;org.eclipse.pde.api.tools.ui.internal.ApiToolsLabelProvider;ComplexClass
pde;org.eclipse.pde.api.tools.ui.internal.properties.ApiFiltersPropertyPage;ComplexClass
pde;org.eclipse.pde.api.tools.ui.internal.preferences.ApiUseScanPreferencePage;ComplexClass
pde;org.eclipse.pde.api.tools.ui.internal.preferences.ApiBaselinePreferencePage;ComplexClass
pde;org.eclipse.pde.api.tools.ui.internal.preferences.ApiBaselinesConfigurationBlock;ComplexClass
pde;org.eclipse.pde.api.tools.ui.internal.completion.APIToolsJavadocCompletionProposalComputer;ComplexClass
pde;org.eclipse.pde.api.tools.ui.internal.use.ApiUseScanJob;ComplexClass
pde;org.eclipse.pde.api.tools.ui.internal.use.ApiUsePatternTab;ComplexClass
pde;org.eclipse.pde.api.tools.ui.internal.use.ApiUseScanTab;ComplexClass
pde;org.eclipse.pde.api.tools.ui.internal.markers.PDEConfigureProblemSeverityAction;ComplexClass
pde;org.eclipse.pde.api.tools.ui.internal.markers.NodeFinder;ComplexClass
pde;org.eclipse.pde.api.tools.ui.internal.markers.VersionNumberingResolution;ComplexClass
pde;org.eclipse.pde.api.tools.ui.internal.markers.RemoveUnsupportedTagOperation;ComplexClass
pde;org.eclipse.pde.api.tools.ui.internal.markers.RemoveFilterProblemResolution;ComplexClass
pde;org.eclipse.pde.api.tools.ui.internal.markers.CreateApiFilterOperation;ComplexClass
pde;org.eclipse.pde.api.tools.ui.internal.markers.ApiMarkerResolutionGenerator;ComplexClass
pde;org.eclipse.pde.api.tools.ui.internal.markers.RemoveUnsupportedAnnotationOperation;ComplexClass
pde;org.eclipse.pde.api.tools.ui.internal.markers.UpdateSinceTagOperation;ComplexClass
pde;org.eclipse.pde.api.tools.ui.internal.wizards.ApiToolingSetupWizardPage;ComplexClass
pde;org.eclipse.pde.api.tools.ui.internal.wizards.DirectoryBasedApiBaselineWizardPage;ComplexClass
pde;org.eclipse.pde.api.tools.ui.internal.wizards.JavadocConversionPage;ComplexClass
pde;org.eclipse.pde.api.tools.ui.internal.wizards.TargetBasedApiBaselineWizardPage;ComplexClass
pde;org.eclipse.pde.api.tools.ui.internal.wizards.CompareOperation;ComplexClass
pde;org.eclipse.pde.api.tools.ui.internal.wizards.JavadocConversionRefactoring.TagVisitor;ComplexClass
pde;org.eclipse.pde.api.tools.ui.internal.refactoring.CreateFileChange;ComplexClass
pde;org.eclipse.pde.api.tools.ui.internal.JavaElementActionFilter;ComplexClass
pde;org.eclipse.pde.api.tools.ui.internal.views.APIToolingView.ViewLabelProvider;ComplexClass
pde;org.eclipse.pde.api.tools.tests.util.FileUtils;ComplexClass
pde;org.eclipse.pde.api.tools.model.tests.TestSuiteHelper;ComplexClass
pde;org.eclipse.pde.api.tools.comparator.tests.BundlesDeltaTests;ComplexClass
pde;org.eclipse.pde.api.tools.builder.tests.ApiTestingEnvironment;ComplexClass
pde;org.eclipse.pde.api.tools.builder.tests.ApiBuilderTest;ComplexClass
pde;org.eclipse.pde.api.tools.search.tests.TestReporter;ComplexClass
pde;org.eclipse.pde.api.tools.anttasks.tests.AntRunnerTestCase;ComplexClass
pde;org.eclipse.core.internal.resources.Resource;ComplexClass
pde;...projects.pde.apitools.org.eclipse.pde.api.tools.tests.test-builder.perf.incremental.non-api-struc-change.revert.Resource;ComplexClass
pde;org.eclipse.debug.core.Launch;ComplexClass
pde;...projects.pde.apitools.org.eclipse.pde.api.tools.tests.test-builder.perf.incremental.test1.revert.Launch;ComplexClass
pde;org.eclipse.core.internal.resources.File;ComplexClass
pde;...projects.pde.apitools.org.eclipse.pde.api.tools.tests.test-builder.perf.incremental.non-api-non-struc-change.revert.File;ComplexClass
pde;org.eclipse.pde.api.tools.internal.tasks.CommonUtilsTask;ComplexClass
pde;org.eclipse.pde.api.tools.internal.tasks.APIDeprecationTask;ComplexClass
pde;org.eclipse.pde.api.tools.internal.tasks.APIFreezeTask;ComplexClass
pde;org.eclipse.pde.api.tools.internal.tasks.ApiUseTask;ComplexClass
pde;org.eclipse.pde.api.tools.internal.tasks.APIToolsAnalysisTask;ComplexClass
pde;org.eclipse.pde.api.tools.internal.tasks.APIDeprecationReportConversionTask;ComplexClass
pde;org.eclipse.pde.api.tools.internal.tasks.APIDeprecationReportConversionTask.Entry;ComplexClass
pde;org.eclipse.pde.api.tools.internal.tasks.AnalysisReportConversionTask;ComplexClass
pde;org.eclipse.pde.api.tools.internal.tasks.AnalysisReportConversionTask.ConverterDefaultHandler;ComplexClass
pde;org.eclipse.pde.api.tools.internal.tasks.CompareTask;ComplexClass
pde;org.eclipse.pde.api.tools.internal.tasks.FilterListDeltaVisitor;ComplexClass
pde;org.eclipse.pde.api.tools.internal.tasks.APIFreezeReportConversionTask;ComplexClass
pde;org.eclipse.pde.api.tools.internal.tasks.APIFreezeReportConversionTask.ConverterDefaultHandler;ComplexClass
pde;org.eclipse.pde.api.tools.internal.tasks.APIFreezeReportConversionTask.Entry;ComplexClass
pde;org.eclipse.pde.api.tools.internal.tasks.MissingRefProblemsTask;ComplexClass
pde;org.eclipse.pde.api.tools.internal.WorkspaceDeltaProcessor;ComplexClass
pde;org.eclipse.pde.api.tools.internal.ApiDescriptionManager;ComplexClass
pde;org.eclipse.pde.api.tools.internal.model.BundleComponent;ComplexClass
pde;org.eclipse.pde.api.tools.internal.model.StubApiComponent;ComplexClass
pde;org.eclipse.pde.api.tools.internal.model.ApiBaseline;ComplexClass
pde;org.eclipse.pde.api.tools.internal.model.ProjectComponent;ComplexClass
pde;org.eclipse.pde.api.tools.internal.model.TypeStructureBuilder;ComplexClass
pde;org.eclipse.pde.api.tools.internal.model.ApiModelCache;ComplexClass
pde;org.eclipse.pde.api.tools.internal.model.ApiModelFactory;ComplexClass
pde;org.eclipse.pde.api.tools.internal.model.AbstractApiTypeContainer;ComplexClass
pde;org.eclipse.pde.api.tools.internal.model.DirectoryApiTypeContainer;ComplexClass
pde;org.eclipse.pde.api.tools.internal.util.SinceTagVersion;ComplexClass
pde;org.eclipse.pde.api.tools.internal.util.Util;ComplexClass
pde;org.eclipse.pde.api.tools.internal.util.TarFile.TarInputStream;ComplexClass
pde;org.eclipse.pde.api.tools.internal.util.Signatures;ComplexClass
pde;org.eclipse.pde.api.tools.internal.ProjectApiDescription;ComplexClass
pde;org.eclipse.pde.api.tools.internal.ProjectApiDescription.TypeNode;ComplexClass
pde;org.eclipse.pde.api.tools.internal.SystemApiDescriptionProcessor;ComplexClass
pde;org.eclipse.pde.api.tools.internal.FilterStore;ComplexClass
pde;org.eclipse.pde.api.tools.internal.ApiAnalysisApplication;ComplexClass
pde;org.eclipse.pde.api.tools.internal.ApiAnalysisApplication.Request;ComplexClass
pde;org.eclipse.pde.api.tools.internal.comparator.Delta;ComplexClass
pde;org.eclipse.pde.api.tools.internal.comparator.ClassFileComparator;ComplexClass
pde;org.eclipse.pde.api.tools.internal.comparator.Messages;ComplexClass
pde;org.eclipse.pde.api.tools.internal.builder.LeakExtendsProblemDetector;ComplexClass
pde;org.eclipse.pde.api.tools.internal.builder.ApiAnalysisBuilder;ComplexClass
pde;org.eclipse.pde.api.tools.internal.builder.AbstractIllegalTypeReference;ComplexClass
pde;org.eclipse.pde.api.tools.internal.builder.Reference;ComplexClass
pde;org.eclipse.pde.api.tools.internal.builder.IncrementalApiBuilder;ComplexClass
pde;org.eclipse.pde.api.tools.internal.builder.IncrementalApiBuilder.ResourceDeltaVisitor;ComplexClass
pde;org.eclipse.pde.api.tools.internal.builder.BuildState;ComplexClass
pde;org.eclipse.pde.api.tools.internal.builder.ReferenceAnalyzer.Visitor;ComplexClass
pde;org.eclipse.pde.api.tools.internal.builder.AbstractProblemDetector;ComplexClass
pde;org.eclipse.pde.api.tools.internal.builder.ReferenceExtractor;ComplexClass
pde;org.eclipse.pde.api.tools.internal.builder.ReferenceExtractor.ClassFileMethodVisitor;ComplexClass
pde;org.eclipse.pde.api.tools.internal.builder.ReferenceExtractor.LinePositionTracker;ComplexClass
pde;org.eclipse.pde.api.tools.internal.builder.BaseApiAnalyzer;ComplexClass
pde;org.eclipse.pde.api.tools.internal.builder.TagValidator;ComplexClass
pde;org.eclipse.pde.api.tools.internal.builder.SystemApiDetector;ComplexClass
pde;org.eclipse.pde.api.tools.internal.builder.ProblemDetectorBuilder;ComplexClass
pde;org.eclipse.pde.api.tools.internal.builder.MethodLeakDetector;ComplexClass
pde;org.eclipse.pde.api.tools.internal.search.ConsumerReportConvertor;ComplexClass
pde;org.eclipse.pde.api.tools.internal.search.ConsumerReportConvertor.ConsumerReportVisitor;ComplexClass
pde;org.eclipse.pde.api.tools.internal.search.UseScanParser;ComplexClass
pde;org.eclipse.pde.api.tools.internal.search.XmlReferenceDescriptorWriter;ComplexClass
pde;org.eclipse.pde.api.tools.internal.search.UseReportConverter;ComplexClass
pde;org.eclipse.pde.api.tools.internal.search.UseReportConverter.Visitor;ComplexClass
pde;org.eclipse.pde.api.tools.internal.search.MissingRefReportConverter.MissingRefVisitor;ComplexClass
pde;org.eclipse.pde.api.tools.internal.search.UseScanManager;ComplexClass
pde;org.eclipse.pde.api.tools.internal.problems.ApiProblemFactory;ComplexClass
pde;org.eclipse.pde.api.tools.internal.problems.ApiProblem;ComplexClass
pde;org.eclipse.pde.api.tools.internal.provisional.RestrictionModifiers;ComplexClass
pde;org.eclipse.pde.api.tools.internal.provisional.ApiPlugin;ComplexClass
pde;org.eclipse.pde.api.tools.internal.provisional.comparator.DeltaProcessor;ComplexClass
pde;org.eclipse.pde.api.tools.internal.provisional.comparator.ApiComparator;ComplexClass
pde;org.eclipse.pde.api.tools.internal.provisional.search.ApiSearchEngine;ComplexClass
pde;org.eclipse.pde.api.tools.internal.provisional.ProfileModifiers;ComplexClass
pde;org.eclipse.pde.api.tools.internal.provisional.scanner.TagScanner.Visitor;ComplexClass
pde;org.eclipse.pde.api.tools.internal.ApiBaselineManager;ComplexClass
pde;org.eclipse.pde.api.tools.internal.ApiDescriptionProcessor;ComplexClass
pde;org.eclipse.pde.api.tools.internal.ApiDescriptionProcessor.ASTTagVisitor;ComplexClass
pde;org.eclipse.pde.api.tools.internal.APIFileGenerator;ComplexClass
pde;org.eclipse.pde.api.tools.internal.ApiFilterStore;ComplexClass
pde;org.eclipse.pde.api.tools.internal.ApiDescription;ComplexClass
pde;org.eclipse.pde.internal.build.tasks.PluginVersionReplaceTask;ComplexClass
pde;org.eclipse.pde.internal.build.tasks.LicenseReplaceTask.Feature;ComplexClass
pde;org.eclipse.pde.internal.build.tasks.IdReplaceTask;ComplexClass
pde;org.eclipse.pde.internal.build.publisher.GatherBundleTask;ComplexClass
pde;org.eclipse.pde.internal.build.publisher.GatherFeatureTask;ComplexClass
pde;org.eclipse.pde.internal.build.publisher.BrandP2Task;ComplexClass
pde;org.eclipse.pde.internal.build.packager.PackageConfigScriptGenerator;ComplexClass
pde;org.eclipse.pde.internal.build.FetchScriptGenerator;ComplexClass
pde;org.eclipse.pde.internal.build.properties.PDEProperties;ComplexClass
pde;org.eclipse.pde.internal.build.AssembleConfigScriptGenerator;ComplexClass
pde;org.eclipse.pde.internal.build.Utils;ComplexClass
pde;org.eclipse.pde.internal.build.BuildScriptGenerator;ComplexClass
pde;org.eclipse.pde.internal.build.builder.SourceGenerator;ComplexClass
pde;org.eclipse.pde.internal.build.builder.ClasspathComputer3_0;ComplexClass
pde;org.eclipse.pde.internal.build.builder.FeatureBuildScriptGenerator;ComplexClass
pde;org.eclipse.pde.internal.build.builder.ModelBuildScriptGenerator;ComplexClass
pde;org.eclipse.pde.internal.build.builder.BuildDirector;ComplexClass
pde;org.eclipse.pde.internal.build.builder.AbstractBuildScriptGenerator;ComplexClass
pde;org.eclipse.pde.internal.build.ant.JavacTask;ComplexClass
pde;org.eclipse.pde.internal.build.BundleHelper;ComplexClass
pde;org.eclipse.pde.internal.build.publisher.compatibility.GeneratorApplication;ComplexClass
pde;org.eclipse.pde.internal.build.site.BuildTimeSite;ComplexClass
pde;org.eclipse.pde.internal.build.site.PluginPathFinder;ComplexClass
pde;org.eclipse.pde.internal.build.site.BuildTimeSiteContentProvider;ComplexClass
pde;org.eclipse.pde.internal.build.site.PDEState;ComplexClass
pde;org.eclipse.pde.internal.build.site.P2Utils;ComplexClass
pde;org.eclipse.pde.internal.build.site.QualifierReplacer;ComplexClass
pde;org.eclipse.pde.internal.build.site.ProfileManager;ComplexClass
pde;org.eclipse.pde.internal.build.FeatureGenerator;ComplexClass
pde;org.eclipse.pde.internal.build.AbstractScriptGenerator;ComplexClass
pde;org.eclipse.pde.internal.build.ProductGenerator;ComplexClass
pde;org.eclipse.pde.internal.build.fetch.P2IUFetchFactory.IUFetchInfo;ComplexClass
pde;org.eclipse.pde.internal.build.fetch.CVSFetchTaskFactory;ComplexClass
pde;org.eclipse.pde.internal.build.P2ConfigScriptGenerator;ComplexClass
pde;org.eclipse.pde.build.internal.tests.Utils;ComplexClass
