pde;org.eclipse.pde.ds.internal.annotations.DSAnnotationClasspathContributor;DispersedCoupling
pde;org.eclipse.pde.ds.internal.annotations.BuildPathMarkerResolutionGenerator;DispersedCoupling
pde;org.eclipse.pde.ds.internal.annotations.AnnotationVisitor;DispersedCoupling
pde;org.eclipse.pde.ds.internal.annotations.DSAnnotationCompilationParticipant;DispersedCoupling
pde;org.eclipse.pde.ds.internal.annotations.DSAnnotationCompilationParticipant;DispersedCoupling
pde;org.eclipse.pde.ds.internal.annotations.ReferenceProcessor;DispersedCoupling
pde;org.eclipse.pde.internal.ds.ui.wizards.DSCreationOperation;DispersedCoupling
pde;org.eclipse.pde.internal.ds.ui.editor.sections.DSComponentSection;DispersedCoupling
pde;org.eclipse.pde.internal.ds.ui.editor.contentassist.DSContentAssistProcessor;DispersedCoupling
pde;org.eclipse.pde.internal.ds.ui.editor.dialogs.DSEditPropertyDialog;DispersedCoupling
pde;org.eclipse.pde.internal.ua.ui.editor.toc.TocTreeSection;DispersedCoupling
pde;org.eclipse.pde.internal.ua.ui.editor.toc.TocTreeSection;DispersedCoupling
pde;org.eclipse.pde.internal.ua.ui.editor.toc.TocPage;DispersedCoupling
pde;org.eclipse.pde.internal.ua.ui.editor.ctxhelp.CtxHelpTreeSection;DispersedCoupling
pde;org.eclipse.pde.internal.ua.ui.editor.ctxhelp.CtxHelpTreeSection;DispersedCoupling
pde;org.eclipse.pde.internal.ua.ui.editor.ctxhelp.CtxHelpPage;DispersedCoupling
pde;org.eclipse.pde.internal.ua.ui.editor.cheatsheet.simple.SimpleCSDefinitionPage;DispersedCoupling
pde;org.eclipse.pde.internal.ua.ui.editor.cheatsheet.simple.SimpleCSDefinitionPage;DispersedCoupling
pde;org.eclipse.pde.internal.ua.ui.editor.cheatsheet.simple.SimpleCSHyperlinkDetector;DispersedCoupling
pde;org.eclipse.pde.internal.ua.ui.editor.cheatsheet.simple.details.SimpleCSCommandDetails;DispersedCoupling
pde;org.eclipse.pde.internal.ua.ui.editor.cheatsheet.simple.SimpleCSMasterTreeSection;DispersedCoupling
pde;org.eclipse.pde.internal.ua.ui.editor.cheatsheet.simple.SimpleCSMasterTreeSection;DispersedCoupling
pde;org.eclipse.pde.internal.ua.ui.editor.cheatsheet.simple.SimpleCSMasterTreeSection;DispersedCoupling
pde;org.eclipse.pde.internal.ua.ui.editor.cheatsheet.simple.SimpleCSMasterTreeSection;DispersedCoupling
pde;org.eclipse.pde.internal.ua.ui.editor.cheatsheet.comp.CompCSPage;DispersedCoupling
pde;org.eclipse.pde.unittest.junit.launcher.JUnitPluginLaunchConfigurationDelegate;DispersedCoupling
pde;org.eclipse.pde.ui.tests.util.TestBundleCreator;DispersedCoupling
pde;org.eclipse.pde.ui.tests.performance.parts.TargetPlatformPerfTest;DispersedCoupling
pde;org.eclipse.pde.ui.tests.ee.ExportBundleTests;DispersedCoupling
pde;org.eclipse.pde.ui.tests.target.LocalTargetDefinitionTests;DispersedCoupling
pde;org.eclipse.pde.ui.tests.target.LocalTargetDefinitionTests;DispersedCoupling
pde;org.eclipse.pde.ui.tests.target.LocalTargetDefinitionTests;DispersedCoupling
pde;org.eclipse.pde.ui.tests.target.TargetPlatformTests;DispersedCoupling
pde;org.eclipse.pde.internal.launching.sourcelookup.PDESourceLookupDirector;DispersedCoupling
pde;org.eclipse.pde.internal.launching.launcher.BundleLauncherHelper;DispersedCoupling
pde;org.eclipse.pde.internal.launching.launcher.BundleLauncherHelper;DispersedCoupling
pde;org.eclipse.pde.launching.EquinoxLaunchConfiguration;DispersedCoupling
pde;org.eclipse.pde.launching.EclipseApplicationLaunchConfiguration;DispersedCoupling
pde;org.eclipse.pde.launching.JUnitLaunchConfigurationDelegate;DispersedCoupling
pde;org.eclipse.pde.launching.JUnitLaunchConfigurationDelegate;DispersedCoupling
pde;org.eclipse.pde.internal.runtime.registry.RegistryBrowserLabelProvider;DispersedCoupling
pde;org.eclipse.pde.internal.runtime.registry.RegistryBrowserLabelProvider;DispersedCoupling
pde;org.eclipse.pde.internal.runtime.spy.SpyIDEUtil;DispersedCoupling
pde;org.eclipse.pde.ui.templates.tests.TestPDETemplates;DispersedCoupling
pde;org.eclipse.pde.internal.ui.templates.rcp.IntroTemplate;DispersedCoupling
pde;org.eclipse.pde.internal.ui.templates.ide.NewWizardTemplate;DispersedCoupling
pde;org.eclipse.pde.internal.ui.templates.ide.ViewTemplate;DispersedCoupling
pde;org.eclipse.pde.internal.ui.templates.ide.ViewTemplate;DispersedCoupling
pde;org.eclipse.pde.internal.ui.templates.ide.BuilderTemplate;DispersedCoupling
pde;org.eclipse.pde.internal.ui.templates.ide.BrowserViewTemplate;DispersedCoupling
pde;org.eclipse.pde.internal.ui.templates.ide.BrowserViewTemplate;DispersedCoupling
pde;org.eclipse.pde.internal.ui.templates.ide.DecoratorTemplate;DispersedCoupling
pde;org.eclipse.pde.internal.core.ant.ConvertSchemaToHTML;DispersedCoupling
pde;org.eclipse.pde.internal.core.project.ProjectModifyOperation;DispersedCoupling
pde;org.eclipse.pde.internal.core.project.ProjectModifyOperation;DispersedCoupling
pde;org.eclipse.pde.internal.core.ClasspathComputer;DispersedCoupling
pde;org.eclipse.pde.internal.core.WorkspacePluginModelManager;DispersedCoupling
pde;org.eclipse.pde.internal.core.WorkspacePluginModelManager;DispersedCoupling
pde;org.eclipse.pde.internal.core.product.Product;DispersedCoupling
pde;org.eclipse.pde.internal.core.product.Product;DispersedCoupling
pde;org.eclipse.pde.internal.core.schema.Schema;DispersedCoupling
pde;org.eclipse.pde.internal.core.schema.SchemaCompositor;DispersedCoupling
pde;org.eclipse.pde.internal.core.schema.SchemaAttribute;DispersedCoupling
pde;org.eclipse.pde.internal.core.ExternalLibraryCache;DispersedCoupling
pde;org.eclipse.pde.internal.core.bundle.BundlePluginBase;DispersedCoupling
pde;org.eclipse.pde.internal.core.bundle.BundlePluginBase;DispersedCoupling
pde;org.eclipse.pde.internal.core.builders.PluginBaseErrorReporter;DispersedCoupling
pde;org.eclipse.pde.internal.core.builders.PluginBaseErrorReporter;DispersedCoupling
pde;org.eclipse.pde.internal.core.builders.SchemaErrorReporter;DispersedCoupling
pde;org.eclipse.pde.internal.core.builders.SchemaErrorReporter;DispersedCoupling
pde;org.eclipse.pde.internal.core.builders.SchemaErrorReporter;DispersedCoupling
pde;org.eclipse.pde.internal.core.builders.BundleErrorReporter;DispersedCoupling
pde;org.eclipse.pde.internal.core.builders.BundleErrorReporter;DispersedCoupling
pde;org.eclipse.pde.internal.core.builders.BundleErrorReporter;DispersedCoupling
pde;org.eclipse.pde.internal.core.builders.BundleErrorReporter;DispersedCoupling
pde;org.eclipse.pde.internal.core.builders.BundleErrorReporter;DispersedCoupling
pde;org.eclipse.pde.internal.core.builders.BundleErrorReporter;DispersedCoupling
pde;org.eclipse.pde.internal.core.builders.BundleErrorReporter;DispersedCoupling
pde;org.eclipse.pde.internal.core.builders.BundleErrorReporter;DispersedCoupling
pde;org.eclipse.pde.internal.core.builders.BundleErrorReporter;DispersedCoupling
pde;org.eclipse.pde.internal.core.builders.BundleErrorReporter;DispersedCoupling
pde;org.eclipse.pde.internal.core.builders.SchemaTransformer;DispersedCoupling
pde;org.eclipse.pde.internal.core.builders.UpdateSiteErrorReporter;DispersedCoupling
pde;org.eclipse.pde.internal.core.builders.UpdateSiteErrorReporter;DispersedCoupling
pde;org.eclipse.pde.internal.core.builders.UpdateSiteErrorReporter;DispersedCoupling
pde;org.eclipse.pde.internal.core.builders.UpdateSiteErrorReporter;DispersedCoupling
pde;org.eclipse.pde.internal.core.builders.ExtensionPointSchemaBuilder;DispersedCoupling
pde;org.eclipse.pde.internal.core.builders.FeatureErrorReporter;DispersedCoupling
pde;org.eclipse.pde.internal.core.builders.FeatureErrorReporter;DispersedCoupling
pde;org.eclipse.pde.internal.core.builders.FeatureErrorReporter;DispersedCoupling
pde;org.eclipse.pde.internal.core.builders.FeatureErrorReporter;DispersedCoupling
pde;org.eclipse.pde.internal.core.builders.FeatureErrorReporter;DispersedCoupling
pde;org.eclipse.pde.internal.core.builders.SourceEntryErrorReporter;DispersedCoupling
pde;org.eclipse.pde.internal.core.builders.SourceEntryErrorReporter;DispersedCoupling
pde;org.eclipse.pde.internal.core.builders.BuildErrorReporter;DispersedCoupling
pde;org.eclipse.pde.internal.core.builders.BuildErrorReporter;DispersedCoupling
pde;org.eclipse.pde.internal.core.builders.BuildErrorReporter;DispersedCoupling
pde;org.eclipse.pde.internal.core.builders.ExtensionsErrorReporter;DispersedCoupling
pde;org.eclipse.pde.internal.core.builders.ExtensionsErrorReporter;DispersedCoupling
pde;org.eclipse.pde.internal.core.builders.ExtensionsErrorReporter;DispersedCoupling
pde;org.eclipse.pde.internal.core.builders.ExtensionsErrorReporter;DispersedCoupling
pde;org.eclipse.pde.internal.core.builders.ExtensionsErrorReporter;DispersedCoupling
pde;org.eclipse.pde.internal.core.builders.ExtensionsErrorReporter;DispersedCoupling
pde;org.eclipse.pde.internal.core.builders.ExtensionsErrorReporter;DispersedCoupling
pde;org.eclipse.pde.internal.core.builders.ExtensionsErrorReporter;DispersedCoupling
pde;org.eclipse.pde.internal.core.util.PDEJavaHelper;DispersedCoupling
pde;org.eclipse.pde.internal.core.util.CoreUtility;DispersedCoupling
pde;org.eclipse.pde.internal.core.FeatureModelManager;DispersedCoupling
pde;org.eclipse.pde.internal.core.RequiredPluginsClasspathContainer;DispersedCoupling
pde;org.eclipse.pde.internal.core.RequiredPluginsClasspathContainer;DispersedCoupling
pde;org.eclipse.pde.internal.core.PDEExtensionRegistry;DispersedCoupling
pde;org.eclipse.pde.internal.core.exports.FeatureBasedExportOperation;DispersedCoupling
pde;org.eclipse.pde.internal.core.exports.ProductExportOperation;DispersedCoupling
pde;org.eclipse.pde.internal.core.exports.FeatureExportOperation;DispersedCoupling
pde;org.eclipse.pde.internal.core.exports.FeatureExportOperation;DispersedCoupling
pde;org.eclipse.pde.internal.core.exports.FeatureExportOperation;DispersedCoupling
pde;org.eclipse.pde.internal.core.PDERegistryStrategy.ExtensionListener;DispersedCoupling
pde;org.eclipse.pde.internal.core.PluginModelManager;DispersedCoupling
pde;org.eclipse.pde.internal.core.PluginModelManager;DispersedCoupling
pde;org.eclipse.pde.internal.core.PluginModelManager;DispersedCoupling
pde;org.eclipse.pde.internal.core.PluginModelManager;DispersedCoupling
pde;org.eclipse.pde.internal.core.PluginModelManager;DispersedCoupling
pde;org.eclipse.pde.internal.core.search.PluginJavaSearchUtil;DispersedCoupling
pde;org.eclipse.pde.internal.core.PDEClasspathContainer;DispersedCoupling
pde;org.eclipse.pde.internal.core.plugin.PluginHandler;DispersedCoupling
pde;org.eclipse.pde.internal.core.plugin.PluginImport;DispersedCoupling
pde;org.eclipse.pde.internal.core.plugin.PluginImport;DispersedCoupling
pde;org.eclipse.pde.internal.core.plugin.PluginExtension;DispersedCoupling
pde;org.eclipse.pde.internal.core.site.SiteCategoryDefinition;DispersedCoupling
pde;org.eclipse.pde.internal.core.site.AbstractSiteModel;DispersedCoupling
pde;org.eclipse.pde.internal.core.site.SiteBundle;DispersedCoupling
pde;org.eclipse.pde.internal.core.site.SiteFeature;DispersedCoupling
pde;org.eclipse.pde.internal.core.feature.Feature;DispersedCoupling
pde;org.eclipse.pde.internal.core.feature.Feature;DispersedCoupling
pde;org.eclipse.pde.internal.core.feature.Feature;DispersedCoupling
pde;org.eclipse.pde.internal.core.feature.Feature;DispersedCoupling
pde;org.eclipse.pde.internal.core.feature.AbstractFeatureModel;DispersedCoupling
pde;org.eclipse.pde.internal.core.feature.FeatureURL;DispersedCoupling
pde;org.eclipse.pde.internal.core.update.configurator.ConfigurationParser;DispersedCoupling
pde;org.eclipse.pde.internal.core.PDEAuxiliaryState;DispersedCoupling
pde;org.eclipse.pde.internal.core.P2Utils;DispersedCoupling
pde;org.eclipse.pde.internal.core.SourceLocationManager;DispersedCoupling
pde;org.eclipse.pde.internal.core.TargetPlatformHelper;DispersedCoupling
pde;org.eclipse.pde.internal.core.PDECore;DispersedCoupling
pde;org.eclipse.pde.internal.core.ClasspathHelper;DispersedCoupling
pde;org.eclipse.pde.internal.core.ClasspathHelper;DispersedCoupling
pde;org.eclipse.pde.internal.core.target.TargetDefinition;DispersedCoupling
pde;org.eclipse.pde.internal.core.target.TargetPersistence36Helper;DispersedCoupling
pde;org.eclipse.pde.internal.core.target.TargetPersistence34Helper;DispersedCoupling
pde;org.eclipse.pde.internal.core.target.TargetDefinitionPersistenceHelper;DispersedCoupling
pde;org.eclipse.pde.internal.core.target.TargetPersistence35Helper;DispersedCoupling
pde;org.eclipse.pde.internal.core.target.TargetPlatformService;DispersedCoupling
pde;org.eclipse.pde.internal.core.target.FeatureBundleContainer;DispersedCoupling
pde;org.eclipse.pde.internal.core.text.bundle.RequireBundleHeader;DispersedCoupling
pde;org.eclipse.pde.ui.launcher.EquinoxLaunchConfiguration;DispersedCoupling
pde;org.eclipse.pde.ui.launcher.EclipseLaunchShortcut;DispersedCoupling
pde;org.eclipse.pde.ui.templates.NewPluginProjectFromTemplateWizard;DispersedCoupling
pde;org.eclipse.pde.internal.ui.PDELabelProvider;DispersedCoupling
pde;org.eclipse.pde.internal.ui.PDELabelProvider;DispersedCoupling
pde;org.eclipse.pde.internal.ui.preferences.TargetPlatformPreferencePage;DispersedCoupling
pde;org.eclipse.pde.internal.ui.preferences.TargetPlatformPreferencePage;DispersedCoupling
pde;org.eclipse.pde.internal.ui.preferences.TargetPlatformPreferencePage.TargetLabelProvider;DispersedCoupling
pde;org.eclipse.pde.internal.ui.preferences.OSGiFrameworkPreferencePage;DispersedCoupling
pde;org.eclipse.pde.internal.ui.preferences.AddToJavaSearchJob;DispersedCoupling
pde;org.eclipse.pde.internal.ui.launcher.FeatureBlock;DispersedCoupling
pde;org.eclipse.pde.internal.ui.launcher.FeatureBlock.FeatureTreeLabelProvider;DispersedCoupling
pde;org.eclipse.pde.internal.ui.launcher.FeatureBlock.ButtonSelectionListener;DispersedCoupling
pde;org.eclipse.pde.internal.ui.launcher.PluginBlock;DispersedCoupling
pde;org.eclipse.pde.internal.ui.launcher.BlockAdapter;DispersedCoupling
pde;org.eclipse.pde.internal.ui.launcher.TracingBlock;DispersedCoupling
pde;org.eclipse.pde.internal.ui.launcher.TracingBlock;DispersedCoupling
pde;org.eclipse.pde.internal.ui.nls.GetNonExternalizedStringsOperation;DispersedCoupling
pde;org.eclipse.pde.internal.ui.nls.GetNonExternalizedStringsOperation;DispersedCoupling
pde;org.eclipse.pde.internal.ui.nls.InternationalizeWizardPluginPage;DispersedCoupling
pde;org.eclipse.pde.internal.ui.nls.NLSFragmentGenerator;DispersedCoupling
pde;org.eclipse.pde.internal.ui.search.FindReferencesAction;DispersedCoupling
pde;org.eclipse.pde.internal.ui.search.dependencies.AddNewDependenciesOperation;DispersedCoupling
pde;org.eclipse.pde.internal.ui.search.dependencies.GatherUnusedDependenciesOperation;DispersedCoupling
pde;org.eclipse.pde.internal.ui.search.ClassSearchParticipant;DispersedCoupling
pde;org.eclipse.pde.internal.ui.search.ClassSearchParticipant;DispersedCoupling
pde;org.eclipse.pde.internal.ui.search.ManifestEditorOpener;DispersedCoupling
pde;org.eclipse.pde.internal.ui.search.dialogs.FilteredPluginArtifactsSelectionDialog;DispersedCoupling
pde;org.eclipse.pde.internal.ui.wizards.product.ProductDefinitionOperation;DispersedCoupling
pde;org.eclipse.pde.internal.ui.wizards.product.BaseProductCreationOperation;DispersedCoupling
pde;org.eclipse.pde.internal.ui.wizards.product.BaseManifestOperation;DispersedCoupling
pde;org.eclipse.pde.internal.ui.wizards.product.UpdateSplashProgressOperation;DispersedCoupling
pde;org.eclipse.pde.internal.ui.wizards.imports.BaseImportWizardSecondPage;DispersedCoupling
pde;org.eclipse.pde.internal.ui.wizards.imports.PluginImportOperation;DispersedCoupling
pde;org.eclipse.pde.internal.ui.wizards.imports.PluginImportOperation;DispersedCoupling
pde;org.eclipse.pde.internal.ui.wizards.imports.PluginImportOperation;DispersedCoupling
pde;org.eclipse.pde.internal.ui.wizards.imports.FeatureImportOperation;DispersedCoupling
pde;org.eclipse.pde.internal.ui.wizards.tools.ConvertProjectToPluginOperation;DispersedCoupling
pde;org.eclipse.pde.internal.ui.wizards.tools.ConvertProjectToPluginOperation;DispersedCoupling
pde;org.eclipse.pde.internal.ui.wizards.tools.OrganizeManifest;DispersedCoupling
pde;org.eclipse.pde.internal.ui.wizards.tools.OrganizeManifest;DispersedCoupling
pde;org.eclipse.pde.internal.ui.wizards.tools.OrganizeManifest;DispersedCoupling
pde;org.eclipse.pde.internal.ui.wizards.templates.NewExtensionTemplateWizard;DispersedCoupling
pde;org.eclipse.pde.internal.ui.wizards.exports.BaseExportWizardPage;DispersedCoupling
pde;org.eclipse.pde.internal.ui.wizards.exports.CrossPlatformExportPage;DispersedCoupling
pde;org.eclipse.pde.internal.ui.wizards.exports.AntGeneratingExportWizard;DispersedCoupling
pde;org.eclipse.pde.internal.ui.wizards.extension.PointSelectionPage;DispersedCoupling
pde;org.eclipse.pde.internal.ui.wizards.extension.NewExtensionPointMainPage;DispersedCoupling
pde;org.eclipse.pde.internal.ui.wizards.plugin.NewProjectCreationOperation;DispersedCoupling
pde;org.eclipse.pde.internal.ui.wizards.plugin.NewPluginProjectWizard;DispersedCoupling
pde;org.eclipse.pde.internal.ui.wizards.feature.AbstractCreateFeatureOperation;DispersedCoupling
pde;org.eclipse.pde.internal.ui.wizards.feature.CreateFeaturePatchOperation;DispersedCoupling
pde;org.eclipse.pde.internal.ui.wizards.target.NewTargetDefinitionWizard;DispersedCoupling
pde;org.eclipse.pde.internal.ui.editor.PDELauncherFormEditor;DispersedCoupling
pde;org.eclipse.pde.internal.ui.editor.EditorUtilities;DispersedCoupling
pde;org.eclipse.pde.internal.ui.editor.targetdefinition.TargetEditor;DispersedCoupling
pde;org.eclipse.pde.internal.ui.editor.targetdefinition.TargetEditor.TargetChangedListener;DispersedCoupling
pde;org.eclipse.pde.internal.ui.editor.product.ProductValidateAction;DispersedCoupling
pde;org.eclipse.pde.internal.ui.editor.product.PluginSection;DispersedCoupling
pde;org.eclipse.pde.internal.ui.editor.product.PluginConfigurationSection;DispersedCoupling
pde;org.eclipse.pde.internal.ui.editor.product.PluginConfigurationSection;DispersedCoupling
pde;org.eclipse.pde.internal.ui.editor.product.CSSSection;DispersedCoupling
pde;org.eclipse.pde.internal.ui.editor.product.FeatureSection;DispersedCoupling
pde;org.eclipse.pde.internal.ui.editor.product.FeatureSection;DispersedCoupling
pde;org.eclipse.pde.internal.ui.editor.product.FeatureSection;DispersedCoupling
pde;org.eclipse.pde.internal.ui.editor.product.IntroSection;DispersedCoupling
pde;org.eclipse.pde.internal.ui.editor.product.IntroSection;DispersedCoupling
pde;org.eclipse.pde.internal.ui.editor.product.PreferencesSection;DispersedCoupling
pde;org.eclipse.pde.internal.ui.editor.schema.ElementSection;DispersedCoupling
pde;org.eclipse.pde.internal.ui.editor.schema.ElementSection;DispersedCoupling
pde;org.eclipse.pde.internal.ui.editor.schema.FilteredSchemaAttributeSelectionDialog;DispersedCoupling
pde;org.eclipse.pde.internal.ui.editor.schema.SchemaAttributeDetails;DispersedCoupling
pde;org.eclipse.pde.internal.ui.editor.schema.NewCompositorAction;DispersedCoupling
pde;org.eclipse.pde.internal.ui.editor.schema.SchemaElementDetails;DispersedCoupling
pde;org.eclipse.pde.internal.ui.editor.contentassist.XMLContentAssistProcessor;DispersedCoupling
pde;org.eclipse.pde.internal.ui.editor.contentassist.XMLContentAssistProcessor;DispersedCoupling
pde;org.eclipse.pde.internal.ui.editor.contentassist.XMLCompletionProposal;DispersedCoupling
pde;org.eclipse.pde.internal.ui.editor.contentassist.XMLCompletionProposal;DispersedCoupling
pde;org.eclipse.pde.internal.ui.editor.contentassist.ManifestContentAssistProcessor;DispersedCoupling
pde;org.eclipse.pde.internal.ui.editor.contentassist.XMLInsertionComputer;DispersedCoupling
pde;org.eclipse.pde.internal.ui.editor.plugin.DependenciesPage;DispersedCoupling
pde;org.eclipse.pde.internal.ui.editor.plugin.ExecutionEnvironmentSection;DispersedCoupling
pde;org.eclipse.pde.internal.ui.editor.plugin.ExportPackageVisibilitySection;DispersedCoupling
pde;org.eclipse.pde.internal.ui.editor.plugin.ExtensionDetails;DispersedCoupling
pde;org.eclipse.pde.internal.ui.editor.plugin.ImportPackageSection;DispersedCoupling
pde;org.eclipse.pde.internal.ui.editor.plugin.ImportPackageSection;DispersedCoupling
pde;org.eclipse.pde.internal.ui.editor.plugin.ImportPackageSection;DispersedCoupling
pde;org.eclipse.pde.internal.ui.editor.plugin.GeneralInfoSection;DispersedCoupling
pde;org.eclipse.pde.internal.ui.editor.plugin.MatchSection;DispersedCoupling
pde;org.eclipse.pde.internal.ui.editor.plugin.PluginUndoManager;DispersedCoupling
pde;org.eclipse.pde.internal.ui.editor.plugin.PluginUndoManager;DispersedCoupling
pde;org.eclipse.pde.internal.ui.editor.plugin.RequiresSection;DispersedCoupling
pde;org.eclipse.pde.internal.ui.editor.plugin.RequiresSection;DispersedCoupling
pde;org.eclipse.pde.internal.ui.editor.plugin.BundleHyperlinkDetector;DispersedCoupling
pde;org.eclipse.pde.internal.ui.editor.plugin.FragmentGeneralInfoSection;DispersedCoupling
pde;org.eclipse.pde.internal.ui.editor.plugin.ExtensionsSection;DispersedCoupling
pde;org.eclipse.pde.internal.ui.editor.plugin.ExtensionsSection;DispersedCoupling
pde;org.eclipse.pde.internal.ui.editor.plugin.ExtensionsSection;DispersedCoupling
pde;org.eclipse.pde.internal.ui.editor.plugin.ExtensionsSection;DispersedCoupling
pde;org.eclipse.pde.internal.ui.editor.plugin.ExtensionsSection;DispersedCoupling
pde;org.eclipse.pde.internal.ui.editor.plugin.ExtensionsSection;DispersedCoupling
pde;org.eclipse.pde.internal.ui.editor.plugin.ExtensionsSection;DispersedCoupling
pde;org.eclipse.pde.internal.ui.editor.plugin.ExtensionsPage.ExtensionsBlock;DispersedCoupling
pde;org.eclipse.pde.internal.ui.editor.plugin.LibrarySection;DispersedCoupling
pde;org.eclipse.pde.internal.ui.editor.plugin.LibrarySection;DispersedCoupling
pde;org.eclipse.pde.internal.ui.editor.plugin.LibrarySection;DispersedCoupling
pde;org.eclipse.pde.internal.ui.editor.plugin.LibrarySection;DispersedCoupling
pde;org.eclipse.pde.internal.ui.editor.plugin.ExportPackageSection;DispersedCoupling
pde;org.eclipse.pde.internal.ui.editor.plugin.RuntimePage;DispersedCoupling
pde;org.eclipse.pde.internal.ui.editor.plugin.OverviewPage;DispersedCoupling
pde;org.eclipse.pde.internal.ui.editor.plugin.OverviewPage;DispersedCoupling
pde;org.eclipse.pde.internal.ui.editor.plugin.OverviewPage;DispersedCoupling
pde;org.eclipse.pde.internal.ui.editor.plugin.DependencyAnalysisSection;DispersedCoupling
pde;org.eclipse.pde.internal.ui.editor.plugin.BundleSourcePage;DispersedCoupling
pde;org.eclipse.pde.internal.ui.editor.plugin.BundleSourcePage;DispersedCoupling
pde;org.eclipse.pde.internal.ui.editor.plugin.ManifestHyperlinkDetector;DispersedCoupling
pde;org.eclipse.pde.internal.ui.editor.plugin.ManifestEditor;DispersedCoupling
pde;org.eclipse.pde.internal.ui.editor.plugin.ManifestEditor;DispersedCoupling
pde;org.eclipse.pde.internal.ui.editor.plugin.ExtensionPointsSection;DispersedCoupling
pde;org.eclipse.pde.internal.ui.editor.plugin.DependencyManagementSection;DispersedCoupling
pde;org.eclipse.pde.internal.ui.editor.plugin.DependencyManagementSection;DispersedCoupling
pde;org.eclipse.pde.internal.ui.editor.plugin.ExtensionElementDetails;DispersedCoupling
pde;org.eclipse.pde.internal.ui.editor.plugin.ExtensionPointDetails;DispersedCoupling
pde;org.eclipse.pde.internal.ui.editor.plugin.rows.ChoiceAttributeRow;DispersedCoupling
pde;org.eclipse.pde.internal.ui.editor.plugin.rows.IdAttributeRow;DispersedCoupling
pde;org.eclipse.pde.internal.ui.editor.category.CategoryUndoManager;DispersedCoupling
pde;org.eclipse.pde.internal.ui.editor.category.CategoryUndoManager;DispersedCoupling
pde;org.eclipse.pde.internal.ui.editor.category.CategorySection;DispersedCoupling
pde;org.eclipse.pde.internal.ui.editor.category.CategorySection;DispersedCoupling
pde;org.eclipse.pde.internal.ui.editor.category.CategorySection;DispersedCoupling
pde;org.eclipse.pde.internal.ui.editor.category.CategorySection.CategoryContentProvider;DispersedCoupling
pde;org.eclipse.pde.internal.ui.editor.category.CategoryOutlinePage;DispersedCoupling
pde;org.eclipse.pde.internal.ui.editor.category.CategoryDetailsSection;DispersedCoupling
pde;org.eclipse.pde.internal.ui.editor.category.CategoryDetailsSection;DispersedCoupling
pde;org.eclipse.pde.internal.ui.editor.site.SiteOutlinePage;DispersedCoupling
pde;org.eclipse.pde.internal.ui.editor.site.CategorySection;DispersedCoupling
pde;org.eclipse.pde.internal.ui.editor.site.CategoryDetailsSection;DispersedCoupling
pde;org.eclipse.pde.internal.ui.editor.feature.OpenReferenceAction;DispersedCoupling
pde;org.eclipse.pde.internal.ui.editor.feature.FeatureSpecSection;DispersedCoupling
pde;org.eclipse.pde.internal.ui.editor.feature.FeatureSpecSection;DispersedCoupling
pde;org.eclipse.pde.internal.ui.editor.feature.FeatureSpecSection;DispersedCoupling
pde;org.eclipse.pde.internal.ui.editor.feature.FeatureSpecSection;DispersedCoupling
pde;org.eclipse.pde.internal.ui.editor.feature.FeatureSpecSection;DispersedCoupling
pde;org.eclipse.pde.internal.ui.editor.feature.PluginDetailsSection;DispersedCoupling
pde;org.eclipse.pde.internal.ui.editor.feature.PluginDetailsSection;DispersedCoupling
pde;org.eclipse.pde.internal.ui.editor.feature.RequiresSection;DispersedCoupling
pde;org.eclipse.pde.internal.ui.editor.feature.RequiresSection;DispersedCoupling
pde;org.eclipse.pde.internal.ui.editor.feature.LicenseFeatureSection;DispersedCoupling
pde;org.eclipse.pde.internal.ui.editor.feature.URLSection;DispersedCoupling
pde;org.eclipse.pde.internal.ui.editor.feature.URLSection;DispersedCoupling
pde;org.eclipse.pde.internal.ui.editor.feature.IncludedFeaturesSection;DispersedCoupling
pde;org.eclipse.pde.internal.ui.editor.feature.IncludedFeaturesDetailsSection;DispersedCoupling
pde;org.eclipse.pde.internal.ui.editor.text.XMLUtil;DispersedCoupling
pde;org.eclipse.pde.internal.ui.editor.context.InputContext;DispersedCoupling
pde;org.eclipse.pde.internal.ui.editor.context.XMLInputContext;DispersedCoupling
pde;org.eclipse.pde.internal.ui.editor.build.RuntimeInfoSection;DispersedCoupling
pde;org.eclipse.pde.internal.ui.editor.build.RuntimeInfoSection;DispersedCoupling
pde;org.eclipse.pde.internal.ui.editor.build.RuntimeInfoSection;DispersedCoupling
pde;org.eclipse.pde.internal.ui.editor.build.BuildContentsSection;DispersedCoupling
pde;org.eclipse.pde.internal.ui.refactoring.PluginManifestChange;DispersedCoupling
pde;org.eclipse.pde.internal.ui.refactoring.PluginManifestChange;DispersedCoupling
pde;org.eclipse.pde.internal.ui.refactoring.ContainerRenameParticipant;DispersedCoupling
pde;org.eclipse.pde.internal.ui.refactoring.BundleManifestChange;DispersedCoupling
pde;org.eclipse.pde.internal.ui.refactoring.BundleManifestChange;DispersedCoupling
pde;org.eclipse.pde.internal.ui.refactoring.CreateHeaderChangeOperation;DispersedCoupling
pde;org.eclipse.pde.internal.ui.correction.ExternalizeResolution;DispersedCoupling
pde;org.eclipse.pde.internal.ui.correction.UpdateActivationResolution;DispersedCoupling
pde;org.eclipse.pde.internal.ui.correction.CreateClassXMLResolution;DispersedCoupling
pde;org.eclipse.pde.internal.ui.correction.java.JavaResolutionFactory.ImportPackageManifestChange;DispersedCoupling
pde;org.eclipse.pde.internal.ui.build.BuildSiteAction;DispersedCoupling
pde;org.eclipse.pde.internal.ui.build.GenerateFeatureBuildFileAction;DispersedCoupling
pde;org.eclipse.pde.internal.ui.views.features.support.FeatureIndex;DispersedCoupling
pde;org.eclipse.pde.internal.ui.views.features.viewer.FeatureElementComparer;DispersedCoupling
pde;org.eclipse.pde.internal.ui.views.features.viewer.FeatureTreeCalleesContentProvider;DispersedCoupling
pde;org.eclipse.pde.internal.ui.views.features.FeaturesView;DispersedCoupling
pde;org.eclipse.pde.internal.ui.views.dependencies.DependenciesViewPage;DispersedCoupling
pde;org.eclipse.pde.internal.ui.views.plugins.PluginsView;DispersedCoupling
pde;org.eclipse.pde.internal.ui.shared.target.AddBundleContainerSelectionPage;DispersedCoupling
pde;org.eclipse.pde.internal.ui.shared.target.AddBundleContainerSelectionPage;DispersedCoupling
pde;org.eclipse.pde.internal.ui.shared.target.StyledBundleLabelProvider;DispersedCoupling
pde;org.eclipse.pde.internal.ui.shared.target.StyledBundleLabelProvider;DispersedCoupling
pde;org.eclipse.pde.internal.ui.shared.target.TargetStatus.TargetStatusLineContributionItem;DispersedCoupling
pde;...projects.pde.apitools.org.eclipse.pde.api.tools.ui.src.org.eclipse.pde.api.tools.ui.internal.actions.DeltaSession;DispersedCoupling
pde;org.eclipse.pde.api.tools.ui.internal.actions.ExportSessionAction;DispersedCoupling
pde;org.eclipse.pde.api.tools.ui.internal.ApiToolsLabelProvider;DispersedCoupling
pde;org.eclipse.pde.api.tools.ui.internal.properties.ApiFiltersPropertyPage;DispersedCoupling
pde;org.eclipse.pde.api.tools.ui.internal.markers.RemoveFilterProblemResolution;DispersedCoupling
pde;org.eclipse.pde.api.tools.ui.internal.markers.CreateApiFilterOperation;DispersedCoupling
pde;org.eclipse.pde.api.tools.ui.internal.wizards.TargetBasedApiBaselineWizardPage;DispersedCoupling
pde;org.eclipse.pde.api.tools.model.tests.ComponentManifestTests;DispersedCoupling
pde;org.eclipse.pde.api.tools.comparator.tests.ApiScopeDeltaTests;DispersedCoupling
pde;org.eclipse.pde.api.tools.comparator.tests.ApiScopeDeltaTests;DispersedCoupling
pde;org.eclipse.pde.api.tools.comparator.tests.ApiScopeDeltaTests;DispersedCoupling
pde;org.eclipse.pde.api.tools.builder.tests.performance.PerformanceTest;DispersedCoupling
pde;org.eclipse.pde.api.tools.builder.tests.compatibility.CompatibilityTest;DispersedCoupling
pde;org.eclipse.pde.api.tools.search.tests.TestRequestor;DispersedCoupling
pde;org.eclipse.pde.api.tools.anttasks.tests.ApiToolingCompareAntTaskTests;DispersedCoupling
pde;org.eclipse.pde.api.tools.anttasks.tests.ApiToolingApiFreezeAntTaskTests;DispersedCoupling
pde;org.eclipse.pde.api.tools.internal.tasks.APIDeprecationTask;DispersedCoupling
pde;org.eclipse.pde.api.tools.internal.tasks.APIFreezeTask;DispersedCoupling
pde;org.eclipse.pde.api.tools.internal.tasks.ApiUseTask;DispersedCoupling
pde;org.eclipse.pde.api.tools.internal.tasks.APIToolsAnalysisTask;DispersedCoupling
pde;org.eclipse.pde.api.tools.internal.tasks.CompareTask;DispersedCoupling
pde;org.eclipse.pde.api.tools.internal.tasks.FilterListDeltaVisitor;DispersedCoupling
pde;org.eclipse.pde.api.tools.internal.WorkspaceDeltaProcessor;DispersedCoupling
pde;org.eclipse.pde.api.tools.internal.model.ProjectComponent;DispersedCoupling
pde;org.eclipse.pde.api.tools.internal.model.ApiModelCache;DispersedCoupling
pde;org.eclipse.pde.api.tools.internal.model.ApiModelCache;DispersedCoupling
pde;org.eclipse.pde.api.tools.internal.model.ApiModelCache;DispersedCoupling
pde;org.eclipse.pde.api.tools.internal.model.AbstractApiTypeRoot;DispersedCoupling
pde;org.eclipse.pde.api.tools.internal.model.ApiModelFactory;DispersedCoupling
pde;org.eclipse.pde.api.tools.internal.model.ApiModelFactory;DispersedCoupling
pde;org.eclipse.pde.api.tools.internal.ProjectApiDescription.TypeNode;DispersedCoupling
pde;org.eclipse.pde.api.tools.internal.SystemApiDescriptionProcessor;DispersedCoupling
pde;org.eclipse.pde.api.tools.internal.FilterStore;DispersedCoupling
pde;org.eclipse.pde.api.tools.internal.ApiAnalysisApplication;DispersedCoupling
pde;org.eclipse.pde.api.tools.internal.ApiAnalysisApplication;DispersedCoupling
pde;org.eclipse.pde.api.tools.internal.ApiAnalysisApplication;DispersedCoupling
pde;org.eclipse.pde.api.tools.internal.comparator.ClassFileComparator;DispersedCoupling
pde;org.eclipse.pde.api.tools.internal.comparator.ClassFileComparator;DispersedCoupling
pde;org.eclipse.pde.api.tools.internal.comparator.ClassFileComparator;DispersedCoupling
pde;org.eclipse.pde.api.tools.internal.comparator.ClassFileComparator;DispersedCoupling
pde;org.eclipse.pde.api.tools.internal.comparator.ClassFileComparator;DispersedCoupling
pde;org.eclipse.pde.api.tools.internal.builder.LeakExtendsProblemDetector;DispersedCoupling
pde;org.eclipse.pde.api.tools.internal.builder.ApiAnalysisBuilder;DispersedCoupling
pde;org.eclipse.pde.api.tools.internal.builder.ApiAnalysisBuilder;DispersedCoupling
pde;org.eclipse.pde.api.tools.internal.builder.AbstractIllegalTypeReference;DispersedCoupling
pde;org.eclipse.pde.api.tools.internal.builder.AbstractIllegalMethodReference;DispersedCoupling
pde;org.eclipse.pde.api.tools.internal.builder.LeakFieldProblemDetector;DispersedCoupling
pde;org.eclipse.pde.api.tools.internal.builder.Reference;DispersedCoupling
pde;org.eclipse.pde.api.tools.internal.builder.Reference;DispersedCoupling
pde;org.eclipse.pde.api.tools.internal.builder.Reference;DispersedCoupling
pde;org.eclipse.pde.api.tools.internal.builder.IllegalImplementsProblemDetector;DispersedCoupling
pde;org.eclipse.pde.api.tools.internal.builder.IllegalImplementsProblemDetector;DispersedCoupling
pde;org.eclipse.pde.api.tools.internal.builder.IllegalImplementsProblemDetector;DispersedCoupling
pde;org.eclipse.pde.api.tools.internal.builder.IncrementalApiBuilder;DispersedCoupling
pde;org.eclipse.pde.api.tools.internal.builder.IncrementalApiBuilder.ResourceDeltaVisitor;DispersedCoupling
pde;org.eclipse.pde.api.tools.internal.builder.ReferenceAnalyzer;DispersedCoupling
pde;org.eclipse.pde.api.tools.internal.builder.ReferenceAnalyzer.Visitor;DispersedCoupling
pde;org.eclipse.pde.api.tools.internal.builder.AbstractTypeLeakDetector;DispersedCoupling
pde;org.eclipse.pde.api.tools.internal.builder.AbstractTypeLeakDetector;DispersedCoupling
pde;org.eclipse.pde.api.tools.internal.builder.AbstractProblemDetector;DispersedCoupling
pde;org.eclipse.pde.api.tools.internal.builder.AbstractProblemDetector;DispersedCoupling
pde;org.eclipse.pde.api.tools.internal.builder.ReferenceExtractor;DispersedCoupling
pde;org.eclipse.pde.api.tools.internal.builder.ReferenceExtractor;DispersedCoupling
pde;org.eclipse.pde.api.tools.internal.builder.ReferenceExtractor.ClassFileMethodVisitor;DispersedCoupling
pde;org.eclipse.pde.api.tools.internal.builder.LeakImplementsProblemDetector;DispersedCoupling
pde;org.eclipse.pde.api.tools.internal.builder.BaseApiAnalyzer;DispersedCoupling
pde;org.eclipse.pde.api.tools.internal.builder.BaseApiAnalyzer;DispersedCoupling
pde;org.eclipse.pde.api.tools.internal.builder.BaseApiAnalyzer;DispersedCoupling
pde;org.eclipse.pde.api.tools.internal.builder.BaseApiAnalyzer;DispersedCoupling
pde;org.eclipse.pde.api.tools.internal.builder.BaseApiAnalyzer;DispersedCoupling
pde;org.eclipse.pde.api.tools.internal.builder.BaseApiAnalyzer;DispersedCoupling
pde;org.eclipse.pde.api.tools.internal.builder.BaseApiAnalyzer;DispersedCoupling
pde;org.eclipse.pde.api.tools.internal.builder.SystemApiDetector;DispersedCoupling
pde;org.eclipse.pde.api.tools.internal.builder.SystemApiDetector;DispersedCoupling
pde;org.eclipse.pde.api.tools.internal.builder.SystemApiDetector;DispersedCoupling
pde;org.eclipse.pde.api.tools.internal.builder.ProblemDetectorBuilder;DispersedCoupling
pde;org.eclipse.pde.api.tools.internal.builder.MethodLeakDetector;DispersedCoupling
pde;org.eclipse.pde.api.tools.internal.builder.MethodLeakDetector;DispersedCoupling
pde;org.eclipse.pde.api.tools.internal.search.UseSearchRequestor;DispersedCoupling
pde;org.eclipse.pde.api.tools.internal.search.UseSearchRequestor;DispersedCoupling
pde;org.eclipse.pde.api.tools.internal.search.ReferenceLookupVisitor;DispersedCoupling
pde;org.eclipse.pde.api.tools.internal.search.ReferenceLookupVisitor;DispersedCoupling
pde;org.eclipse.pde.api.tools.internal.search.MissingRefParser;DispersedCoupling
pde;org.eclipse.pde.api.tools.internal.search.UseScanManager;DispersedCoupling
pde;org.eclipse.pde.api.tools.internal.provisional.comparator.CompareApiScopeVisitor;DispersedCoupling
pde;org.eclipse.pde.api.tools.internal.provisional.Factory;DispersedCoupling
pde;org.eclipse.pde.api.tools.internal.ApiBaselineManager;DispersedCoupling
pde;org.eclipse.pde.api.tools.internal.ApiBaselineManager;DispersedCoupling
pde;org.eclipse.pde.api.tools.internal.ApiDescriptionProcessor;DispersedCoupling
pde;org.eclipse.pde.api.tools.internal.ApiDescriptionProcessor;DispersedCoupling
pde;org.eclipse.pde.api.tools.internal.ApiDescriptionProcessor.ASTTagVisitor;DispersedCoupling
pde;org.eclipse.pde.api.tools.internal.APIFileGenerator;DispersedCoupling
pde;org.eclipse.pde.api.tools.internal.ApiFilterStore;DispersedCoupling
pde;org.eclipse.pde.api.tools.internal.AntFilterStore;DispersedCoupling
pde;org.eclipse.pde.internal.build.packager.PackageScriptGenerator;DispersedCoupling
pde;org.eclipse.pde.internal.build.FetchScriptGenerator;DispersedCoupling
pde;org.eclipse.pde.internal.build.FetchScriptGenerator;DispersedCoupling
pde;org.eclipse.pde.internal.build.AssembleConfigScriptGenerator;DispersedCoupling
pde;org.eclipse.pde.internal.build.BuildScriptGenerator;DispersedCoupling
pde;org.eclipse.pde.internal.build.builder.SourceGenerator;DispersedCoupling
pde;org.eclipse.pde.internal.build.builder.ClasspathComputer3_0;DispersedCoupling
pde;org.eclipse.pde.internal.build.builder.FeatureBuildScriptGenerator;DispersedCoupling
pde;org.eclipse.pde.internal.build.builder.FeatureBuildScriptGenerator;DispersedCoupling
pde;org.eclipse.pde.internal.build.builder.FeatureBuildScriptGenerator;DispersedCoupling
pde;org.eclipse.pde.internal.build.builder.CompilationScriptGenerator;DispersedCoupling
pde;org.eclipse.pde.internal.build.builder.ModelBuildScriptGenerator;DispersedCoupling
pde;org.eclipse.pde.internal.build.builder.ModelBuildScriptGenerator;DispersedCoupling
pde;org.eclipse.pde.internal.build.builder.ModelBuildScriptGenerator;DispersedCoupling
pde;org.eclipse.pde.internal.build.builder.BuildDirector;DispersedCoupling
pde;org.eclipse.pde.internal.build.builder.BuildDirector;DispersedCoupling
pde;org.eclipse.pde.internal.build.builder.BuildDirector;DispersedCoupling
pde;org.eclipse.pde.internal.build.site.BuildTimeFeatureFactory;DispersedCoupling
pde;org.eclipse.pde.internal.build.site.BuildTimeSiteFactory;DispersedCoupling
pde;org.eclipse.pde.internal.build.FeatureGenerator;DispersedCoupling
pde;org.eclipse.pde.internal.build.ProductGenerator;DispersedCoupling
pde;org.eclipse.pde.internal.build.ProductGenerator;DispersedCoupling
