elasticsearch;org.elasticsearch.versioning.SimpleVersioningTests;LongMethod
elasticsearch;org.elasticsearch.versioning.SimpleVersioningTests;LongMethod
elasticsearch;org.elasticsearch.rest.util.RestUtilsTests;LongMethod
elasticsearch;org.elasticsearch.rest.helper.HttpClient;LongMethod
elasticsearch;org.elasticsearch.explain.ExplainActionTests;LongMethod
elasticsearch;org.elasticsearch.deps.lucene.SimpleLuceneTests;LongMethod
elasticsearch;org.elasticsearch.common.util.concurrent.PrioritizedExecutorsTests;LongMethod
elasticsearch;org.elasticsearch.common.util.concurrent.EsExecutorsTests;LongMethod
elasticsearch;org.elasticsearch.common.util.concurrent.EsExecutorsTests;LongMethod
elasticsearch;org.elasticsearch.common.util.concurrent.EsExecutorsTests;LongMethod
elasticsearch;org.elasticsearch.common.util.concurrent.CountDownTest;LongMethod
elasticsearch;org.elasticsearch.common.lucene.store.InputStreamIndexInputTests;LongMethod
elasticsearch;org.elasticsearch.common.lucene.store.InputStreamIndexInputTests;LongMethod
elasticsearch;org.elasticsearch.common.lucene.search.XBooleanFilterTests;LongMethod
elasticsearch;org.elasticsearch.common.lucene.all.SimpleAllTests;LongMethod
elasticsearch;org.elasticsearch.common.lucene.all.SimpleAllTests;LongMethod
elasticsearch;org.elasticsearch.common.lucene.all.SimpleAllTests;LongMethod
elasticsearch;org.elasticsearch.common.lucene.all.SimpleAllTests;LongMethod
elasticsearch;org.elasticsearch.common.lucene.all.SimpleAllTests;LongMethod
elasticsearch;org.elasticsearch.common.lucene.uid.UidFieldTests;LongMethod
elasticsearch;org.elasticsearch.common.xcontent.support.XContentMapValuesTests;LongMethod
elasticsearch;org.elasticsearch.common.xcontent.support.XContentMapValuesTests;LongMethod
elasticsearch;org.elasticsearch.common.xcontent.support.XContentMapValuesTests;LongMethod
elasticsearch;org.elasticsearch.common.xcontent.support.XContentMapValuesTests;LongMethod
elasticsearch;org.elasticsearch.common.xcontent.builder.BuilderRawFieldTests;LongMethod
elasticsearch;org.elasticsearch.common.io.streams.BytesStreamsTests;LongMethod
elasticsearch;org.elasticsearch.common.hppc.HppcMapsTests;LongMethod
elasticsearch;org.elasticsearch.indices.IgnoreIndicesTests;LongMethod
elasticsearch;org.elasticsearch.indices.store.SimpleDistributorTests;LongMethod
elasticsearch;org.elasticsearch.indices.store.IndicesStoreTests;LongMethod
elasticsearch;org.elasticsearch.indices.leaks.IndicesLeaksTests;LongMethod
elasticsearch;org.elasticsearch.indices.analysis.PreBuiltAnalyzerIntegrationTests;LongMethod
elasticsearch;org.elasticsearch.indices.settings.UpdateNumberOfReplicasTests;LongMethod
elasticsearch;org.elasticsearch.indices.settings.UpdateNumberOfReplicasTests;LongMethod
elasticsearch;org.elasticsearch.indices.settings.UpdateNumberOfReplicasTests;LongMethod
elasticsearch;org.elasticsearch.indices.cache.CacheTests;LongMethod
elasticsearch;org.elasticsearch.indices.mapping.UpdateMappingTests;LongMethod
elasticsearch;org.elasticsearch.indices.mapping.UpdateMappingTests;LongMethod
elasticsearch;org.elasticsearch.indices.mapping.UpdateMappingTests;LongMethod
elasticsearch;org.elasticsearch.indices.mapping.SimpleGetFieldMappingsTests;LongMethod
elasticsearch;org.elasticsearch.indices.state.SimpleIndexStateTests;LongMethod
elasticsearch;org.elasticsearch.indices.stats.SimpleIndexStatsTests;LongMethod
elasticsearch;org.elasticsearch.indices.stats.SimpleIndexStatsTests;LongMethod
elasticsearch;org.elasticsearch.indices.stats.SimpleIndexStatsTests;LongMethod
elasticsearch;org.elasticsearch.indices.stats.SimpleIndexStatsTests;LongMethod
elasticsearch;org.elasticsearch.indices.warmer.LocalGatewayIndicesWarmerTests;LongMethod
elasticsearch;org.elasticsearch.benchmark.common.lucene.uidscan.LuceneUidScanBenchmark;LongMethod
elasticsearch;org.elasticsearch.benchmark.search.child.ChildSearchShortCircuitBenchmark;LongMethod
elasticsearch;org.elasticsearch.benchmark.search.child.ChildSearchBenchmark;LongMethod
elasticsearch;org.elasticsearch.benchmark.search.child.ChildSearchAndIndexingBenchmark;LongMethod
elasticsearch;org.elasticsearch.benchmark.search.geo.GeoDistanceSearchBenchmark;LongMethod
elasticsearch;org.elasticsearch.benchmark.search.facet.QueryFilterFacetSearchBenchmark;LongMethod
elasticsearch;org.elasticsearch.benchmark.search.facet.HistogramFacetSearchBenchmark;LongMethod
elasticsearch;org.elasticsearch.benchmark.search.facet.TermsFacetSearchBenchmark;LongMethod
elasticsearch;org.elasticsearch.benchmark.search.nested.NestedSearchBenchMark;LongMethod
elasticsearch;org.elasticsearch.benchmark.search.SuggestSearchBenchMark;LongMethod
elasticsearch;org.elasticsearch.benchmark.cluster.ClusterAllocationRerouteBenchmark;LongMethod
elasticsearch;org.elasticsearch.benchmark.stress.SingleThreadBulkStress;LongMethod
elasticsearch;org.elasticsearch.benchmark.aliases.AliasesBenchmark;LongMethod
elasticsearch;org.elasticsearch.benchmark.transport.TransportBenchmark;LongMethod
elasticsearch;org.elasticsearch.benchmark.transport.BenchmarkNettyLargeMessages;LongMethod
elasticsearch;org.elasticsearch.benchmark.transport.netty.NettyEchoBenchmark;LongMethod
elasticsearch;org.elasticsearch.benchmark.percolator.EmbeddedPercolatorBenchmark;LongMethod
elasticsearch;org.elasticsearch.benchmark.hppc.StringMapAdjustOrPutBenchmark;LongMethod
elasticsearch;org.elasticsearch.benchmark.scripts.score.ScriptsConstantScoreBenchmark;LongMethod
elasticsearch;org.elasticsearch.benchmark.scripts.score.ScriptsScoreBenchmark;LongMethod
elasticsearch;org.elasticsearch.benchmark.scripts.score.BasicScriptBenchmark;LongMethod
elasticsearch;org.elasticsearch.gateway.fs.IndexGatewayTests;LongMethod
elasticsearch;org.elasticsearch.gateway.fs.IndexGatewayTests;LongMethod
elasticsearch;org.elasticsearch.gateway.local.QuorumLocalGatewayTests;LongMethod
elasticsearch;org.elasticsearch.gateway.local.QuorumLocalGatewayTests;LongMethod
elasticsearch;org.elasticsearch.gateway.local.SimpleRecoveryLocalGatewayTests;LongMethod
elasticsearch;org.elasticsearch.gateway.local.SimpleRecoveryLocalGatewayTests;LongMethod
elasticsearch;org.elasticsearch.gateway.local.SimpleRecoveryLocalGatewayTests;LongMethod
elasticsearch;org.elasticsearch.gateway.local.SimpleRecoveryLocalGatewayTests;LongMethod
elasticsearch;org.elasticsearch.gateway.local.LocalGatewayIndexStateTests;LongMethod
elasticsearch;org.elasticsearch.gateway.local.LocalGatewayIndexStateTests;LongMethod
elasticsearch;org.elasticsearch.gateway.local.LocalGatewayIndexStateTests;LongMethod
elasticsearch;org.elasticsearch.gateway.local.LocalGatewayIndexStateTests;LongMethod
elasticsearch;org.elasticsearch.gateway.local.LocalGatewayIndexStateTests;LongMethod
elasticsearch;org.elasticsearch.script.IndexLookupTests;LongMethod
elasticsearch;org.elasticsearch.script.IndexLookupTests;LongMethod
elasticsearch;org.elasticsearch.script.IndexLookupTests;LongMethod
elasticsearch;org.elasticsearch.get.GetActionTests;LongMethod
elasticsearch;org.elasticsearch.get.GetActionTests;LongMethod
elasticsearch;org.elasticsearch.get.GetActionTests;LongMethod
elasticsearch;org.elasticsearch.broadcast.BroadcastActionsTests;LongMethod
elasticsearch;org.elasticsearch.routing.SimpleRoutingTests;LongMethod
elasticsearch;org.elasticsearch.routing.SimpleRoutingTests;LongMethod
elasticsearch;org.elasticsearch.routing.SimpleRoutingTests;LongMethod
elasticsearch;org.elasticsearch.routing.AliasRoutingTests;LongMethod
elasticsearch;org.elasticsearch.routing.AliasRoutingTests;LongMethod
elasticsearch;org.elasticsearch.routing.AliasRoutingTests;LongMethod
elasticsearch;org.elasticsearch.routing.AliasRoutingTests;LongMethod
elasticsearch;org.elasticsearch.routing.AliasRoutingTests;LongMethod
elasticsearch;org.elasticsearch.stresstest.search1.Search1StressTest;LongMethod
elasticsearch;org.elasticsearch.stresstest.search1.Search1StressTest.Searcher;LongMethod
elasticsearch;org.elasticsearch.stresstest.search1.ConcurrentSearchSerializationTests;LongMethod
elasticsearch;org.elasticsearch.stresstest.manyindices.ManyNodesManyIndicesRecoveryStressTest;LongMethod
elasticsearch;org.elasticsearch.stresstest.manyindices.ManyIndicesStressTest;LongMethod
elasticsearch;org.elasticsearch.stresstest.get.GetStressTest;LongMethod
elasticsearch;org.elasticsearch.stresstest.get.MGetStress1;LongMethod
elasticsearch;org.elasticsearch.stresstest.fullrestart.FullRestartStressTest;LongMethod
elasticsearch;org.elasticsearch.stresstest.rollingrestart.RollingRestartStressTest;LongMethod
elasticsearch;org.elasticsearch.stresstest.rollingrestart.QuickRollingRestartStressTest;LongMethod
elasticsearch;org.elasticsearch.stresstest.indexing.ConcurrentIndexingVersioningStressTest;LongMethod
elasticsearch;org.elasticsearch.stresstest.refresh.RefreshStressTest1;LongMethod
elasticsearch;org.elasticsearch.stresstest.client.ClientFailover;LongMethod
elasticsearch;org.elasticsearch.threadpool.SimpleThreadPoolTests;LongMethod
elasticsearch;org.elasticsearch.threadpool.UpdateThreadPoolSettingsTests;LongMethod
elasticsearch;org.elasticsearch.threadpool.UpdateThreadPoolSettingsTests;LongMethod
elasticsearch;org.elasticsearch.search.suggest.completion.CompletionPostingsFormatTest;LongMethod
elasticsearch;org.elasticsearch.search.suggest.completion.AnalyzingCompletionLookupProviderV1;LongMethod
elasticsearch;org.elasticsearch.search.suggest.completion.AnalyzingCompletionLookupProviderV1;LongMethod
elasticsearch;org.elasticsearch.search.suggest.SuggestSearchTests;LongMethod
elasticsearch;org.elasticsearch.search.suggest.SuggestSearchTests;LongMethod
elasticsearch;org.elasticsearch.search.suggest.SuggestSearchTests;LongMethod
elasticsearch;org.elasticsearch.search.suggest.phrase.NoisyChannelSpellCheckerTests;LongMethod
elasticsearch;org.elasticsearch.search.suggest.phrase.NoisyChannelSpellCheckerTests;LongMethod
elasticsearch;org.elasticsearch.search.suggest.phrase.NoisyChannelSpellCheckerTests;LongMethod
elasticsearch;org.elasticsearch.search.suggest.CompletionTokenStreamTest;LongMethod
elasticsearch;org.elasticsearch.search.child.SimpleChildQuerySearchTests;LongMethod
elasticsearch;org.elasticsearch.search.child.SimpleChildQuerySearchTests;LongMethod
elasticsearch;org.elasticsearch.search.child.SimpleChildQuerySearchTests;LongMethod
elasticsearch;org.elasticsearch.search.child.SimpleChildQuerySearchTests;LongMethod
elasticsearch;org.elasticsearch.search.child.SimpleChildQuerySearchTests;LongMethod
elasticsearch;org.elasticsearch.search.child.SimpleChildQuerySearchTests;LongMethod
elasticsearch;org.elasticsearch.search.child.SimpleChildQuerySearchTests;LongMethod
elasticsearch;org.elasticsearch.search.child.SimpleChildQuerySearchTests;LongMethod
elasticsearch;org.elasticsearch.search.child.SimpleChildQuerySearchTests;LongMethod
elasticsearch;org.elasticsearch.search.child.SimpleChildQuerySearchTests;LongMethod
elasticsearch;org.elasticsearch.search.child.SimpleChildQuerySearchTests;LongMethod
elasticsearch;org.elasticsearch.search.highlight.HighlighterSearchTests;LongMethod
elasticsearch;org.elasticsearch.search.highlight.HighlighterSearchTests;LongMethod
elasticsearch;org.elasticsearch.search.highlight.HighlighterSearchTests;LongMethod
elasticsearch;org.elasticsearch.search.highlight.HighlighterSearchTests;LongMethod
elasticsearch;org.elasticsearch.search.highlight.HighlighterSearchTests;LongMethod
elasticsearch;org.elasticsearch.search.highlight.HighlighterSearchTests;LongMethod
elasticsearch;org.elasticsearch.search.highlight.HighlighterSearchTests;LongMethod
elasticsearch;org.elasticsearch.search.indicesboost.SimpleIndicesBoostSearchTests;LongMethod
elasticsearch;org.elasticsearch.search.scriptfilter.ScriptFilterSearchTests;LongMethod
elasticsearch;org.elasticsearch.search.basic.TransportSearchFailuresTests;LongMethod
elasticsearch;org.elasticsearch.search.basic.SearchWhileCreatingIndexTests;LongMethod
elasticsearch;org.elasticsearch.search.basic.SearchWithRandomExceptionsTests;LongMethod
elasticsearch;org.elasticsearch.search.basic.SearchWithRandomExceptionsTests;LongMethod
elasticsearch;org.elasticsearch.search.basic.SearchWhileRelocatingTests;LongMethod
elasticsearch;org.elasticsearch.search.sort.SimpleSortTests;LongMethod
elasticsearch;org.elasticsearch.search.sort.SimpleSortTests;LongMethod
elasticsearch;org.elasticsearch.search.sort.SimpleSortTests;LongMethod
elasticsearch;org.elasticsearch.search.sort.SimpleSortTests;LongMethod
elasticsearch;org.elasticsearch.search.sort.SimpleSortTests;LongMethod
elasticsearch;org.elasticsearch.search.sort.SimpleSortTests;LongMethod
elasticsearch;org.elasticsearch.search.sort.SimpleSortTests;LongMethod
elasticsearch;org.elasticsearch.search.sort.SimpleSortTests;LongMethod
elasticsearch;org.elasticsearch.search.customscore.CustomScoreSearchTests;LongMethod
elasticsearch;org.elasticsearch.search.customscore.CustomScoreSearchTests;LongMethod
elasticsearch;org.elasticsearch.search.customscore.CustomScoreSearchTests;LongMethod
elasticsearch;org.elasticsearch.search.customscore.CustomScoreSearchTests;LongMethod
elasticsearch;org.elasticsearch.search.customscore.CustomScoreSearchTests;LongMethod
elasticsearch;org.elasticsearch.search.customscore.CustomScoreSearchTests;LongMethod
elasticsearch;org.elasticsearch.search.customscore.CustomScoreSearchTests;LongMethod
elasticsearch;org.elasticsearch.search.customscore.CustomScoreSearchTests;LongMethod
elasticsearch;org.elasticsearch.search.geo.GeoBoundingBoxTests;LongMethod
elasticsearch;org.elasticsearch.search.geo.GeoDistanceTests;LongMethod
elasticsearch;org.elasticsearch.search.geo.GeoDistanceTests;LongMethod
elasticsearch;org.elasticsearch.search.geo.GeoDistanceTests;LongMethod
elasticsearch;org.elasticsearch.search.geo.GeoFilterTests;LongMethod
elasticsearch;org.elasticsearch.search.geo.GeoFilterTests;LongMethod
elasticsearch;org.elasticsearch.search.geo.GeoDistanceFacetTests;LongMethod
elasticsearch;org.elasticsearch.search.scroll.SearchScrollTests;LongMethod
elasticsearch;org.elasticsearch.search.scroll.SearchScrollTests;LongMethod
elasticsearch;org.elasticsearch.search.scroll.SearchScrollTests;LongMethod
elasticsearch;org.elasticsearch.search.facet.ExtendedFacetsTests;LongMethod
elasticsearch;org.elasticsearch.search.facet.ExtendedFacetsTests;LongMethod
elasticsearch;org.elasticsearch.search.facet.terms.UnmappedFieldsTermsFacetsTests;LongMethod
elasticsearch;org.elasticsearch.search.facet.terms.UnmappedFieldsTermsFacetsTests;LongMethod
elasticsearch;org.elasticsearch.search.facet.SimpleFacetsTests;LongMethod
elasticsearch;org.elasticsearch.search.facet.SimpleFacetsTests;LongMethod
elasticsearch;org.elasticsearch.search.facet.SimpleFacetsTests;LongMethod
elasticsearch;org.elasticsearch.search.facet.SimpleFacetsTests;LongMethod
elasticsearch;org.elasticsearch.search.facet.SimpleFacetsTests;LongMethod
elasticsearch;org.elasticsearch.search.facet.SimpleFacetsTests;LongMethod
elasticsearch;org.elasticsearch.search.facet.SimpleFacetsTests;LongMethod
elasticsearch;org.elasticsearch.search.facet.SimpleFacetsTests;LongMethod
elasticsearch;org.elasticsearch.search.facet.SimpleFacetsTests;LongMethod
elasticsearch;org.elasticsearch.search.facet.SimpleFacetsTests;LongMethod
elasticsearch;org.elasticsearch.search.facet.SimpleFacetsTests;LongMethod
elasticsearch;org.elasticsearch.search.fields.SearchFieldsTests;LongMethod
elasticsearch;org.elasticsearch.search.fields.SearchFieldsTests;LongMethod
elasticsearch;org.elasticsearch.search.query.SimpleQueryTests;LongMethod
elasticsearch;org.elasticsearch.search.query.SimpleQueryTests;LongMethod
elasticsearch;org.elasticsearch.search.query.SimpleQueryTests;LongMethod
elasticsearch;org.elasticsearch.search.query.SimpleQueryTests;LongMethod
elasticsearch;org.elasticsearch.search.query.SimpleQueryTests;LongMethod
elasticsearch;org.elasticsearch.search.query.SimpleQueryTests;LongMethod
elasticsearch;org.elasticsearch.search.query.SimpleQueryTests;LongMethod
elasticsearch;org.elasticsearch.search.query.SimpleQueryTests;LongMethod
elasticsearch;org.elasticsearch.search.query.SimpleQueryTests;LongMethod
elasticsearch;org.elasticsearch.search.query.SimpleQueryTests;LongMethod
elasticsearch;org.elasticsearch.search.query.SimpleQueryTests;LongMethod
elasticsearch;org.elasticsearch.search.scan.SearchScanScrollingTests;LongMethod
elasticsearch;org.elasticsearch.search.functionscore.RandomScoreFunctionTests;LongMethod
elasticsearch;org.elasticsearch.search.functionscore.DecayFunctionScoreTests;LongMethod
elasticsearch;org.elasticsearch.search.functionscore.DecayFunctionScoreTests;LongMethod
elasticsearch;org.elasticsearch.search.functionscore.DecayFunctionScoreTests;LongMethod
elasticsearch;org.elasticsearch.search.stats.SearchStatsTests;LongMethod
elasticsearch;org.elasticsearch.search.rescore.QueryRescorerTests;LongMethod
elasticsearch;org.elasticsearch.search.rescore.QueryRescorerTests;LongMethod
elasticsearch;org.elasticsearch.search.rescore.QueryRescorerTests;LongMethod
elasticsearch;org.elasticsearch.cluster.metadata.ToAndFromJsonMetaDataTests;LongMethod
elasticsearch;org.elasticsearch.cluster.ZenUnicastDiscoveryTests;LongMethod
elasticsearch;org.elasticsearch.cluster.settings.SettingsValidatorTests;LongMethod
elasticsearch;org.elasticsearch.cluster.routing.allocation.PreferPrimaryAllocationTests;LongMethod
elasticsearch;org.elasticsearch.cluster.routing.allocation.TenShardsOneReplicaRoutingTests;LongMethod
elasticsearch;org.elasticsearch.cluster.routing.allocation.decider.DiskThresholdDeciderTests;LongMethod
elasticsearch;org.elasticsearch.cluster.routing.allocation.decider.DiskThresholdDeciderTests;LongMethod
elasticsearch;org.elasticsearch.cluster.routing.allocation.decider.DiskThresholdDeciderTests;LongMethod
elasticsearch;org.elasticsearch.cluster.routing.allocation.ElectReplicaAsPrimaryDuringRelocationTests;LongMethod
elasticsearch;org.elasticsearch.cluster.routing.allocation.IndexBalanceTests;LongMethod
elasticsearch;org.elasticsearch.cluster.routing.allocation.IndexBalanceTests;LongMethod
elasticsearch;org.elasticsearch.cluster.routing.allocation.IndexBalanceTests;LongMethod
elasticsearch;org.elasticsearch.cluster.routing.allocation.FilterRoutingTests;LongMethod
elasticsearch;org.elasticsearch.cluster.routing.allocation.AllocationCommandsTests;LongMethod
elasticsearch;org.elasticsearch.cluster.routing.allocation.AllocationCommandsTests;LongMethod
elasticsearch;org.elasticsearch.cluster.routing.allocation.UpdateNumberOfReplicasTests;LongMethod
elasticsearch;org.elasticsearch.cluster.routing.allocation.NodeVersionAllocationDeciderTests;LongMethod
elasticsearch;org.elasticsearch.cluster.routing.allocation.NodeVersionAllocationDeciderTests;LongMethod
elasticsearch;org.elasticsearch.cluster.routing.allocation.NodeVersionAllocationDeciderTests;LongMethod
elasticsearch;org.elasticsearch.cluster.routing.allocation.PrimaryElectionRoutingTests;LongMethod
elasticsearch;org.elasticsearch.cluster.routing.allocation.PreferLocalPrimariesToRelocatingPrimariesTests;LongMethod
elasticsearch;org.elasticsearch.cluster.routing.allocation.BalanceConfigurationTests;LongMethod
elasticsearch;org.elasticsearch.cluster.routing.allocation.BalanceConfigurationTests;LongMethod
elasticsearch;org.elasticsearch.cluster.routing.allocation.BalanceConfigurationTests;LongMethod
elasticsearch;org.elasticsearch.cluster.routing.allocation.RandomAllocationDeciderTests;LongMethod
elasticsearch;org.elasticsearch.cluster.routing.allocation.SingleShardOneReplicaRoutingTests;LongMethod
elasticsearch;org.elasticsearch.cluster.routing.allocation.RebalanceAfterActiveTests;LongMethod
elasticsearch;org.elasticsearch.cluster.routing.allocation.ClusterRebalanceRoutingTests;LongMethod
elasticsearch;org.elasticsearch.cluster.routing.allocation.ClusterRebalanceRoutingTests;LongMethod
elasticsearch;org.elasticsearch.cluster.routing.allocation.ClusterRebalanceRoutingTests;LongMethod
elasticsearch;org.elasticsearch.cluster.routing.allocation.ClusterRebalanceRoutingTests;LongMethod
elasticsearch;org.elasticsearch.cluster.routing.allocation.ClusterRebalanceRoutingTests;LongMethod
elasticsearch;org.elasticsearch.cluster.routing.allocation.ClusterRebalanceRoutingTests;LongMethod
elasticsearch;org.elasticsearch.cluster.routing.allocation.AddIncrementallyTests;LongMethod
elasticsearch;org.elasticsearch.cluster.routing.allocation.AddIncrementallyTests;LongMethod
elasticsearch;org.elasticsearch.cluster.routing.allocation.AddIncrementallyTests;LongMethod
elasticsearch;org.elasticsearch.cluster.routing.allocation.AddIncrementallyTests;LongMethod
elasticsearch;org.elasticsearch.cluster.routing.allocation.AddIncrementallyTests;LongMethod
elasticsearch;org.elasticsearch.cluster.routing.allocation.AddIncrementallyTests;LongMethod
elasticsearch;org.elasticsearch.cluster.routing.allocation.ShardVersioningTests;LongMethod
elasticsearch;org.elasticsearch.cluster.routing.allocation.FailedNodeRoutingTests;LongMethod
elasticsearch;org.elasticsearch.cluster.routing.allocation.FailedNodeRoutingTests;LongMethod
elasticsearch;org.elasticsearch.cluster.routing.allocation.ShardsLimitAllocationTests;LongMethod
elasticsearch;org.elasticsearch.cluster.routing.allocation.ReplicaAllocatedAfterPrimaryTests;LongMethod
elasticsearch;org.elasticsearch.cluster.routing.allocation.SingleShardNoReplicasRoutingTests;LongMethod
elasticsearch;org.elasticsearch.cluster.routing.allocation.SingleShardNoReplicasRoutingTests;LongMethod
elasticsearch;org.elasticsearch.cluster.routing.allocation.SingleShardNoReplicasRoutingTests;LongMethod
elasticsearch;org.elasticsearch.cluster.routing.allocation.SingleShardNoReplicasRoutingTests;LongMethod
elasticsearch;org.elasticsearch.cluster.routing.allocation.ThrottlingAllocationTests;LongMethod
elasticsearch;org.elasticsearch.cluster.routing.allocation.ThrottlingAllocationTests;LongMethod
elasticsearch;org.elasticsearch.cluster.routing.allocation.FailedShardsRoutingTests;LongMethod
elasticsearch;org.elasticsearch.cluster.routing.allocation.FailedShardsRoutingTests;LongMethod
elasticsearch;org.elasticsearch.cluster.routing.allocation.FailedShardsRoutingTests;LongMethod
elasticsearch;org.elasticsearch.cluster.routing.allocation.FailedShardsRoutingTests;LongMethod
elasticsearch;org.elasticsearch.cluster.routing.allocation.FailedShardsRoutingTests;LongMethod
elasticsearch;org.elasticsearch.cluster.routing.allocation.DeadNodesAllocationTests;LongMethod
elasticsearch;org.elasticsearch.cluster.routing.allocation.DeadNodesAllocationTests;LongMethod
elasticsearch;org.elasticsearch.cluster.routing.allocation.ConcurrentRebalanceRoutingTests;LongMethod
elasticsearch;org.elasticsearch.cluster.routing.allocation.RoutingNodesIntegrityTests;LongMethod
elasticsearch;org.elasticsearch.cluster.routing.allocation.RoutingNodesIntegrityTests;LongMethod
elasticsearch;org.elasticsearch.cluster.routing.allocation.RoutingNodesIntegrityTests;LongMethod
elasticsearch;org.elasticsearch.cluster.routing.allocation.AwarenessAllocationTests;LongMethod
elasticsearch;org.elasticsearch.cluster.routing.allocation.AwarenessAllocationTests;LongMethod
elasticsearch;org.elasticsearch.cluster.routing.allocation.AwarenessAllocationTests;LongMethod
elasticsearch;org.elasticsearch.cluster.routing.allocation.AwarenessAllocationTests;LongMethod
elasticsearch;org.elasticsearch.cluster.routing.allocation.AwarenessAllocationTests;LongMethod
elasticsearch;org.elasticsearch.cluster.routing.allocation.AwarenessAllocationTests;LongMethod
elasticsearch;org.elasticsearch.cluster.routing.allocation.AwarenessAllocationTests;LongMethod
elasticsearch;org.elasticsearch.cluster.routing.allocation.AwarenessAllocationTests;LongMethod
elasticsearch;org.elasticsearch.cluster.routing.allocation.AwarenessAllocationTests;LongMethod
elasticsearch;org.elasticsearch.cluster.routing.allocation.AwarenessAllocationTests;LongMethod
elasticsearch;org.elasticsearch.cluster.MinimumMasterNodesTests;LongMethod
elasticsearch;org.elasticsearch.cluster.MinimumMasterNodesTests;LongMethod
elasticsearch;org.elasticsearch.cluster.NoMasterNodeTests;LongMethod
elasticsearch;org.elasticsearch.cluster.allocation.ClusterRerouteTests;LongMethod
elasticsearch;org.elasticsearch.cluster.allocation.ClusterRerouteTests;LongMethod
elasticsearch;org.elasticsearch.cluster.allocation.FilteringAllocationTests;LongMethod
elasticsearch;org.elasticsearch.cluster.allocation.AwarenessAllocationTests;LongMethod
elasticsearch;org.elasticsearch.cluster.structure.RoutingIteratorTests;LongMethod
elasticsearch;org.elasticsearch.cluster.structure.RoutingIteratorTests;LongMethod
elasticsearch;org.elasticsearch.cluster.structure.RoutingIteratorTests;LongMethod
elasticsearch;org.elasticsearch.cluster.ClusterServiceTests;LongMethod
elasticsearch;org.elasticsearch.cluster.ClusterServiceTests;LongMethod
elasticsearch;org.elasticsearch.cluster.ClusterServiceTests;LongMethod
elasticsearch;org.elasticsearch.cluster.ClusterServiceTests;LongMethod
elasticsearch;org.elasticsearch.cluster.ClusterServiceTests;LongMethod
elasticsearch;org.elasticsearch.cluster.ClusterServiceTests;LongMethod
elasticsearch;org.elasticsearch.cluster.ClusterServiceTests;LongMethod
elasticsearch;org.elasticsearch.recovery.SimpleRecoveryTests;LongMethod
elasticsearch;org.elasticsearch.recovery.RelocationTests;LongMethod
elasticsearch;org.elasticsearch.recovery.RelocationTests;LongMethod
elasticsearch;org.elasticsearch.recovery.RecoveryWhileUnderLoadTests;LongMethod
elasticsearch;org.elasticsearch.recovery.RecoveryWhileUnderLoadTests;LongMethod
elasticsearch;org.elasticsearch.recovery.RecoveryWhileUnderLoadTests;LongMethod
elasticsearch;org.elasticsearch.recovery.RecoveryWhileUnderLoadTests;LongMethod
elasticsearch;org.elasticsearch.recovery.FullRollingRestartTests;LongMethod
elasticsearch;org.elasticsearch.ttl.SimpleTTLTests;LongMethod
elasticsearch;org.elasticsearch.count.query.SimpleQueryTests;LongMethod
elasticsearch;org.elasticsearch.update.UpdateTests;LongMethod
elasticsearch;org.elasticsearch.update.UpdateTests;LongMethod
elasticsearch;org.elasticsearch.update.UpdateTests;LongMethod
elasticsearch;org.elasticsearch.document.BulkTests;LongMethod
elasticsearch;org.elasticsearch.document.BulkTests;LongMethod
elasticsearch;org.elasticsearch.document.DocumentActionsTests;LongMethod
elasticsearch;org.elasticsearch.document.DocumentActionsTests;LongMethod
elasticsearch;org.elasticsearch.indexlifecycle.IndexLifecycleActionTests;LongMethod
elasticsearch;org.elasticsearch.indexlifecycle.IndexLifecycleActionTests;LongMethod
elasticsearch;org.elasticsearch.test.rest.spec.RestApiParser;LongMethod
elasticsearch;org.elasticsearch.test.rest.parser.DoSectionParser;LongMethod
elasticsearch;org.elasticsearch.test.rest.parser.SkipSectionParser;LongMethod
elasticsearch;org.elasticsearch.test.rest.test.RestTestParserTests;LongMethod
elasticsearch;org.elasticsearch.test.rest.test.RestTestParserTests;LongMethod
elasticsearch;org.elasticsearch.test.rest.test.RestTestParserTests;LongMethod
elasticsearch;org.elasticsearch.test.rest.test.RestTestParserTests;LongMethod
elasticsearch;org.elasticsearch.test.rest.test.FileUtilsTests;LongMethod
elasticsearch;org.elasticsearch.test.rest.test.VersionUtilsTests;LongMethod
elasticsearch;org.elasticsearch.test.rest.test.TestSectionParserTests;LongMethod
elasticsearch;org.elasticsearch.test.rest.junit.RestTestSuiteRunner;LongMethod
elasticsearch;org.elasticsearch.test.rest.junit.RestTestSuiteRunner;LongMethod
elasticsearch;org.elasticsearch.test.TestCluster;LongMethod
elasticsearch;org.elasticsearch.test.ElasticsearchIntegrationTest;LongMethod
elasticsearch;org.elasticsearch.test.ElasticsearchIntegrationTest;LongMethod
elasticsearch;org.elasticsearch.index.translog.AbstractSimpleTranslogTests;LongMethod
elasticsearch;org.elasticsearch.index.translog.AbstractSimpleTranslogTests;LongMethod
elasticsearch;org.elasticsearch.index.store.distributor.DistributorTests;LongMethod
elasticsearch;org.elasticsearch.index.analysis.NGramTokenizerFactoryTests;LongMethod
elasticsearch;org.elasticsearch.index.analysis.NGramTokenizerFactoryTests;LongMethod
elasticsearch;org.elasticsearch.index.analysis.AnalysisModuleTests;LongMethod
elasticsearch;org.elasticsearch.index.fielddata.AbstractStringFieldDataTests;LongMethod
elasticsearch;org.elasticsearch.index.fielddata.AbstractStringFieldDataTests;LongMethod
elasticsearch;org.elasticsearch.index.fielddata.AbstractStringFieldDataTests;LongMethod
elasticsearch;org.elasticsearch.index.fielddata.AbstractStringFieldDataTests;LongMethod
elasticsearch;org.elasticsearch.index.fielddata.DuelFieldDataTests;LongMethod
elasticsearch;org.elasticsearch.index.fielddata.DuelFieldDataTests;LongMethod
elasticsearch;org.elasticsearch.index.fielddata.DuelFieldDataTests;LongMethod
elasticsearch;org.elasticsearch.index.fielddata.DuelFieldDataTests;LongMethod
elasticsearch;org.elasticsearch.index.fielddata.DuelFieldDataTests;LongMethod
elasticsearch;org.elasticsearch.index.fielddata.IndexFieldDataServiceTests;LongMethod
elasticsearch;org.elasticsearch.index.fielddata.AbstractNumericFieldDataTests;LongMethod
elasticsearch;org.elasticsearch.index.fielddata.AbstractNumericFieldDataTests;LongMethod
elasticsearch;org.elasticsearch.index.fielddata.AbstractNumericFieldDataTests;LongMethod
elasticsearch;org.elasticsearch.index.fielddata.DoubleFieldDataTests;LongMethod
elasticsearch;org.elasticsearch.index.fielddata.ordinals.MultiOrdinalsTests;LongMethod
elasticsearch;org.elasticsearch.index.fielddata.FloatFieldDataTests;LongMethod
elasticsearch;org.elasticsearch.index.fielddata.LongFieldDataTests;LongMethod
elasticsearch;org.elasticsearch.index.fielddata.LongFieldDataTests;LongMethod
elasticsearch;org.elasticsearch.index.fielddata.AbstractFieldDataImplTests;LongMethod
elasticsearch;org.elasticsearch.index.fielddata.AbstractFieldDataImplTests;LongMethod
elasticsearch;org.elasticsearch.index.fielddata.FilterFieldDataTest;LongMethod
elasticsearch;org.elasticsearch.index.fielddata.FilterFieldDataTest;LongMethod
elasticsearch;org.elasticsearch.index.fielddata.NoOrdinalsStringFieldDataTests;LongMethod
elasticsearch;org.elasticsearch.index.cache.id.SimpleIdCacheTests;LongMethod
elasticsearch;org.elasticsearch.index.search.child.ChildrenConstantScoreQueryTests;LongMethod
elasticsearch;org.elasticsearch.index.search.child.ParentConstantScoreQueryTests;LongMethod
elasticsearch;org.elasticsearch.index.search.child.ChildrenQueryTests;LongMethod
elasticsearch;org.elasticsearch.index.search.child.ParentQueryTests;LongMethod
elasticsearch;org.elasticsearch.index.search.geo.GeoUtilsTests;LongMethod
elasticsearch;org.elasticsearch.index.search.geo.GeoUtilsTests;LongMethod
elasticsearch;org.elasticsearch.index.search.nested.AbstractNumberNestedSortingTests;LongMethod
elasticsearch;org.elasticsearch.index.search.nested.NestedSortingTests;LongMethod
elasticsearch;org.elasticsearch.index.search.FieldDataTermsFilterTests;LongMethod
elasticsearch;org.elasticsearch.index.merge.policy.MergePolicySettingsTest;LongMethod
elasticsearch;org.elasticsearch.index.query.IndexQueryParserFilterCachingTests;LongMethod
elasticsearch;org.elasticsearch.index.codec.postingformat.DefaultPostingsFormatTests;LongMethod
elasticsearch;org.elasticsearch.index.codec.CodecTests;LongMethod
elasticsearch;org.elasticsearch.index.engine.robin.RobinEngineTests;LongMethod
elasticsearch;org.elasticsearch.index.engine.robin.RobinEngineTests;LongMethod
elasticsearch;org.elasticsearch.index.engine.robin.RobinEngineTests;LongMethod
elasticsearch;org.elasticsearch.index.engine.robin.RobinEngineTests;LongMethod
elasticsearch;org.elasticsearch.index.engine.robin.RobinEngineTests;LongMethod
elasticsearch;org.elasticsearch.index.engine.robin.RobinEngineTests;LongMethod
elasticsearch;org.elasticsearch.index.mapper.boost.FieldLevelBoostTests;LongMethod
elasticsearch;org.elasticsearch.index.mapper.multifield.merge.JavaMultiFieldMergeTests;LongMethod
elasticsearch;org.elasticsearch.index.mapper.geo.GeoShapeFieldMapperTests;LongMethod
elasticsearch;org.elasticsearch.index.mapper.lucene.StoredNumericValuesTest;LongMethod
elasticsearch;org.elasticsearch.index.mapper.all.SimpleAllMapperTests;LongMethod
elasticsearch;org.elasticsearch.index.mapper.dynamictemplate.simple.SimpleDynamicTemplatesTests;LongMethod
elasticsearch;org.elasticsearch.index.mapper.dynamictemplate.simple.SimpleDynamicTemplatesTests;LongMethod
elasticsearch;org.elasticsearch.index.mapper.nested.NestedMappingTests;LongMethod
elasticsearch;org.elasticsearch.index.mapper.nested.NestedMappingTests;LongMethod
elasticsearch;org.elasticsearch.index.mapper.nested.NestedMappingTests;LongMethod
elasticsearch;org.elasticsearch.index.mapper.nested.NestedMappingTests;LongMethod
elasticsearch;org.elasticsearch.index.percolator.PercolatorExecutorTests;LongMethod
elasticsearch;org.elasticsearch.aliases.IndexAliasesTests;LongMethod
elasticsearch;org.elasticsearch.aliases.IndexAliasesTests;LongMethod
elasticsearch;org.elasticsearch.aliases.IndexAliasesTests;LongMethod
elasticsearch;org.elasticsearch.aliases.IndexAliasesTests;LongMethod
elasticsearch;org.elasticsearch.aliases.IndexAliasesTests;LongMethod
elasticsearch;org.elasticsearch.aliases.IndexAliasesTests;LongMethod
elasticsearch;org.elasticsearch.discovery.zen.ping.unicast.UnicastZenPingTests;LongMethod
elasticsearch;org.elasticsearch.discovery.zen.ping.multicast.MulticastZenPingTests;LongMethod
elasticsearch;org.elasticsearch.discovery.zen.ping.multicast.MulticastZenPingTests;LongMethod
elasticsearch;org.elasticsearch.transport.AbstractSimpleTransportTests;LongMethod
elasticsearch;org.elasticsearch.transport.AbstractSimpleTransportTests;LongMethod
elasticsearch;org.elasticsearch.transport.AbstractSimpleTransportTests;LongMethod
elasticsearch;org.elasticsearch.transport.AbstractSimpleTransportTests;LongMethod
elasticsearch;org.elasticsearch.transport.AbstractSimpleTransportTests;LongMethod
elasticsearch;org.elasticsearch.transport.AbstractSimpleTransportTests;LongMethod
elasticsearch;org.elasticsearch.transport.AbstractSimpleTransportTests;LongMethod
elasticsearch;org.elasticsearch.transport.AbstractSimpleTransportTests;LongMethod
elasticsearch;org.elasticsearch.transport.AbstractSimpleTransportTests;LongMethod
elasticsearch;org.elasticsearch.transport.AbstractSimpleTransportTests;LongMethod
elasticsearch;org.elasticsearch.watcher.FileWatcherTest;LongMethod
elasticsearch;org.elasticsearch.watcher.FileWatcherTest;LongMethod
elasticsearch;org.elasticsearch.percolator.RecoveryPercolatorTests;LongMethod
elasticsearch;org.elasticsearch.nodesinfo.SimpleNodesInfoTests;LongMethod
elasticsearch;org.elasticsearch.timestamp.SimpleTimestampTests;LongMethod
elasticsearch;org.elasticsearch.nested.SimpleNestedTests;LongMethod
elasticsearch;org.elasticsearch.nested.SimpleNestedTests;LongMethod
elasticsearch;org.elasticsearch.nested.SimpleNestedTests;LongMethod
elasticsearch;org.elasticsearch.nested.SimpleNestedTests;LongMethod
elasticsearch;org.elasticsearch.nested.SimpleNestedTests;LongMethod
elasticsearch;org.elasticsearch.action.admin.cluster.stats.ClusterStatsTests;LongMethod
elasticsearch;org.elasticsearch.action.admin.HotThreadsTest;LongMethod
elasticsearch;org.apache.lucene.search.postingshighlight.CustomPassageFormatterTests;LongMethod
elasticsearch;org.apache.lucene.search.postingshighlight.CustomPostingsHighlighterTests;LongMethod
elasticsearch;org.apache.lucene.search.postingshighlight.CustomPostingsHighlighterTests;LongMethod
elasticsearch;org.apache.lucene.search.postingshighlight.CustomPostingsHighlighterTests;LongMethod
elasticsearch;org.apache.lucene.search.postingshighlight.CustomPostingsHighlighterTests;LongMethod
elasticsearch;org.apache.lucene.search.postingshighlight.CustomPostingsHighlighterTests;LongMethod
elasticsearch;org.apache.lucene.search.postingshighlight.XPostingsHighlighterTests;LongMethod
elasticsearch;org.apache.lucene.search.postingshighlight.XPostingsHighlighterTests;LongMethod
elasticsearch;org.apache.lucene.search.postingshighlight.XPostingsHighlighterTests;LongMethod
elasticsearch;org.apache.lucene.search.postingshighlight.XPostingsHighlighterTests;LongMethod
elasticsearch;org.apache.lucene.search.postingshighlight.XPostingsHighlighterTests;LongMethod
elasticsearch;org.apache.lucene.search.postingshighlight.XPostingsHighlighterTests;LongMethod
elasticsearch;org.apache.lucene.search.postingshighlight.XPostingsHighlighterTests;LongMethod
elasticsearch;org.apache.lucene.search.postingshighlight.XPostingsHighlighterTests;LongMethod
elasticsearch;org.apache.lucene.search.postingshighlight.XPostingsHighlighterTests;LongMethod
elasticsearch;org.apache.lucene.search.postingshighlight.XPostingsHighlighterTests;LongMethod
elasticsearch;org.apache.lucene.search.postingshighlight.XPostingsHighlighterTests;LongMethod
elasticsearch;org.apache.lucene.search.postingshighlight.XPostingsHighlighterTests;LongMethod
elasticsearch;org.apache.lucene.search.postingshighlight.XPostingsHighlighterTests;LongMethod
elasticsearch;org.apache.lucene.search.postingshighlight.XPostingsHighlighterTests;LongMethod
elasticsearch;org.apache.lucene.search.postingshighlight.XPostingsHighlighterTests;LongMethod
elasticsearch;org.elasticsearch.rest.support.RestUtils;LongMethod
elasticsearch;org.elasticsearch.rest.action.suggest.RestSuggestAction;LongMethod
elasticsearch;org.elasticsearch.rest.action.explain.RestExplainAction;LongMethod
elasticsearch;org.elasticsearch.rest.action.get.RestMultiGetAction;LongMethod
elasticsearch;org.elasticsearch.rest.action.get.RestGetAction;LongMethod
elasticsearch;org.elasticsearch.rest.action.search.RestSearchScrollAction;LongMethod
elasticsearch;org.elasticsearch.rest.action.search.RestMultiSearchAction;LongMethod
elasticsearch;org.elasticsearch.rest.action.search.RestSearchAction;LongMethod
elasticsearch;org.elasticsearch.rest.action.search.RestSearchAction;LongMethod
elasticsearch;org.elasticsearch.rest.action.deletebyquery.RestDeleteByQueryAction;LongMethod
elasticsearch;org.elasticsearch.rest.action.bulk.RestBulkAction;LongMethod
elasticsearch;org.elasticsearch.rest.action.RestActionModule;LongMethod
elasticsearch;org.elasticsearch.rest.action.delete.RestDeleteAction;LongMethod
elasticsearch;org.elasticsearch.rest.action.mlt.RestMoreLikeThisAction;LongMethod
elasticsearch;org.elasticsearch.rest.action.count.RestCountAction;LongMethod
elasticsearch;org.elasticsearch.rest.action.update.RestUpdateAction;LongMethod
elasticsearch;org.elasticsearch.rest.action.admin.indices.optimize.RestOptimizeAction;LongMethod
elasticsearch;org.elasticsearch.rest.action.admin.indices.settings.RestGetSettingsAction;LongMethod
elasticsearch;org.elasticsearch.rest.action.admin.indices.validate.query.RestValidateQueryAction;LongMethod
elasticsearch;org.elasticsearch.rest.action.admin.indices.flush.RestFlushAction;LongMethod
elasticsearch;org.elasticsearch.rest.action.admin.indices.cache.clear.RestClearIndicesCacheAction;LongMethod
elasticsearch;org.elasticsearch.rest.action.admin.indices.alias.get.RestIndicesGetAliasesAction;LongMethod
elasticsearch;org.elasticsearch.rest.action.admin.indices.alias.put.RestIndexPutAliasAction;LongMethod
elasticsearch;org.elasticsearch.rest.action.admin.indices.alias.RestIndicesAliasesAction;LongMethod
elasticsearch;org.elasticsearch.rest.action.admin.indices.analyze.RestAnalyzeAction;LongMethod
elasticsearch;org.elasticsearch.rest.action.admin.indices.mapping.get.RestGetMappingAction;LongMethod
elasticsearch;org.elasticsearch.rest.action.admin.indices.mapping.get.RestGetFieldMappingAction;LongMethod
elasticsearch;org.elasticsearch.rest.action.admin.indices.status.RestIndicesStatusAction;LongMethod
elasticsearch;org.elasticsearch.rest.action.admin.indices.stats.RestIndicesStatsAction;LongMethod
elasticsearch;org.elasticsearch.rest.action.admin.indices.stats.RestIndicesStatsAction;LongMethod
elasticsearch;org.elasticsearch.rest.action.admin.indices.stats.RestIndicesStatsAction.RestIndexingStatsHandler;LongMethod
elasticsearch;org.elasticsearch.rest.action.admin.indices.stats.RestIndicesStatsAction.RestSearchStatsHandler;LongMethod
elasticsearch;org.elasticsearch.rest.action.admin.indices.warmer.get.RestGetWarmerAction;LongMethod
elasticsearch;org.elasticsearch.rest.action.admin.cluster.node.stats.RestNodesStatsAction;LongMethod
elasticsearch;org.elasticsearch.rest.action.admin.cluster.node.shutdown.RestNodesShutdownAction;LongMethod
elasticsearch;org.elasticsearch.rest.action.admin.cluster.health.RestClusterHealthAction;LongMethod
elasticsearch;org.elasticsearch.rest.action.admin.cluster.settings.RestClusterUpdateSettingsAction;LongMethod
elasticsearch;org.elasticsearch.rest.action.admin.cluster.state.RestClusterStateAction;LongMethod
elasticsearch;org.elasticsearch.rest.action.main.RestMainAction;LongMethod
elasticsearch;org.elasticsearch.rest.action.index.RestIndexAction;LongMethod
elasticsearch;org.elasticsearch.common.util.BloomFilter;LongMethod
elasticsearch;org.elasticsearch.common.network.NetworkService;LongMethod
elasticsearch;org.elasticsearch.common.geo.GeoHashUtils;LongMethod
elasticsearch;org.elasticsearch.common.geo.GeoPoint;LongMethod
elasticsearch;org.elasticsearch.common.Strings;LongMethod
elasticsearch;org.elasticsearch.common.Strings;LongMethod
elasticsearch;org.elasticsearch.common.lucene.search.function.FiltersFunctionScoreQuery.CustomBoostFactorWeight;LongMethod
elasticsearch;org.elasticsearch.common.lucene.search.function.FiltersFunctionScoreQuery.CustomBoostFactorScorer;LongMethod
elasticsearch;org.elasticsearch.common.lucene.search.XBooleanFilter;LongMethod
elasticsearch;org.elasticsearch.common.lucene.Lucene;LongMethod
elasticsearch;org.elasticsearch.common.lucene.Lucene;LongMethod
elasticsearch;org.elasticsearch.common.lucene.Lucene;LongMethod
elasticsearch;org.elasticsearch.common.lucene.all.AllEntries;LongMethod
elasticsearch;org.elasticsearch.common.inject.assistedinject.FactoryProvider;LongMethod
elasticsearch;org.elasticsearch.common.inject.TypeLiteral;LongMethod
elasticsearch;org.elasticsearch.common.inject.BindingProcessor;LongMethod
elasticsearch;org.elasticsearch.common.inject.internal.MoreTypes;LongMethod
elasticsearch;org.elasticsearch.common.inject.TypeConverterBindingProcessor;LongMethod
elasticsearch;org.elasticsearch.common.inject.multibindings.MapBinder.RealMapBinder;LongMethod
elasticsearch;org.elasticsearch.common.inject.InjectorImpl;LongMethod
elasticsearch;org.elasticsearch.common.inject.InjectorShell.Builder;LongMethod
elasticsearch;org.elasticsearch.common.blobstore.fs.FsImmutableBlobContainer;LongMethod
elasticsearch;org.elasticsearch.common.logging.support.LoggerMessageFormat;LongMethod
elasticsearch;org.elasticsearch.common.joda.DateMathParser;LongMethod
elasticsearch;org.elasticsearch.common.joda.Joda;LongMethod
elasticsearch;org.elasticsearch.common.Base64;LongMethod
elasticsearch;org.elasticsearch.common.Base64;LongMethod
elasticsearch;org.elasticsearch.common.Base64;LongMethod
elasticsearch;org.elasticsearch.common.Base64.InputStream;LongMethod
elasticsearch;org.elasticsearch.common.xcontent.XContentBuilder;LongMethod
elasticsearch;org.elasticsearch.common.xcontent.support.XContentMapValues;LongMethod
elasticsearch;org.elasticsearch.common.xcontent.XContentHelper;LongMethod
elasticsearch;org.elasticsearch.common.io.stream.StreamOutput;LongMethod
elasticsearch;org.elasticsearch.common.io.stream.StreamInput;LongMethod
elasticsearch;org.elasticsearch.common.io.stream.StreamInput;LongMethod
elasticsearch;org.elasticsearch.common.io.UTF8StreamWriter;LongMethod
elasticsearch;org.elasticsearch.common.unit.ByteSizeValue;LongMethod
elasticsearch;org.elasticsearch.indices.store.IndicesStore;LongMethod
elasticsearch;org.elasticsearch.indices.store.TransportNodesListShardStoreMetaData;LongMethod
elasticsearch;org.elasticsearch.indices.IndicesModule;LongMethod
elasticsearch;org.elasticsearch.indices.analysis.HunspellService;LongMethod
elasticsearch;org.elasticsearch.indices.memory.IndexingMemoryController;LongMethod
elasticsearch;org.elasticsearch.indices.memory.IndexingMemoryController.ShardsIndicesStatusChecker;LongMethod
elasticsearch;org.elasticsearch.indices.query.IndicesQueriesModule;LongMethod
elasticsearch;org.elasticsearch.indices.cluster.IndicesClusterStateService;LongMethod
elasticsearch;org.elasticsearch.indices.cluster.IndicesClusterStateService;LongMethod
elasticsearch;org.elasticsearch.indices.recovery.RecoverySettings.ApplySettings;LongMethod
elasticsearch;org.elasticsearch.indices.recovery.RecoverySource;LongMethod
elasticsearch;org.elasticsearch.indices.recovery.RecoveryTarget;LongMethod
elasticsearch;org.elasticsearch.indices.recovery.RecoveryTarget.CleanFilesRequestHandler;LongMethod
elasticsearch;org.elasticsearch.indices.recovery.RecoveryTarget.FileChunkTransportRequestHandler;LongMethod
elasticsearch;org.elasticsearch.indices.InternalIndicesService;LongMethod
elasticsearch;org.elasticsearch.indices.InternalIndicesService;LongMethod
elasticsearch;org.elasticsearch.indices.InternalIndicesService;LongMethod
elasticsearch;org.elasticsearch.node.internal.InternalNode;LongMethod
elasticsearch;org.elasticsearch.node.internal.InternalNode;LongMethod
elasticsearch;org.elasticsearch.node.internal.InternalNode;LongMethod
elasticsearch;org.elasticsearch.node.internal.InternalNode;LongMethod
elasticsearch;org.elasticsearch.node.internal.InternalSettingsPreparer;LongMethod
elasticsearch;org.elasticsearch.gateway.GatewayService;LongMethod
elasticsearch;org.elasticsearch.gateway.blobstore.BlobReuseExistingGatewayAllocator;LongMethod
elasticsearch;org.elasticsearch.gateway.blobstore.BlobReuseExistingGatewayAllocator;LongMethod
elasticsearch;org.elasticsearch.gateway.local.LocalGateway;LongMethod
elasticsearch;org.elasticsearch.gateway.local.state.meta.LocalGatewayMetaState;LongMethod
elasticsearch;org.elasticsearch.gateway.local.state.meta.LocalGatewayMetaState;LongMethod
elasticsearch;org.elasticsearch.gateway.local.state.meta.LocalGatewayMetaState;LongMethod
elasticsearch;org.elasticsearch.gateway.local.state.meta.LocalGatewayMetaState;LongMethod
elasticsearch;org.elasticsearch.gateway.local.state.meta.LocalGatewayMetaState;LongMethod
elasticsearch;org.elasticsearch.gateway.local.state.meta.LocalGatewayMetaState;LongMethod
elasticsearch;org.elasticsearch.gateway.local.state.meta.LocalAllocateDangledIndices.AllocateDangledRequestHandler;LongMethod
elasticsearch;org.elasticsearch.gateway.local.state.shards.LocalGatewayShardsState;LongMethod
elasticsearch;org.elasticsearch.gateway.local.state.shards.LocalGatewayShardsState;LongMethod
elasticsearch;org.elasticsearch.gateway.local.state.shards.LocalGatewayShardsState;LongMethod
elasticsearch;org.elasticsearch.gateway.local.state.shards.LocalGatewayShardsState;LongMethod
elasticsearch;org.elasticsearch.gateway.local.LocalGatewayAllocator;LongMethod
elasticsearch;org.elasticsearch.gateway.local.LocalGatewayAllocator;LongMethod
elasticsearch;org.elasticsearch.gateway.local.LocalGatewayAllocator;LongMethod
elasticsearch;org.elasticsearch.gateway.shared.SharedStorageGateway;LongMethod
elasticsearch;org.elasticsearch.env.NodeEnvironment;LongMethod
elasticsearch;org.elasticsearch.threadpool.ThreadPool;LongMethod
elasticsearch;org.elasticsearch.cache.recycler.CacheRecycler;LongMethod
elasticsearch;org.elasticsearch.search.suggest.completion.CompletionSuggestParser;LongMethod
elasticsearch;org.elasticsearch.search.suggest.completion.AnalyzingCompletionLookupProvider;LongMethod
elasticsearch;org.elasticsearch.search.suggest.completion.AnalyzingCompletionLookupProvider;LongMethod
elasticsearch;org.elasticsearch.search.suggest.completion.CompletionSuggester;LongMethod
elasticsearch;org.elasticsearch.search.suggest.phrase.NoisyChannelSpellChecker;LongMethod
elasticsearch;org.elasticsearch.search.suggest.phrase.PhraseSuggestionBuilder;LongMethod
elasticsearch;org.elasticsearch.search.suggest.phrase.PhraseSuggestionBuilder.DirectCandidateGenerator;LongMethod
elasticsearch;org.elasticsearch.search.suggest.phrase.PhraseSuggestParser;LongMethod
elasticsearch;org.elasticsearch.search.suggest.phrase.PhraseSuggestParser;LongMethod
elasticsearch;org.elasticsearch.search.suggest.phrase.PhraseSuggester;LongMethod
elasticsearch;org.elasticsearch.search.suggest.SuggestParseElement;LongMethod
elasticsearch;org.elasticsearch.search.highlight.FastVectorHighlighter;LongMethod
elasticsearch;org.elasticsearch.search.highlight.SearchContextHighlight.FieldOptions.Builder;LongMethod
elasticsearch;org.elasticsearch.search.highlight.HighlightPhase;LongMethod
elasticsearch;org.elasticsearch.search.highlight.HighlighterParseElement;LongMethod
elasticsearch;org.elasticsearch.search.highlight.HighlightBuilder;LongMethod
elasticsearch;org.elasticsearch.search.highlight.PostingsHighlighter;LongMethod
elasticsearch;org.elasticsearch.search.highlight.PlainHighlighter;LongMethod
elasticsearch;org.elasticsearch.search.SearchService;LongMethod
elasticsearch;org.elasticsearch.search.SearchService;LongMethod
elasticsearch;org.elasticsearch.search.SearchService.NormsWarmer;LongMethod
elasticsearch;org.elasticsearch.search.SearchService.FieldDataWarmer;LongMethod
elasticsearch;org.elasticsearch.search.SearchService.SearchWarmer;LongMethod
elasticsearch;org.elasticsearch.search.sort.SortParseElement;LongMethod
elasticsearch;org.elasticsearch.search.sort.SortParseElement;LongMethod
elasticsearch;org.elasticsearch.search.sort.ScriptSortParser;LongMethod
elasticsearch;org.elasticsearch.search.sort.GeoDistanceSortParser;LongMethod
elasticsearch;org.elasticsearch.search.controller.SearchPhaseController;LongMethod
elasticsearch;org.elasticsearch.search.controller.SearchPhaseController;LongMethod
elasticsearch;org.elasticsearch.search.builder.SearchSourceBuilder;LongMethod
elasticsearch;org.elasticsearch.search.facet.histogram.HistogramFacetParser;LongMethod
elasticsearch;org.elasticsearch.search.facet.histogram.InternalFullHistogramFacet;LongMethod
elasticsearch;org.elasticsearch.search.facet.FacetPhase;LongMethod
elasticsearch;org.elasticsearch.search.facet.datehistogram.DateHistogramFacetBuilder;LongMethod
elasticsearch;org.elasticsearch.search.facet.datehistogram.InternalFullDateHistogramFacet;LongMethod
elasticsearch;org.elasticsearch.search.facet.datehistogram.DateHistogramFacetParser;LongMethod
elasticsearch;org.elasticsearch.search.facet.terms.TermsFacetBuilder;LongMethod
elasticsearch;org.elasticsearch.search.facet.terms.strings.ScriptTermsStringFieldFacetExecutor.Collector;LongMethod
elasticsearch;org.elasticsearch.search.facet.terms.strings.TermsStringOrdinalsFacetExecutor;LongMethod
elasticsearch;org.elasticsearch.search.facet.terms.strings.InternalStringTermsFacet;LongMethod
elasticsearch;org.elasticsearch.search.facet.terms.TermsFacetParser;LongMethod
elasticsearch;org.elasticsearch.search.facet.terms.longs.InternalLongTermsFacet;LongMethod
elasticsearch;org.elasticsearch.search.facet.terms.doubles.InternalDoubleTermsFacet;LongMethod
elasticsearch;org.elasticsearch.search.facet.statistical.StatisticalFacetParser;LongMethod
elasticsearch;org.elasticsearch.search.facet.FacetParseElement;LongMethod
elasticsearch;org.elasticsearch.search.facet.range.RangeFacetParser;LongMethod
elasticsearch;org.elasticsearch.search.facet.termsstats.strings.InternalTermsStatsStringFacet;LongMethod
elasticsearch;org.elasticsearch.search.facet.termsstats.longs.InternalTermsStatsLongFacet;LongMethod
elasticsearch;org.elasticsearch.search.facet.termsstats.doubles.InternalTermsStatsDoubleFacet;LongMethod
elasticsearch;org.elasticsearch.search.facet.termsstats.TermsStatsFacetParser;LongMethod
elasticsearch;org.elasticsearch.search.facet.geodistance.GeoDistanceFacetBuilder;LongMethod
elasticsearch;org.elasticsearch.search.facet.geodistance.GeoDistanceFacetParser;LongMethod
elasticsearch;org.elasticsearch.search.internal.InternalSearchHit;LongMethod
elasticsearch;org.elasticsearch.search.internal.InternalSearchHit;LongMethod
elasticsearch;org.elasticsearch.search.internal.InternalSearchHit;LongMethod
elasticsearch;org.elasticsearch.search.fetch.FetchPhase;LongMethod
elasticsearch;org.elasticsearch.search.fetch.partial.PartialFieldsParseElement;LongMethod
elasticsearch;org.elasticsearch.search.rescore.QueryRescorer;LongMethod
elasticsearch;org.elasticsearch.search.rescore.QueryRescorer.TopDocsFilter;LongMethod
elasticsearch;org.elasticsearch.bulk.udp.BulkUdpService;LongMethod
elasticsearch;org.elasticsearch.plugins.PluginManager;LongMethod
elasticsearch;org.elasticsearch.plugins.PluginManager;LongMethod
elasticsearch;org.elasticsearch.plugins.PluginsService;LongMethod
elasticsearch;org.elasticsearch.plugins.PluginsService;LongMethod
elasticsearch;org.elasticsearch.plugins.PluginsService;LongMethod
elasticsearch;org.elasticsearch.monitor.jvm.JvmStats;LongMethod
elasticsearch;org.elasticsearch.monitor.jvm.JvmStats;LongMethod
elasticsearch;org.elasticsearch.monitor.jvm.HotThreads;LongMethod
elasticsearch;org.elasticsearch.monitor.jvm.JvmMonitorService.JvmMonitor;LongMethod
elasticsearch;org.elasticsearch.monitor.dump.DumpMonitorService;LongMethod
elasticsearch;org.elasticsearch.monitor.network.NetworkService;LongMethod
elasticsearch;org.elasticsearch.monitor.network.SigarNetworkProbe;LongMethod
elasticsearch;org.elasticsearch.monitor.MonitorModule;LongMethod
elasticsearch;org.elasticsearch.monitor.fs.FsStats.Info;LongMethod
elasticsearch;org.elasticsearch.monitor.fs.SigarFsProbe;LongMethod
elasticsearch;org.elasticsearch.monitor.os.SigarOsProbe;LongMethod
elasticsearch;org.elasticsearch.monitor.os.OsStats;LongMethod
elasticsearch;org.elasticsearch.cluster.service.InternalClusterService.UpdateTask;LongMethod
elasticsearch;org.elasticsearch.cluster.metadata.MetaDataIndexStateService;LongMethod
elasticsearch;org.elasticsearch.cluster.metadata.MetaDataIndexStateService;LongMethod
elasticsearch;org.elasticsearch.cluster.metadata.MappingMetaData;LongMethod
elasticsearch;org.elasticsearch.cluster.metadata.MappingMetaData;LongMethod
elasticsearch;org.elasticsearch.cluster.metadata.MetaDataIndexAliasesService;LongMethod
elasticsearch;org.elasticsearch.cluster.metadata.IndexTemplateMetaData.Builder;LongMethod
elasticsearch;org.elasticsearch.cluster.metadata.IndexTemplateMetaData.Builder;LongMethod
elasticsearch;org.elasticsearch.cluster.metadata.IndexMetaData.Builder;LongMethod
elasticsearch;org.elasticsearch.cluster.metadata.MetaDataUpdateSettingsService;LongMethod
elasticsearch;org.elasticsearch.cluster.metadata.MetaDataUpdateSettingsService;LongMethod
elasticsearch;org.elasticsearch.cluster.metadata.MetaDataMappingService;LongMethod
elasticsearch;org.elasticsearch.cluster.metadata.MetaDataMappingService;LongMethod
elasticsearch;org.elasticsearch.cluster.metadata.MetaDataMappingService;LongMethod
elasticsearch;org.elasticsearch.cluster.metadata.MetaDataMappingService;LongMethod
elasticsearch;org.elasticsearch.cluster.metadata.MetaDataCreateIndexService;LongMethod
elasticsearch;org.elasticsearch.cluster.metadata.MetaDataIndexTemplateService;LongMethod
elasticsearch;org.elasticsearch.cluster.metadata.MetaDataDeleteIndexService;LongMethod
elasticsearch;org.elasticsearch.cluster.metadata.MetaData;LongMethod
elasticsearch;org.elasticsearch.cluster.metadata.MetaData;LongMethod
elasticsearch;org.elasticsearch.cluster.metadata.MetaData;LongMethod
elasticsearch;org.elasticsearch.cluster.metadata.MetaData;LongMethod
elasticsearch;org.elasticsearch.cluster.metadata.MetaData.Builder;LongMethod
elasticsearch;org.elasticsearch.cluster.ClusterState;LongMethod
elasticsearch;org.elasticsearch.cluster.node.DiscoveryNodes;LongMethod
elasticsearch;org.elasticsearch.cluster.node.DiscoveryNodeFilters;LongMethod
elasticsearch;org.elasticsearch.cluster.settings.ClusterDynamicSettingsModule;LongMethod
elasticsearch;org.elasticsearch.cluster.routing.RoutingNodes;LongMethod
elasticsearch;org.elasticsearch.cluster.routing.RoutingNodes;LongMethod
elasticsearch;org.elasticsearch.cluster.routing.allocation.decider.DiskThresholdDecider;LongMethod
elasticsearch;org.elasticsearch.cluster.routing.allocation.decider.DiskThresholdDecider;LongMethod
elasticsearch;org.elasticsearch.cluster.routing.allocation.decider.AwarenessAllocationDecider;LongMethod
elasticsearch;org.elasticsearch.cluster.routing.allocation.allocator.BalancedShardsAllocator.Balancer;LongMethod
elasticsearch;org.elasticsearch.cluster.routing.allocation.allocator.BalancedShardsAllocator.Balancer;LongMethod
elasticsearch;org.elasticsearch.cluster.routing.allocation.allocator.BalancedShardsAllocator.Balancer;LongMethod
elasticsearch;org.elasticsearch.cluster.routing.allocation.allocator.BalancedShardsAllocator.Balancer;LongMethod
elasticsearch;org.elasticsearch.cluster.routing.allocation.allocator.EvenShardsCountAllocator;LongMethod
elasticsearch;org.elasticsearch.cluster.routing.allocation.allocator.EvenShardsCountAllocator;LongMethod
elasticsearch;org.elasticsearch.cluster.routing.allocation.AllocationService;LongMethod
elasticsearch;org.elasticsearch.cluster.routing.allocation.AllocationService;LongMethod
elasticsearch;org.elasticsearch.cluster.routing.allocation.command.CancelAllocationCommand;LongMethod
elasticsearch;org.elasticsearch.cluster.routing.allocation.command.MoveAllocationCommand.Factory;LongMethod
elasticsearch;org.elasticsearch.cluster.routing.operation.plain.PlainOperationRouting;LongMethod
elasticsearch;org.elasticsearch.cluster.InternalClusterInfoService.ClusterInfoUpdateJob;LongMethod
elasticsearch;org.elasticsearch.cluster.ClusterModule;LongMethod
elasticsearch;org.elasticsearch.cluster.action.shard.ShardStateAction;LongMethod
elasticsearch;org.elasticsearch.cluster.action.shard.ShardStateAction;LongMethod
elasticsearch;org.elasticsearch.Version;LongMethod
elasticsearch;org.elasticsearch.river.RiversService;LongMethod
elasticsearch;org.elasticsearch.river.RiversService.ApplyRivers;LongMethod
elasticsearch;org.elasticsearch.river.routing.RiversRouter;LongMethod
elasticsearch;org.elasticsearch.river.cluster.RiverClusterService;LongMethod
elasticsearch;org.elasticsearch.bootstrap.Bootstrap;LongMethod
elasticsearch;org.elasticsearch.index.shard.service.InternalIndexShard;LongMethod
elasticsearch;org.elasticsearch.index.shard.service.InternalIndexShard;LongMethod
elasticsearch;org.elasticsearch.index.service.InternalIndexService;LongMethod
elasticsearch;org.elasticsearch.index.service.InternalIndexService;LongMethod
elasticsearch;org.elasticsearch.index.translog.TranslogService.TranslogBasedFlush;LongMethod
elasticsearch;org.elasticsearch.index.gateway.CommitPoints;LongMethod
elasticsearch;org.elasticsearch.index.gateway.IndexShardGatewayService;LongMethod
elasticsearch;org.elasticsearch.index.gateway.IndexShardGatewayService;LongMethod
elasticsearch;org.elasticsearch.index.gateway.blobstore.BlobStoreIndexShardGateway;LongMethod
elasticsearch;org.elasticsearch.index.gateway.blobstore.BlobStoreIndexShardGateway;LongMethod
elasticsearch;org.elasticsearch.index.gateway.blobstore.BlobStoreIndexShardGateway;LongMethod
elasticsearch;org.elasticsearch.index.gateway.blobstore.BlobStoreIndexShardGateway;LongMethod
elasticsearch;org.elasticsearch.index.gateway.blobstore.BlobStoreIndexShardGateway;LongMethod
elasticsearch;org.elasticsearch.index.gateway.blobstore.BlobStoreIndexShardGateway;LongMethod
elasticsearch;org.elasticsearch.index.gateway.local.LocalIndexShardGateway;LongMethod
elasticsearch;org.elasticsearch.index.analysis.MappingCharFilterFactory;LongMethod
elasticsearch;org.elasticsearch.index.analysis.WordDelimiterTokenFilterFactory;LongMethod
elasticsearch;org.elasticsearch.index.analysis.AnalysisService;LongMethod
elasticsearch;org.elasticsearch.index.analysis.SynonymTokenFilterFactory;LongMethod
elasticsearch;org.elasticsearch.index.analysis.AnalysisModule;LongMethod
elasticsearch;org.elasticsearch.index.analysis.AnalysisModule.DefaultProcessor;LongMethod
elasticsearch;org.elasticsearch.index.analysis.AnalysisModule.ExtendedProcessor;LongMethod
elasticsearch;org.elasticsearch.index.analysis.AnalysisModule.ExtendedProcessor;LongMethod
elasticsearch;org.elasticsearch.index.analysis.StemmerTokenFilterFactory;LongMethod
elasticsearch;org.elasticsearch.index.get.ShardGetService;LongMethod
elasticsearch;org.elasticsearch.index.get.ShardGetService;LongMethod
elasticsearch;org.elasticsearch.index.settings.IndexDynamicSettingsModule;LongMethod
elasticsearch;org.elasticsearch.index.fielddata.plain.GeoPointCompressedIndexFieldData;LongMethod
elasticsearch;org.elasticsearch.index.fielddata.plain.GeoPointDoubleArrayIndexFieldData;LongMethod
elasticsearch;org.elasticsearch.index.fielddata.plain.DoubleArrayIndexFieldData;LongMethod
elasticsearch;org.elasticsearch.index.fielddata.plain.PackedArrayIndexFieldData;LongMethod
elasticsearch;org.elasticsearch.index.fielddata.plain.FloatArrayIndexFieldData;LongMethod
elasticsearch;org.elasticsearch.index.fielddata.plain.PagedBytesIndexFieldData;LongMethod
elasticsearch;org.elasticsearch.index.fielddata.AbstractAtomicNumericFieldData;LongMethod
elasticsearch;org.elasticsearch.index.cache.id.simple.SimpleIdCache;LongMethod
elasticsearch;org.elasticsearch.index.search.child.TopChildrenQuery;LongMethod
elasticsearch;org.elasticsearch.index.search.child.TopChildrenQuery;LongMethod
elasticsearch;org.elasticsearch.index.search.child.ParentIdsFilter;LongMethod
elasticsearch;org.elasticsearch.index.search.child.ChildrenQuery;LongMethod
elasticsearch;org.elasticsearch.index.search.child.DeleteByQueryWrappingFilter;LongMethod
elasticsearch;org.elasticsearch.index.search.MatchQuery;LongMethod
elasticsearch;org.elasticsearch.index.search.slowlog.ShardSlowLogSearchService.ApplySettings;LongMethod
elasticsearch;org.elasticsearch.index.merge.policy.TieredMergePolicyProvider.ApplySettings;LongMethod
elasticsearch;org.elasticsearch.index.merge.policy.LogByteSizeMergePolicyProvider.ApplySettings;LongMethod
elasticsearch;org.elasticsearch.index.query.RangeQueryParser;LongMethod
elasticsearch;org.elasticsearch.index.query.RegexpFilterParser;LongMethod
elasticsearch;org.elasticsearch.index.query.BoolQueryParser;LongMethod
elasticsearch;org.elasticsearch.index.query.IndexQueryParserModule;LongMethod
elasticsearch;org.elasticsearch.index.query.SimpleQueryStringParser;LongMethod
elasticsearch;org.elasticsearch.index.query.SpanNotQueryParser;LongMethod
elasticsearch;org.elasticsearch.index.query.TermQueryParser;LongMethod
elasticsearch;org.elasticsearch.index.query.QueryStringQueryBuilder;LongMethod
elasticsearch;org.elasticsearch.index.query.FilteredQueryParser;LongMethod
elasticsearch;org.elasticsearch.index.query.FuzzyLikeThisFieldQueryParser;LongMethod
elasticsearch;org.elasticsearch.index.query.SpanNearQueryParser;LongMethod
elasticsearch;org.elasticsearch.index.query.SpanTermQueryParser;LongMethod
elasticsearch;org.elasticsearch.index.query.NestedQueryParser;LongMethod
elasticsearch;org.elasticsearch.index.query.HasChildFilterParser;LongMethod
elasticsearch;org.elasticsearch.index.query.SpanOrQueryParser;LongMethod
elasticsearch;org.elasticsearch.index.query.IndicesFilterParser;LongMethod
elasticsearch;org.elasticsearch.index.query.AndFilterParser;LongMethod
elasticsearch;org.elasticsearch.index.query.FieldQueryParser;LongMethod
elasticsearch;org.elasticsearch.index.query.TopChildrenQueryParser;LongMethod
elasticsearch;org.elasticsearch.index.query.CustomFiltersScoreQueryParser;LongMethod
elasticsearch;org.elasticsearch.index.query.BoostingQueryParser;LongMethod
elasticsearch;org.elasticsearch.index.query.PrefixQueryParser;LongMethod
elasticsearch;org.elasticsearch.index.query.DisMaxQueryParser;LongMethod
elasticsearch;org.elasticsearch.index.query.OrFilterParser;LongMethod
elasticsearch;org.elasticsearch.index.query.FieldQueryBuilder;LongMethod
elasticsearch;org.elasticsearch.index.query.GeoBoundingBoxFilterParser;LongMethod
elasticsearch;org.elasticsearch.index.query.ConstantScoreQueryParser;LongMethod
elasticsearch;org.elasticsearch.index.query.BoolFilterParser;LongMethod
elasticsearch;org.elasticsearch.index.query.FieldMaskingSpanQueryParser;LongMethod
elasticsearch;org.elasticsearch.index.query.GeoPolygonFilterParser;LongMethod
elasticsearch;org.elasticsearch.index.query.MatchQueryBuilder;LongMethod
elasticsearch;org.elasticsearch.index.query.HasParentQueryParser;LongMethod
elasticsearch;org.elasticsearch.index.query.MoreLikeThisFieldQueryParser;LongMethod
elasticsearch;org.elasticsearch.index.query.CustomScoreQueryParser;LongMethod
elasticsearch;org.elasticsearch.index.query.IdsFilterParser;LongMethod
elasticsearch;org.elasticsearch.index.query.IdsQueryParser;LongMethod
elasticsearch;org.elasticsearch.index.query.TermsQueryParser;LongMethod
elasticsearch;org.elasticsearch.index.query.MoreLikeThisQueryBuilder;LongMethod
elasticsearch;org.elasticsearch.index.query.HasChildQueryParser;LongMethod
elasticsearch;org.elasticsearch.index.query.MatchQueryParser;LongMethod
elasticsearch;org.elasticsearch.index.query.MultiMatchQueryBuilder;LongMethod
elasticsearch;org.elasticsearch.index.query.CommonTermsQueryParser;LongMethod
elasticsearch;org.elasticsearch.index.query.IndexQueryParserService;LongMethod
elasticsearch;org.elasticsearch.index.query.ScriptFilterParser;LongMethod
elasticsearch;org.elasticsearch.index.query.functionscore.FunctionScoreQueryParser;LongMethod
elasticsearch;org.elasticsearch.index.query.QueryStringQueryParser;LongMethod
elasticsearch;org.elasticsearch.index.query.RegexpQueryParser;LongMethod
elasticsearch;org.elasticsearch.index.query.GeoDistanceRangeFilterParser;LongMethod
elasticsearch;org.elasticsearch.index.query.RangeFilterParser;LongMethod
elasticsearch;org.elasticsearch.index.query.WildcardQueryParser;LongMethod
elasticsearch;org.elasticsearch.index.query.ExistsFilterParser;LongMethod
elasticsearch;org.elasticsearch.index.query.MissingFilterParser;LongMethod
elasticsearch;org.elasticsearch.index.query.MultiMatchQueryParser;LongMethod
elasticsearch;org.elasticsearch.index.query.GeohashFilter.Parser;LongMethod
elasticsearch;org.elasticsearch.index.query.FuzzyLikeThisQueryParser;LongMethod
elasticsearch;org.elasticsearch.index.query.TermFilterParser;LongMethod
elasticsearch;org.elasticsearch.index.query.IndicesQueryParser;LongMethod
elasticsearch;org.elasticsearch.index.query.MoreLikeThisQueryParser;LongMethod
elasticsearch;org.elasticsearch.index.query.PrefixFilterParser;LongMethod
elasticsearch;org.elasticsearch.index.query.GeoShapeFilterParser;LongMethod
elasticsearch;org.elasticsearch.index.query.GeoDistanceFilterParser;LongMethod
elasticsearch;org.elasticsearch.index.query.NestedFilterParser;LongMethod
elasticsearch;org.elasticsearch.index.query.MoreLikeThisFieldQueryBuilder;LongMethod
elasticsearch;org.elasticsearch.index.query.FuzzyQueryParser;LongMethod
elasticsearch;org.elasticsearch.index.query.NotFilterParser;LongMethod
elasticsearch;org.elasticsearch.index.query.HasParentFilterParser;LongMethod
elasticsearch;org.elasticsearch.index.query.GeoShapeQueryParser;LongMethod
elasticsearch;org.elasticsearch.index.query.FQueryFilterParser;LongMethod
elasticsearch;org.elasticsearch.index.query.SpanFirstQueryParser;LongMethod
elasticsearch;org.elasticsearch.index.query.TermsFilterParser;LongMethod
elasticsearch;org.elasticsearch.index.query.NumericRangeFilterParser;LongMethod
elasticsearch;org.elasticsearch.index.engine.robin.RobinEngine;LongMethod
elasticsearch;org.elasticsearch.index.engine.robin.RobinEngine;LongMethod
elasticsearch;org.elasticsearch.index.engine.robin.RobinEngine;LongMethod
elasticsearch;org.elasticsearch.index.engine.robin.RobinEngine;LongMethod
elasticsearch;org.elasticsearch.index.engine.robin.RobinEngine;LongMethod
elasticsearch;org.elasticsearch.index.engine.robin.RobinEngine;LongMethod
elasticsearch;org.elasticsearch.index.engine.robin.RobinEngine;LongMethod
elasticsearch;org.elasticsearch.index.engine.robin.RobinEngine;LongMethod
elasticsearch;org.elasticsearch.index.engine.robin.RobinEngine;LongMethod
elasticsearch;org.elasticsearch.index.engine.robin.RobinEngine.ApplySettings;LongMethod
elasticsearch;org.elasticsearch.index.engine.robin.RobinEngine.RobinSearchFactory;LongMethod
elasticsearch;org.elasticsearch.index.mapper.MapperService;LongMethod
elasticsearch;org.elasticsearch.index.mapper.MapperService;LongMethod
elasticsearch;org.elasticsearch.index.mapper.core.TypeParsers;LongMethod
elasticsearch;org.elasticsearch.index.mapper.core.AbstractFieldMapper;LongMethod
elasticsearch;org.elasticsearch.index.mapper.core.AbstractFieldMapper;LongMethod
elasticsearch;org.elasticsearch.index.mapper.core.FloatFieldMapper;LongMethod
elasticsearch;org.elasticsearch.index.mapper.core.DateFieldMapper;LongMethod
elasticsearch;org.elasticsearch.index.mapper.core.CompletionFieldMapper;LongMethod
elasticsearch;org.elasticsearch.index.mapper.core.CompletionFieldMapper.TypeParser;LongMethod
elasticsearch;org.elasticsearch.index.mapper.core.ShortFieldMapper;LongMethod
elasticsearch;org.elasticsearch.index.mapper.core.IntegerFieldMapper;LongMethod
elasticsearch;org.elasticsearch.index.mapper.core.LongFieldMapper;LongMethod
elasticsearch;org.elasticsearch.index.mapper.core.DoubleFieldMapper;LongMethod
elasticsearch;org.elasticsearch.index.mapper.core.ByteFieldMapper;LongMethod
elasticsearch;org.elasticsearch.index.mapper.multifield.MultiFieldMapper;LongMethod
elasticsearch;org.elasticsearch.index.mapper.geo.GeoPointFieldMapper;LongMethod
elasticsearch;org.elasticsearch.index.mapper.geo.GeoPointFieldMapper;LongMethod
elasticsearch;org.elasticsearch.index.mapper.geo.GeoPointFieldMapper.TypeParser;LongMethod
elasticsearch;org.elasticsearch.index.mapper.DocumentMapperParser;LongMethod
elasticsearch;org.elasticsearch.index.mapper.internal.SourceFieldMapper;LongMethod
elasticsearch;org.elasticsearch.index.mapper.internal.SourceFieldMapper.TypeParser;LongMethod
elasticsearch;org.elasticsearch.index.mapper.internal.AllFieldMapper;LongMethod
elasticsearch;org.elasticsearch.index.mapper.DocumentMapper;LongMethod
elasticsearch;org.elasticsearch.index.mapper.DocumentMapper;LongMethod
elasticsearch;org.elasticsearch.index.mapper.DocumentMapper.Builder;LongMethod
elasticsearch;org.elasticsearch.index.mapper.object.ObjectMapper;LongMethod
elasticsearch;org.elasticsearch.index.mapper.object.ObjectMapper;LongMethod
elasticsearch;org.elasticsearch.index.mapper.object.ObjectMapper;LongMethod
elasticsearch;org.elasticsearch.index.mapper.object.ObjectMapper;LongMethod
elasticsearch;org.elasticsearch.index.mapper.object.ObjectMapper;LongMethod
elasticsearch;org.elasticsearch.index.mapper.object.ObjectMapper.TypeParser;LongMethod
elasticsearch;org.elasticsearch.index.percolator.PercolatorExecutor;LongMethod
elasticsearch;org.elasticsearch.http.HttpServer;LongMethod
elasticsearch;org.elasticsearch.http.netty.NettyHttpChannel;LongMethod
elasticsearch;org.elasticsearch.http.netty.NettyHttpChannel;LongMethod
elasticsearch;org.elasticsearch.http.netty.NettyHttpServerTransport;LongMethod
elasticsearch;org.elasticsearch.http.netty.NettyHttpServerTransport;LongMethod
elasticsearch;org.elasticsearch.discovery.zen.publish.PublishClusterStateAction;LongMethod
elasticsearch;org.elasticsearch.discovery.zen.ping.unicast.UnicastZenPing;LongMethod
elasticsearch;org.elasticsearch.discovery.zen.ping.unicast.UnicastZenPing;LongMethod
elasticsearch;org.elasticsearch.discovery.zen.ping.multicast.MulticastZenPing;LongMethod
elasticsearch;org.elasticsearch.discovery.zen.ping.multicast.MulticastZenPing.Receiver;LongMethod
elasticsearch;org.elasticsearch.discovery.zen.ping.multicast.MulticastZenPing.Receiver;LongMethod
elasticsearch;org.elasticsearch.discovery.zen.ping.multicast.MulticastZenPing.Receiver;LongMethod
elasticsearch;org.elasticsearch.discovery.zen.fd.MasterFaultDetection.MasterPinger;LongMethod
elasticsearch;org.elasticsearch.discovery.zen.fd.NodesFaultDetection.SendPingRequest;LongMethod
elasticsearch;org.elasticsearch.discovery.zen.ZenDiscovery;LongMethod
elasticsearch;org.elasticsearch.discovery.zen.ZenDiscovery;LongMethod
elasticsearch;org.elasticsearch.discovery.zen.ZenDiscovery;LongMethod
elasticsearch;org.elasticsearch.discovery.zen.ZenDiscovery;LongMethod
elasticsearch;org.elasticsearch.discovery.local.LocalDiscovery;LongMethod
elasticsearch;org.elasticsearch.discovery.local.LocalDiscovery;LongMethod
elasticsearch;org.elasticsearch.discovery.local.LocalDiscovery;LongMethod
elasticsearch;org.elasticsearch.transport.netty.NettyTransport;LongMethod
elasticsearch;org.elasticsearch.transport.netty.NettyTransport;LongMethod
elasticsearch;org.elasticsearch.transport.netty.NettyTransport;LongMethod
elasticsearch;org.elasticsearch.transport.netty.NettyTransport;LongMethod
elasticsearch;org.elasticsearch.transport.netty.NettyTransport;LongMethod
elasticsearch;org.elasticsearch.transport.netty.NettyTransport;LongMethod
elasticsearch;org.elasticsearch.transport.netty.MessageChannelHandler;LongMethod
elasticsearch;org.elasticsearch.transport.local.LocalTransport;LongMethod
elasticsearch;org.elasticsearch.watcher.FileWatcher.FileObserver;LongMethod
elasticsearch;org.elasticsearch.client.transport.TransportClientNodesService.SimpleNodeSampler;LongMethod
elasticsearch;org.elasticsearch.client.transport.TransportClientNodesService.SniffNodesSampler;LongMethod
elasticsearch;org.elasticsearch.action.ActionModule;LongMethod
elasticsearch;org.elasticsearch.action.get.MultiGetRequest;LongMethod
elasticsearch;org.elasticsearch.action.get.TransportMultiGetAction;LongMethod
elasticsearch;org.elasticsearch.action.support.broadcast.TransportBroadcastOperationAction.AsyncBroadcastAction;LongMethod
elasticsearch;org.elasticsearch.action.support.broadcast.TransportBroadcastOperationAction.AsyncBroadcastAction;LongMethod
elasticsearch;org.elasticsearch.action.support.nodes.TransportNodesOperationAction.AsyncAction;LongMethod
elasticsearch;org.elasticsearch.action.support.replication.TransportIndexReplicationOperationAction;LongMethod
elasticsearch;org.elasticsearch.action.support.replication.TransportIndicesReplicationOperationAction;LongMethod
elasticsearch;org.elasticsearch.action.support.replication.TransportShardReplicationOperationAction.AsyncShardOperationAction;LongMethod
elasticsearch;org.elasticsearch.action.support.replication.TransportShardReplicationOperationAction.AsyncShardOperationAction;LongMethod
elasticsearch;org.elasticsearch.action.support.replication.TransportShardReplicationOperationAction.AsyncShardOperationAction;LongMethod
elasticsearch;org.elasticsearch.action.support.replication.TransportShardReplicationOperationAction.AsyncShardOperationAction;LongMethod
elasticsearch;org.elasticsearch.action.support.master.TransportMasterNodeOperationAction;LongMethod
elasticsearch;org.elasticsearch.action.support.single.shard.TransportShardSingleOperationAction.AsyncSingleAction;LongMethod
elasticsearch;org.elasticsearch.action.support.single.custom.TransportSingleCustomOperationAction.AsyncSingleAction;LongMethod
elasticsearch;org.elasticsearch.action.support.single.custom.TransportSingleCustomOperationAction.AsyncSingleAction;LongMethod
elasticsearch;org.elasticsearch.action.support.single.instance.TransportInstanceSingleOperationAction.AsyncSingleAction;LongMethod
elasticsearch;org.elasticsearch.action.search.type.TransportSearchDfsQueryAndFetchAction.AsyncAction;LongMethod
elasticsearch;org.elasticsearch.action.search.type.TransportSearchTypeAction.BaseAsyncAction;LongMethod
elasticsearch;org.elasticsearch.action.search.type.TransportSearchTypeAction.BaseAsyncAction;LongMethod
elasticsearch;org.elasticsearch.action.search.type.TransportSearchScrollQueryThenFetchAction.AsyncAction;LongMethod
elasticsearch;org.elasticsearch.action.search.type.TransportSearchScrollScanAction.AsyncAction;LongMethod
elasticsearch;org.elasticsearch.action.search.type.TransportSearchQueryThenFetchAction.AsyncAction;LongMethod
elasticsearch;org.elasticsearch.action.search.type.TransportSearchDfsQueryThenFetchAction.AsyncAction;LongMethod
elasticsearch;org.elasticsearch.action.search.type.TransportSearchDfsQueryThenFetchAction.AsyncAction;LongMethod
elasticsearch;org.elasticsearch.action.search.type.TransportSearchScrollQueryAndFetchAction.AsyncAction;LongMethod
elasticsearch;org.elasticsearch.action.search.MultiSearchRequest;LongMethod
elasticsearch;org.elasticsearch.action.bulk.BulkProcessor;LongMethod
elasticsearch;org.elasticsearch.action.bulk.TransportShardBulkAction;LongMethod
elasticsearch;org.elasticsearch.action.bulk.TransportShardBulkAction;LongMethod
elasticsearch;org.elasticsearch.action.bulk.BulkRequest;LongMethod
elasticsearch;org.elasticsearch.action.bulk.TransportBulkAction;LongMethod
elasticsearch;org.elasticsearch.action.bulk.TransportBulkAction;LongMethod
elasticsearch;org.elasticsearch.action.mlt.MoreLikeThisRequest;LongMethod
elasticsearch;org.elasticsearch.action.mlt.MoreLikeThisRequest;LongMethod
elasticsearch;org.elasticsearch.action.mlt.TransportMoreLikeThisAction;LongMethod
elasticsearch;org.elasticsearch.action.update.TransportUpdateAction;LongMethod
elasticsearch;org.elasticsearch.action.update.UpdateRequest;LongMethod
elasticsearch;org.elasticsearch.action.update.UpdateHelper;LongMethod
elasticsearch;org.elasticsearch.action.admin.indices.segments.IndicesSegmentResponse;LongMethod
elasticsearch;org.elasticsearch.action.admin.indices.cache.clear.TransportClearIndicesCacheAction;LongMethod
elasticsearch;org.elasticsearch.action.admin.indices.analyze.TransportAnalyzeAction;LongMethod
elasticsearch;org.elasticsearch.action.admin.indices.mapping.get.TransportGetFieldMappingsIndexAction;LongMethod
elasticsearch;org.elasticsearch.action.admin.indices.mapping.put.PutMappingRequest;LongMethod
elasticsearch;org.elasticsearch.action.admin.indices.mapping.delete.TransportDeleteMappingAction;LongMethod
elasticsearch;org.elasticsearch.action.admin.indices.delete.TransportDeleteIndexAction;LongMethod
elasticsearch;org.elasticsearch.action.admin.indices.status.IndicesStatusResponse;LongMethod
elasticsearch;org.elasticsearch.action.admin.indices.status.TransportIndicesStatusAction;LongMethod
elasticsearch;org.elasticsearch.action.admin.indices.status.ShardStatus;LongMethod
elasticsearch;org.elasticsearch.action.admin.indices.stats.CommonStats;LongMethod
elasticsearch;org.elasticsearch.action.admin.indices.stats.CommonStats;LongMethod
elasticsearch;org.elasticsearch.action.admin.indices.stats.CommonStats;LongMethod
elasticsearch;org.elasticsearch.action.admin.indices.stats.CommonStats;LongMethod
elasticsearch;org.elasticsearch.action.admin.indices.stats.CommonStats;LongMethod
elasticsearch;org.elasticsearch.action.admin.indices.stats.CommonStats;LongMethod
elasticsearch;org.elasticsearch.action.admin.indices.stats.IndicesStatsResponse;LongMethod
elasticsearch;org.elasticsearch.action.admin.indices.stats.TransportIndicesStatsAction;LongMethod
elasticsearch;org.elasticsearch.action.admin.indices.warmer.put.TransportPutWarmerAction;LongMethod
elasticsearch;org.elasticsearch.action.admin.indices.warmer.delete.TransportDeleteWarmerAction;LongMethod
elasticsearch;org.elasticsearch.action.admin.cluster.node.info.NodesInfoResponse;LongMethod
elasticsearch;org.elasticsearch.action.admin.cluster.node.info.NodeInfo;LongMethod
elasticsearch;org.elasticsearch.action.admin.cluster.node.stats.NodeStats;LongMethod
elasticsearch;org.elasticsearch.action.admin.cluster.node.stats.NodeStats;LongMethod
elasticsearch;org.elasticsearch.action.admin.cluster.node.shutdown.TransportNodesShutdownAction;LongMethod
elasticsearch;org.elasticsearch.action.admin.cluster.node.shutdown.TransportNodesShutdownAction.NodeShutdownRequestHandler;LongMethod
elasticsearch;org.elasticsearch.action.admin.cluster.health.TransportClusterHealthAction;LongMethod
elasticsearch;org.elasticsearch.action.admin.cluster.health.ClusterIndexHealth;LongMethod
elasticsearch;org.elasticsearch.action.admin.cluster.health.ClusterHealthResponse;LongMethod
elasticsearch;org.elasticsearch.action.admin.cluster.settings.TransportClusterUpdateSettingsAction;LongMethod
elasticsearch;org.elasticsearch.action.admin.cluster.reroute.TransportClusterRerouteAction;LongMethod
elasticsearch;org.elasticsearch.action.admin.cluster.state.TransportClusterStateAction;LongMethod
elasticsearch;org.elasticsearch.action.index.TransportIndexAction;LongMethod
elasticsearch;org.elasticsearch.action.index.IndexRequest;LongMethod
elasticsearch;org.apache.lucene.search.suggest.analyzing.XAnalyzingSuggester;LongMethod
elasticsearch;org.apache.lucene.search.suggest.analyzing.XAnalyzingSuggester;LongMethod
elasticsearch;org.apache.lucene.search.suggest.analyzing.XAnalyzingSuggester.AnalyzingComparator;LongMethod
elasticsearch;org.apache.lucene.search.postingshighlight.XPostingsHighlighter;LongMethod
elasticsearch;org.apache.lucene.search.postingshighlight.XPostingsHighlighter;LongMethod
elasticsearch;org.apache.lucene.queries.XTermsFilter;LongMethod
elasticsearch;org.apache.lucene.queries.ExtendedCommonTermsQuery;LongMethod
elasticsearch;org.apache.lucene.queryparser.classic.MapperQueryParser;LongMethod
elasticsearch;org.apache.lucene.queryparser.classic.MapperQueryParser;LongMethod
elasticsearch;org.apache.lucene.queryparser.classic.MapperQueryParser;LongMethod
elasticsearch;org.apache.lucene.queryparser.classic.MapperQueryParser;LongMethod
elasticsearch;org.apache.lucene.queryparser.classic.MapperQueryParser;LongMethod
elasticsearch;org.apache.lucene.queryparser.classic.QueryParserSettings;LongMethod
elasticsearch;org.apache.lucene.index.TrackingSerialMergeScheduler;LongMethod
elasticsearch;jsr166y.ConcurrentLinkedDeque;LongMethod
elasticsearch;jsr166y.LinkedTransferQueue;LongMethod
elasticsearch;jsr166y.LinkedTransferQueue.Itr;LongMethod
elasticsearch;jsr166y.Phaser;LongMethod
elasticsearch;jsr166y.Phaser;LongMethod
elasticsearch;jsr166y.ForkJoinPool;LongMethod
elasticsearch;jsr166y.ForkJoinPool;LongMethod
elasticsearch;jsr166y.ForkJoinPool;LongMethod
elasticsearch;jsr166y.ForkJoinPool;LongMethod
elasticsearch;jsr166y.ForkJoinPool;LongMethod
elasticsearch;jsr166y.ForkJoinPool;LongMethod
elasticsearch;jsr166y.ForkJoinPool.WorkQueue;LongMethod
elasticsearch;jsr166y.ForkJoinTask;LongMethod
elasticsearch;jsr166y.ForkJoinTask;LongMethod
elasticsearch;jsr166e.Striped64;LongMethod
elasticsearch;jsr166e.CompletableFuture;LongMethod
elasticsearch;jsr166e.CompletableFuture;LongMethod
elasticsearch;jsr166e.CompletableFuture;LongMethod
elasticsearch;jsr166e.CompletableFuture;LongMethod
elasticsearch;jsr166e.CompletableFuture;LongMethod
elasticsearch;jsr166e.CompletableFuture;LongMethod
elasticsearch;jsr166e.CompletableFuture;LongMethod
elasticsearch;jsr166e.CompletableFuture;LongMethod
elasticsearch;jsr166e.CompletableFuture;LongMethod
elasticsearch;jsr166e.CompletableFuture;LongMethod
elasticsearch;jsr166e.CompletableFuture;LongMethod
elasticsearch;jsr166e.CompletableFuture;LongMethod
elasticsearch;jsr166e.CompletableFuture;LongMethod
elasticsearch;jsr166e.CompletableFuture.ThenCombine;LongMethod
elasticsearch;jsr166e.CompletableFuture.ThenAcceptBoth;LongMethod
elasticsearch;jsr166e.CompletableFuture.ThenCompose;LongMethod
elasticsearch;jsr166e.ForkJoinPool;LongMethod
elasticsearch;jsr166e.ForkJoinPool;LongMethod
elasticsearch;jsr166e.ForkJoinPool;LongMethod
elasticsearch;jsr166e.ForkJoinPool;LongMethod
elasticsearch;jsr166e.ForkJoinPool;LongMethod
elasticsearch;jsr166e.ForkJoinPool;LongMethod
elasticsearch;jsr166e.ForkJoinPool;LongMethod
elasticsearch;jsr166e.ForkJoinPool.WorkQueue;LongMethod
elasticsearch;jsr166e.ConcurrentHashMapV8;LongMethod
elasticsearch;jsr166e.ConcurrentHashMapV8;LongMethod
elasticsearch;jsr166e.ConcurrentHashMapV8;LongMethod
elasticsearch;jsr166e.ConcurrentHashMapV8;LongMethod
elasticsearch;jsr166e.ConcurrentHashMapV8;LongMethod
elasticsearch;jsr166e.ConcurrentHashMapV8;LongMethod
elasticsearch;jsr166e.ConcurrentHashMapV8;LongMethod
elasticsearch;jsr166e.ConcurrentHashMapV8;LongMethod
elasticsearch;jsr166e.ConcurrentHashMapV8;LongMethod
elasticsearch;jsr166e.ConcurrentHashMapV8.TreeBin;LongMethod
elasticsearch;jsr166e.ConcurrentHashMapV8.TreeBin;LongMethod
elasticsearch;jsr166e.ConcurrentHashMapV8.TreeBin;LongMethod
elasticsearch;jsr166e.ConcurrentHashMapV8.TreeBin;LongMethod
elasticsearch;jsr166e.ConcurrentHashMapV8.TreeBin;LongMethod
elasticsearch;jsr166e.ForkJoinTask;LongMethod
elasticsearch;jsr166e.ForkJoinTask;LongMethod
elasticsearch;jsr166e.StampedLock;LongMethod
elasticsearch;jsr166e.StampedLock;LongMethod
elasticsearch;jsr166e.StampedLock;LongMethod
