ant;org.apache.tools.tar.TarRoundTripTest;FeatureEnvy
ant;org.apache.tools.zip.ZipEntryTest;FeatureEnvy
ant;org.apache.tools.zip.ZipEntryTest;FeatureEnvy
ant;org.apache.tools.zip.AsiExtraFieldTest;FeatureEnvy
ant;org.apache.tools.zip.AsiExtraFieldTest;FeatureEnvy
ant;org.apache.tools.zip.AsiExtraFieldTest;FeatureEnvy
ant;org.apache.tools.zip.ZipLongTest;FeatureEnvy
ant;org.apache.tools.zip.ExtraFieldUtilsTest;FeatureEnvy
ant;org.apache.tools.zip.ZipShortTest;FeatureEnvy
ant;org.apache.tools.mail.MailMessageTest;FeatureEnvy
ant;org.apache.tools.mail.MailMessageTest;FeatureEnvy
ant;org.apache.tools.mail.MailMessageTest;FeatureEnvy
ant;org.apache.tools.mail.MailMessageTest;FeatureEnvy
ant;org.apache.tools.mail.MailMessageTest;FeatureEnvy
ant;org.apache.tools.mail.MailMessageTest;FeatureEnvy
ant;org.apache.tools.mail.MailMessageTest;FeatureEnvy
ant;org.apache.tools.mail.MailMessageTest.ClientThread;FeatureEnvy
ant;org.apache.tools.ant.ProjectTest;FeatureEnvy
ant;org.apache.tools.ant.TaskContainerTest;FeatureEnvy
ant;org.apache.tools.ant.BuildFileTest.AntTestListener;FeatureEnvy
ant;org.apache.tools.ant.util.XMLFragmentTest;FeatureEnvy
ant;org.apache.tools.ant.util.XMLFragmentTest;FeatureEnvy
ant;org.apache.tools.ant.util.JavaEnvUtilsTest;FeatureEnvy
ant;org.apache.tools.ant.util.JavaEnvUtilsTest;FeatureEnvy
ant;org.apache.tools.ant.util.JavaEnvUtilsTest;FeatureEnvy
ant;org.apache.tools.ant.util.DateUtilsTest;FeatureEnvy
ant;org.apache.tools.ant.util.facade.FacadeTaskHelperTest;FeatureEnvy
ant;org.apache.tools.ant.util.facade.FacadeTaskHelperTest;FeatureEnvy
ant;org.apache.tools.ant.util.facade.ImplementationSpecificArgumentTest;FeatureEnvy
ant;org.apache.tools.ant.util.CollectionUtilsTest;FeatureEnvy
ant;org.apache.tools.ant.util.CollectionUtilsTest;FeatureEnvy
ant;org.apache.tools.ant.util.StringUtilsTest;FeatureEnvy
ant;org.apache.tools.ant.util.regexp.RegexpMatcherTest;FeatureEnvy
ant;org.apache.tools.ant.util.regexp.RegexpMatcherTest;FeatureEnvy
ant;org.apache.tools.ant.util.regexp.RegexpMatcherTest;FeatureEnvy
ant;org.apache.tools.ant.util.regexp.RegexpMatcherTest;FeatureEnvy
ant;org.apache.tools.ant.util.regexp.RegexpMatcherTest;FeatureEnvy
ant;org.apache.tools.ant.util.regexp.RegexpMatcherTest;FeatureEnvy
ant;org.apache.tools.ant.util.DOMElementWriterTest;FeatureEnvy
ant;org.apache.tools.ant.util.DOMElementWriterTest;FeatureEnvy
ant;org.apache.tools.ant.util.DOMElementWriterTest;FeatureEnvy
ant;org.apache.tools.ant.util.DOMElementWriterTest;FeatureEnvy
ant;org.apache.tools.ant.util.DOMElementWriterTest;FeatureEnvy
ant;org.apache.tools.ant.util.FileUtilsTest;FeatureEnvy
ant;org.apache.tools.ant.util.FileUtilsTest;FeatureEnvy
ant;org.apache.tools.ant.util.FileUtilsTest;FeatureEnvy
ant;org.apache.tools.ant.util.FileUtilsTest;FeatureEnvy
ant;org.apache.tools.ant.util.FileUtilsTest;FeatureEnvy
ant;org.apache.tools.ant.util.FileUtilsTest;FeatureEnvy
ant;org.apache.tools.ant.util.GlobPatternMapperTest;FeatureEnvy
ant;org.apache.tools.ant.util.GlobPatternMapperTest;FeatureEnvy
ant;org.apache.tools.ant.util.GlobPatternMapperTest;FeatureEnvy
ant;org.apache.tools.ant.util.GlobPatternMapperTest;FeatureEnvy
ant;org.apache.tools.ant.types.PermissionsTest;FeatureEnvy
ant;org.apache.tools.ant.types.TarFileSetTest;FeatureEnvy
ant;org.apache.tools.ant.types.FileListTest;FeatureEnvy
ant;org.apache.tools.ant.types.FileListTest;FeatureEnvy
ant;org.apache.tools.ant.types.FilterSetTest;FeatureEnvy
ant;org.apache.tools.ant.types.FilterSetTest;FeatureEnvy
ant;org.apache.tools.ant.types.FilterSetTest;FeatureEnvy
ant;org.apache.tools.ant.types.FilterSetTest;FeatureEnvy
ant;org.apache.tools.ant.types.FilterSetTest;FeatureEnvy
ant;org.apache.tools.ant.types.AbstractFileSetTest;FeatureEnvy
ant;org.apache.tools.ant.types.AbstractFileSetTest;FeatureEnvy
ant;org.apache.tools.ant.types.PatternSetTest;FeatureEnvy
ant;org.apache.tools.ant.types.PatternSetTest;FeatureEnvy
ant;org.apache.tools.ant.types.PatternSetTest;FeatureEnvy
ant;org.apache.tools.ant.types.selectors.DateSelectorTest;FeatureEnvy
ant;org.apache.tools.ant.types.selectors.DateSelectorTest;FeatureEnvy
ant;org.apache.tools.ant.types.selectors.SizeSelectorTest;FeatureEnvy
ant;org.apache.tools.ant.types.selectors.SizeSelectorTest;FeatureEnvy
ant;org.apache.tools.ant.types.selectors.ContainsSelectorTest;FeatureEnvy
ant;org.apache.tools.ant.types.selectors.ModifiedSelectorTest;FeatureEnvy
ant;org.apache.tools.ant.types.selectors.ModifiedSelectorTest;FeatureEnvy
ant;org.apache.tools.ant.types.selectors.ModifiedSelectorTest;FeatureEnvy
ant;org.apache.tools.ant.types.selectors.ModifiedSelectorTest;FeatureEnvy
ant;org.apache.tools.ant.types.selectors.ModifiedSelectorTest;FeatureEnvy
ant;org.apache.tools.ant.types.selectors.ModifiedSelectorTest;FeatureEnvy
ant;org.apache.tools.ant.types.selectors.ModifiedSelectorTest;FeatureEnvy
ant;org.apache.tools.ant.types.selectors.ModifiedSelectorTest;FeatureEnvy
ant;org.apache.tools.ant.types.selectors.ModifiedSelectorTest;FeatureEnvy
ant;org.apache.tools.ant.types.selectors.ModifiedSelectorTest;FeatureEnvy
ant;org.apache.tools.ant.types.selectors.ModifiedSelectorTest;FeatureEnvy
ant;org.apache.tools.ant.types.selectors.DependSelectorTest;FeatureEnvy
ant;org.apache.tools.ant.types.selectors.PresentSelectorTest;FeatureEnvy
ant;org.apache.tools.ant.types.selectors.DepthSelectorTest;FeatureEnvy
ant;org.apache.tools.ant.types.selectors.DepthSelectorTest;FeatureEnvy
ant;org.apache.tools.ant.types.selectors.TypeSelectorTest;FeatureEnvy
ant;org.apache.tools.ant.types.selectors.FilenameSelectorTest;FeatureEnvy
ant;org.apache.tools.ant.types.XMLCatalogTest;FeatureEnvy
ant;org.apache.tools.ant.types.XMLCatalogTest;FeatureEnvy
ant;org.apache.tools.ant.types.XMLCatalogTest;FeatureEnvy
ant;org.apache.tools.ant.types.XMLCatalogTest;FeatureEnvy
ant;org.apache.tools.ant.types.XMLCatalogTest;FeatureEnvy
ant;org.apache.tools.ant.types.CommandlineTest;FeatureEnvy
ant;org.apache.tools.ant.types.CommandlineTest;FeatureEnvy
ant;org.apache.tools.ant.types.PathTest;FeatureEnvy
ant;org.apache.tools.ant.types.PathTest;FeatureEnvy
ant;org.apache.tools.ant.types.PathTest;FeatureEnvy
ant;org.apache.tools.ant.types.PathTest;FeatureEnvy
ant;org.apache.tools.ant.types.PathTest;FeatureEnvy
ant;org.apache.tools.ant.types.PathTest;FeatureEnvy
ant;org.apache.tools.ant.types.PathTest;FeatureEnvy
ant;org.apache.tools.ant.types.MapperTest;FeatureEnvy
ant;org.apache.tools.ant.types.MapperTest;FeatureEnvy
ant;org.apache.tools.ant.types.MapperTest;FeatureEnvy
ant;org.apache.tools.ant.types.MapperTest;FeatureEnvy
ant;org.apache.tools.ant.types.DirSetTest;FeatureEnvy
ant;org.apache.tools.ant.types.EnumeratedAttributeTest;FeatureEnvy
ant;org.apache.tools.ant.types.ZipFileSetTest;FeatureEnvy
ant;org.apache.tools.ant.types.ResourceOutputTest;FeatureEnvy
ant;org.apache.tools.ant.types.CommandlineJavaTest;FeatureEnvy
ant;org.apache.tools.ant.types.CommandlineJavaTest;FeatureEnvy
ant;org.apache.tools.ant.types.CommandlineJavaTest;FeatureEnvy
ant;org.apache.tools.ant.types.CommandlineJavaTest;FeatureEnvy
ant;org.apache.tools.ant.DirectoryScannerTest;FeatureEnvy
ant;org.apache.tools.ant.DirectoryScannerTest;FeatureEnvy
ant;org.apache.tools.ant.DirectoryScannerTest;FeatureEnvy
ant;org.apache.tools.ant.DirectoryScannerTest;FeatureEnvy
ant;org.apache.tools.ant.DirectoryScannerTest;FeatureEnvy
ant;org.apache.tools.ant.DirectoryScannerTest;FeatureEnvy
ant;org.apache.tools.ant.DirectoryScannerTest;FeatureEnvy
ant;org.apache.tools.ant.DirectoryScannerTest;FeatureEnvy
ant;org.apache.tools.ant.DirectoryScannerTest;FeatureEnvy
ant;org.apache.tools.ant.DirectoryScannerTest;FeatureEnvy
ant;org.apache.tools.ant.DirectoryScannerTest;FeatureEnvy
ant;org.apache.tools.ant.DirectoryScannerTest;FeatureEnvy
ant;org.apache.tools.ant.DirectoryScannerTest;FeatureEnvy
ant;org.apache.tools.ant.DirectoryScannerTest;FeatureEnvy
ant;org.apache.tools.ant.DirectoryScannerTest;FeatureEnvy
ant;org.apache.tools.ant.taskdefs.JarTest;FeatureEnvy
ant;org.apache.tools.ant.taskdefs.ProcessDestroyerTest;FeatureEnvy
ant;org.apache.tools.ant.taskdefs.ManifestTest;FeatureEnvy
ant;org.apache.tools.ant.taskdefs.ManifestTest;FeatureEnvy
ant;org.apache.tools.ant.taskdefs.cvslib.ChangeLogParserTest;FeatureEnvy
ant;org.apache.tools.ant.taskdefs.cvslib.ChangeLogParserTest;FeatureEnvy
ant;org.apache.tools.ant.taskdefs.SubAntTest;FeatureEnvy
ant;org.apache.tools.ant.taskdefs.JavaTest;FeatureEnvy
ant;org.apache.tools.ant.taskdefs.TStampTest;FeatureEnvy
ant;org.apache.tools.ant.taskdefs.TStampTest;FeatureEnvy
ant;org.apache.tools.ant.taskdefs.AntTest;FeatureEnvy
ant;org.apache.tools.ant.taskdefs.AntTest;FeatureEnvy
ant;org.apache.tools.ant.taskdefs.AntTest;FeatureEnvy
ant;org.apache.tools.ant.taskdefs.AntTest;FeatureEnvy
ant;org.apache.tools.ant.taskdefs.CopyTest;FeatureEnvy
ant;org.apache.tools.ant.taskdefs.CopyTest;FeatureEnvy
ant;org.apache.tools.ant.taskdefs.CopyTest;FeatureEnvy
ant;org.apache.tools.ant.taskdefs.CopyTest;FeatureEnvy
ant;org.apache.tools.ant.taskdefs.CopyTest;FeatureEnvy
ant;org.apache.tools.ant.taskdefs.ProtectedJarMethodsTest;FeatureEnvy
ant;org.apache.tools.ant.taskdefs.SyncTest;FeatureEnvy
ant;org.apache.tools.ant.taskdefs.SyncTest;FeatureEnvy
ant;org.apache.tools.ant.taskdefs.SyncTest;FeatureEnvy
ant;org.apache.tools.ant.taskdefs.SyncTest;FeatureEnvy
ant;org.apache.tools.ant.taskdefs.SyncTest;FeatureEnvy
ant;org.apache.tools.ant.taskdefs.SyncTest;FeatureEnvy
ant;org.apache.tools.ant.taskdefs.SyncTest;FeatureEnvy
ant;org.apache.tools.ant.taskdefs.DynamicTest;FeatureEnvy
ant;org.apache.tools.ant.taskdefs.ZipTest;FeatureEnvy
ant;org.apache.tools.ant.taskdefs.SQLExecTest;FeatureEnvy
ant;org.apache.tools.ant.taskdefs.SQLExecTest;FeatureEnvy
ant;org.apache.tools.ant.taskdefs.optional.net.FTPTest;FeatureEnvy
ant;org.apache.tools.ant.taskdefs.optional.net.FTPTest;FeatureEnvy
ant;org.apache.tools.ant.taskdefs.optional.net.FTPTest;FeatureEnvy
ant;org.apache.tools.ant.taskdefs.optional.unix.SymlinkTest;FeatureEnvy
ant;org.apache.tools.ant.taskdefs.optional.unix.SymlinkTest;FeatureEnvy
ant;org.apache.tools.ant.taskdefs.optional.RhinoScriptTest;FeatureEnvy
ant;org.apache.tools.ant.taskdefs.optional.sos.SOSTest;FeatureEnvy
ant;org.apache.tools.ant.taskdefs.optional.sos.SOSTest;FeatureEnvy
ant;org.apache.tools.ant.taskdefs.optional.sos.SOSTest;FeatureEnvy
ant;org.apache.tools.ant.taskdefs.optional.sos.SOSTest;FeatureEnvy
ant;org.apache.tools.ant.taskdefs.optional.sos.SOSTest;FeatureEnvy
ant;org.apache.tools.ant.taskdefs.optional.sos.SOSTest;FeatureEnvy
ant;org.apache.tools.ant.taskdefs.optional.sos.SOSTest;FeatureEnvy
ant;org.apache.tools.ant.taskdefs.optional.sos.SOSTest;FeatureEnvy
ant;org.apache.tools.ant.taskdefs.optional.sos.SOSTest;FeatureEnvy
ant;org.apache.tools.ant.taskdefs.optional.sos.SOSTest;FeatureEnvy
ant;org.apache.tools.ant.taskdefs.optional.sos.SOSTest;FeatureEnvy
ant;org.apache.tools.ant.taskdefs.optional.junit.XMLFormatterWithCDATAOnSystemOut;FeatureEnvy
ant;org.apache.tools.ant.taskdefs.optional.vss.MSVSSTest;FeatureEnvy
ant;org.apache.tools.ant.taskdefs.optional.vss.MSVSSTest;FeatureEnvy
ant;org.apache.tools.ant.taskdefs.optional.vss.MSVSSTest;FeatureEnvy
ant;org.apache.tools.ant.taskdefs.optional.vss.MSVSSTest;FeatureEnvy
ant;org.apache.tools.ant.taskdefs.optional.vss.MSVSSTest;FeatureEnvy
ant;org.apache.tools.ant.taskdefs.optional.vss.MSVSSTest;FeatureEnvy
ant;org.apache.tools.ant.taskdefs.optional.vss.MSVSSTest;FeatureEnvy
ant;org.apache.tools.ant.taskdefs.optional.vss.MSVSSTest;FeatureEnvy
ant;org.apache.tools.ant.taskdefs.optional.vss.MSVSSTest;FeatureEnvy
ant;org.apache.tools.ant.taskdefs.optional.AbstractXSLTLiaisonTest;FeatureEnvy
ant;org.apache.tools.ant.taskdefs.optional.ANTLRTest;FeatureEnvy
ant;org.apache.tools.ant.taskdefs.optional.ANTLRTest;FeatureEnvy
ant;org.apache.tools.ant.taskdefs.optional.ANTLRTest;FeatureEnvy
ant;org.apache.tools.ant.taskdefs.optional.PropertyFileTest;FeatureEnvy
ant;org.apache.tools.ant.taskdefs.optional.ssh.ScpTest;FeatureEnvy
ant;org.apache.tools.ant.taskdefs.optional.ssh.ScpTest;FeatureEnvy
ant;org.apache.tools.ant.taskdefs.MoveTest;FeatureEnvy
ant;org.apache.tools.ant.taskdefs.MoveTest;FeatureEnvy
ant;org.apache.tools.ant.taskdefs.MoveTest;FeatureEnvy
ant;org.apache.tools.ant.taskdefs.MoveTest;FeatureEnvy
ant;org.apache.tools.ant.taskdefs.condition.ContainsTest;FeatureEnvy
ant;org.apache.tools.ant.taskdefs.condition.EqualsTest;FeatureEnvy
ant;org.apache.tools.ant.taskdefs.condition.EqualsTest;FeatureEnvy
ant;org.apache.tools.ant.taskdefs.condition.IsReferenceTest;FeatureEnvy
ant;org.apache.tools.ant.taskdefs.ExecTaskTest;FeatureEnvy
ant;org.apache.tools.ant.taskdefs.ExecTaskTest;FeatureEnvy
ant;org.apache.tools.ant.taskdefs.ExecTaskTest;FeatureEnvy
ant;org.apache.tools.ant.taskdefs.ExecTaskTest;FeatureEnvy
ant;org.apache.tools.ant.taskdefs.ExecTaskTest;FeatureEnvy
ant;org.apache.tools.ant.taskdefs.ExecTaskTest;FeatureEnvy
ant;org.apache.tools.ant.taskdefs.ExecTaskTest;FeatureEnvy
ant;org.apache.tools.ant.taskdefs.ExecTaskTest;FeatureEnvy
ant;org.apache.tools.ant.taskdefs.ExecTaskTest;FeatureEnvy
ant;org.apache.tools.ant.taskdefs.ExecTaskTest;FeatureEnvy
ant;org.apache.tools.ant.taskdefs.ExecTaskTest;FeatureEnvy
ant;org.apache.tools.ant.taskdefs.ExecTaskTest;FeatureEnvy
ant;org.apache.tools.ant.taskdefs.ExecTaskTest;FeatureEnvy
ant;org.apache.tools.ant.taskdefs.ExecTaskTest;FeatureEnvy
ant;org.apache.tools.ant.taskdefs.ExecTaskTest;FeatureEnvy
ant;org.apache.tools.ant.taskdefs.ExecTaskTest;FeatureEnvy
ant;org.apache.tools.ant.taskdefs.ExecTaskTest;FeatureEnvy
ant;org.apache.tools.ant.taskdefs.RmicTest;FeatureEnvy
ant;org.apache.tools.ant.taskdefs.RmicTest;FeatureEnvy
ant;org.apache.tools.ant.taskdefs.JavacTest;FeatureEnvy
ant;org.apache.tools.ant.taskdefs.JavacTest;FeatureEnvy
ant;org.apache.tools.ant.taskdefs.JavacTest;FeatureEnvy
ant;org.apache.tools.ant.taskdefs.JavacTest;FeatureEnvy
ant;org.apache.tools.ant.taskdefs.XmlPropertyTest;FeatureEnvy
ant;org.apache.tools.ant.taskdefs.XmlPropertyTest;FeatureEnvy
ant;org.apache.tools.ant.taskdefs.SleepTest;FeatureEnvy
ant;org.apache.tools.ant.ProjectComponentTest;FeatureEnvy
ant;org.apache.tools.ant.MockBuildListener;FeatureEnvy
ant;org.apache.tools.ant.AntClassLoaderTest;FeatureEnvy
ant;org.apache.tools.ant.AntClassLoaderTest;FeatureEnvy
ant;org.apache.tools.ant.AntClassLoaderTest;FeatureEnvy
ant;org.apache.tools.ant.IntrospectionHelperTest;FeatureEnvy
ant;org.apache.tools.ant.IntrospectionHelperTest;FeatureEnvy
ant;org.apache.tools.ant.IntrospectionHelperTest;FeatureEnvy
ant;org.apache.tools.tar.TarInputStream;FeatureEnvy
ant;org.apache.tools.tar.TarOutputStream;FeatureEnvy
ant;org.apache.tools.tar.TarEntry;FeatureEnvy
ant;org.apache.tools.tar.TarEntry;FeatureEnvy
ant;org.apache.tools.zip.ExtraFieldUtils;FeatureEnvy
ant;org.apache.tools.zip.ExtraFieldUtils;FeatureEnvy
ant;org.apache.tools.zip.ZipFile;FeatureEnvy
ant;org.apache.tools.ant.IntrospectionHelper;FeatureEnvy
ant;org.apache.tools.ant.listener.MailLogger;FeatureEnvy
ant;org.apache.tools.ant.listener.MailLogger;FeatureEnvy
ant;org.apache.tools.ant.listener.CommonsLoggingListener;FeatureEnvy
ant;org.apache.tools.ant.listener.CommonsLoggingListener;FeatureEnvy
ant;org.apache.tools.ant.listener.Log4jListener;FeatureEnvy
ant;org.apache.tools.ant.DefaultLogger;FeatureEnvy
ant;org.apache.tools.ant.ProjectHelper;FeatureEnvy
ant;org.apache.tools.ant.util.ResourceUtils;FeatureEnvy
ant;org.apache.tools.ant.util.ResourceUtils;FeatureEnvy
ant;org.apache.tools.ant.util.ResourceUtils;FeatureEnvy
ant;org.apache.tools.ant.util.ResourceUtils;FeatureEnvy
ant;org.apache.tools.ant.util.optional.JavaxScriptRunner;FeatureEnvy
ant;org.apache.tools.ant.util.optional.ScriptRunner;FeatureEnvy
ant;org.apache.tools.ant.util.optional.ScriptRunner;FeatureEnvy
ant;org.apache.tools.ant.util.optional.ScriptRunner;FeatureEnvy
ant;org.apache.tools.ant.util.ScriptRunnerHelper;FeatureEnvy
ant;org.apache.tools.ant.util.regexp.RegexpFactory;FeatureEnvy
ant;org.apache.tools.ant.util.ProxySetup;FeatureEnvy
ant;org.apache.tools.ant.util.DOMElementWriter;FeatureEnvy
ant;org.apache.tools.ant.Main;FeatureEnvy
ant;org.apache.tools.ant.Main;FeatureEnvy
ant;org.apache.tools.ant.types.Permissions;FeatureEnvy
ant;org.apache.tools.ant.types.Path;FeatureEnvy
ant;org.apache.tools.ant.types.resources.comparators.DelegatedResourceComparator;FeatureEnvy
ant;org.apache.tools.ant.types.resources.TarResource;FeatureEnvy
ant;org.apache.tools.ant.types.resources.TarResource;FeatureEnvy
ant;org.apache.tools.ant.types.resources.BaseResourceCollectionContainer;FeatureEnvy
ant;org.apache.tools.ant.types.resources.Tokens;FeatureEnvy
ant;org.apache.tools.ant.types.resources.Resources;FeatureEnvy
ant;org.apache.tools.ant.types.resources.BaseResourceCollectionWrapper;FeatureEnvy
ant;org.apache.tools.ant.types.resources.Sort;FeatureEnvy
ant;org.apache.tools.ant.types.resources.selectors.ResourceSelectorContainer;FeatureEnvy
ant;org.apache.tools.ant.types.resources.selectors.Compare;FeatureEnvy
ant;org.apache.tools.ant.types.resources.BCFileSet;FeatureEnvy
ant;org.apache.tools.ant.types.resources.ArchiveResource;FeatureEnvy
ant;org.apache.tools.ant.types.resources.ZipResource;FeatureEnvy
ant;org.apache.tools.ant.types.resources.ZipResource;FeatureEnvy
ant;org.apache.tools.ant.types.resources.JavaResource;FeatureEnvy
ant;org.apache.tools.ant.types.resources.Files;FeatureEnvy
ant;org.apache.tools.ant.types.resources.Files;FeatureEnvy
ant;org.apache.tools.ant.types.RedirectorElement;FeatureEnvy
ant;org.apache.tools.ant.types.RedirectorElement;FeatureEnvy
ant;org.apache.tools.ant.types.AbstractFileSet;FeatureEnvy
ant;org.apache.tools.ant.types.AbstractFileSet;FeatureEnvy
ant;org.apache.tools.ant.types.optional.depend.ClassfileSet;FeatureEnvy
ant;org.apache.tools.ant.types.optional.ScriptSelector;FeatureEnvy
ant;org.apache.tools.ant.types.selectors.SelectorUtils;FeatureEnvy
ant;org.apache.tools.ant.types.selectors.FilenameSelector;FeatureEnvy
ant;org.apache.tools.ant.types.selectors.SizeSelector;FeatureEnvy
ant;org.apache.tools.ant.types.selectors.ContainsSelector;FeatureEnvy
ant;org.apache.tools.ant.types.selectors.ContainsSelector;FeatureEnvy
ant;org.apache.tools.ant.types.selectors.modifiedselector.ModifiedSelector;FeatureEnvy
ant;org.apache.tools.ant.types.selectors.ContainsRegexpSelector;FeatureEnvy
ant;org.apache.tools.ant.types.selectors.DepthSelector;FeatureEnvy
ant;org.apache.tools.ant.types.selectors.DateSelector;FeatureEnvy
ant;org.apache.tools.ant.types.selectors.ExtendSelector;FeatureEnvy
ant;org.apache.tools.ant.types.ArchiveScanner;FeatureEnvy
ant;org.apache.tools.ant.types.mappers.FilterMapper;FeatureEnvy
ant;org.apache.tools.ant.types.XMLCatalog;FeatureEnvy
ant;org.apache.tools.ant.types.XMLCatalog.InternalResolver;FeatureEnvy
ant;org.apache.tools.ant.types.XMLCatalog.InternalResolver;FeatureEnvy
ant;org.apache.tools.ant.types.XMLCatalog.ExternalResolver;FeatureEnvy
ant;org.apache.tools.ant.types.Assertions;FeatureEnvy
ant;org.apache.tools.ant.types.Assertions;FeatureEnvy
ant;org.apache.tools.ant.taskdefs.Delete;FeatureEnvy
ant;org.apache.tools.ant.taskdefs.CopyPath;FeatureEnvy
ant;org.apache.tools.ant.taskdefs.MacroDef;FeatureEnvy
ant;org.apache.tools.ant.taskdefs.MacroDef;FeatureEnvy
ant;org.apache.tools.ant.taskdefs.MacroDef;FeatureEnvy
ant;org.apache.tools.ant.taskdefs.MacroDef;FeatureEnvy
ant;org.apache.tools.ant.taskdefs.MacroDef;FeatureEnvy
ant;org.apache.tools.ant.taskdefs.ManifestTask;FeatureEnvy
ant;org.apache.tools.ant.taskdefs.Patch;FeatureEnvy
ant;org.apache.tools.ant.taskdefs.Javac;FeatureEnvy
ant;org.apache.tools.ant.taskdefs.Javac;FeatureEnvy
ant;org.apache.tools.ant.taskdefs.Jikes;FeatureEnvy
ant;org.apache.tools.ant.taskdefs.cvslib.ChangeLogTask;FeatureEnvy
ant;org.apache.tools.ant.taskdefs.cvslib.CvsTagDiff;FeatureEnvy
ant;org.apache.tools.ant.taskdefs.cvslib.CvsTagDiff;FeatureEnvy
ant;org.apache.tools.ant.taskdefs.cvslib.CvsTagDiff;FeatureEnvy
ant;org.apache.tools.ant.taskdefs.cvslib.CvsTagDiff;FeatureEnvy
ant;org.apache.tools.ant.taskdefs.cvslib.ChangeLogWriter;FeatureEnvy
ant;org.apache.tools.ant.taskdefs.Move;FeatureEnvy
ant;org.apache.tools.ant.taskdefs.Move;FeatureEnvy
ant;org.apache.tools.ant.taskdefs.Concat;FeatureEnvy
ant;org.apache.tools.ant.taskdefs.Concat;FeatureEnvy
ant;org.apache.tools.ant.taskdefs.Concat;FeatureEnvy
ant;org.apache.tools.ant.taskdefs.Replace;FeatureEnvy
ant;org.apache.tools.ant.taskdefs.Replace;FeatureEnvy
ant;org.apache.tools.ant.taskdefs.XSLTProcess;FeatureEnvy
ant;org.apache.tools.ant.taskdefs.XSLTProcess;FeatureEnvy
ant;org.apache.tools.ant.taskdefs.XSLTProcess;FeatureEnvy
ant;org.apache.tools.ant.taskdefs.email.EmailTask;FeatureEnvy
ant;org.apache.tools.ant.taskdefs.email.PlainMailer;FeatureEnvy
ant;org.apache.tools.ant.taskdefs.email.MimeMailer;FeatureEnvy
ant;org.apache.tools.ant.taskdefs.Sync;FeatureEnvy
ant;org.apache.tools.ant.taskdefs.Sync;FeatureEnvy
ant;org.apache.tools.ant.taskdefs.Antlib;FeatureEnvy
ant;org.apache.tools.ant.taskdefs.Javadoc;FeatureEnvy
ant;org.apache.tools.ant.taskdefs.Javadoc;FeatureEnvy
ant;org.apache.tools.ant.taskdefs.Javadoc;FeatureEnvy
ant;org.apache.tools.ant.taskdefs.Javadoc;FeatureEnvy
ant;org.apache.tools.ant.taskdefs.LoadProperties;FeatureEnvy
ant;org.apache.tools.ant.taskdefs.Execute;FeatureEnvy
ant;org.apache.tools.ant.taskdefs.GenerateKey;FeatureEnvy
ant;org.apache.tools.ant.taskdefs.Tar;FeatureEnvy
ant;org.apache.tools.ant.taskdefs.Tar;FeatureEnvy
ant;org.apache.tools.ant.taskdefs.Tar;FeatureEnvy
ant;org.apache.tools.ant.taskdefs.SignJar;FeatureEnvy
ant;org.apache.tools.ant.taskdefs.SignJar;FeatureEnvy
ant;org.apache.tools.ant.taskdefs.SignJar;FeatureEnvy
ant;org.apache.tools.ant.taskdefs.Redirector;FeatureEnvy
ant;org.apache.tools.ant.taskdefs.Copydir;FeatureEnvy
ant;org.apache.tools.ant.taskdefs.JDBCTask;FeatureEnvy
ant;org.apache.tools.ant.taskdefs.JDBCTask;FeatureEnvy
ant;org.apache.tools.ant.taskdefs.DefaultExcludes;FeatureEnvy
ant;org.apache.tools.ant.taskdefs.SubAnt;FeatureEnvy
ant;org.apache.tools.ant.taskdefs.SubAnt;FeatureEnvy
ant;org.apache.tools.ant.taskdefs.SubAnt;FeatureEnvy
ant;org.apache.tools.ant.taskdefs.Classloader;FeatureEnvy
ant;org.apache.tools.ant.taskdefs.Copyfile;FeatureEnvy
ant;org.apache.tools.ant.taskdefs.Jar;FeatureEnvy
ant;org.apache.tools.ant.taskdefs.Jar;FeatureEnvy
ant;org.apache.tools.ant.taskdefs.Copy;FeatureEnvy
ant;org.apache.tools.ant.taskdefs.Copy;FeatureEnvy
ant;org.apache.tools.ant.taskdefs.Recorder;FeatureEnvy
ant;org.apache.tools.ant.taskdefs.Checksum;FeatureEnvy
ant;org.apache.tools.ant.taskdefs.ExecuteJava;FeatureEnvy
ant;org.apache.tools.ant.taskdefs.ExecuteJava;FeatureEnvy
ant;org.apache.tools.ant.taskdefs.Length.EachHandler;FeatureEnvy
ant;org.apache.tools.ant.taskdefs.optional.net.FTP;FeatureEnvy
ant;org.apache.tools.ant.taskdefs.optional.net.FTP;FeatureEnvy
ant;org.apache.tools.ant.taskdefs.optional.net.FTP.FTPDirectoryScanner;FeatureEnvy
ant;org.apache.tools.ant.taskdefs.optional.net.FTP.FTPDirectoryScanner;FeatureEnvy
ant;org.apache.tools.ant.taskdefs.optional.net.FTP.FTPDirectoryScanner;FeatureEnvy
ant;org.apache.tools.ant.taskdefs.optional.net.TelnetTask;FeatureEnvy
ant;org.apache.tools.ant.taskdefs.optional.net.FTPConfigurator;FeatureEnvy
ant;org.apache.tools.ant.taskdefs.optional.net.RExecTask;FeatureEnvy
ant;org.apache.tools.ant.taskdefs.optional.net.RExecTask.AntRExecClient;FeatureEnvy
ant;org.apache.tools.ant.taskdefs.optional.EchoProperties;FeatureEnvy
ant;org.apache.tools.ant.taskdefs.optional.jlink.JlinkTask;FeatureEnvy
ant;org.apache.tools.ant.taskdefs.optional.depend.Depend;FeatureEnvy
ant;org.apache.tools.ant.taskdefs.optional.ReplaceRegExp;FeatureEnvy
ant;org.apache.tools.ant.taskdefs.optional.ReplaceRegExp;FeatureEnvy
ant;org.apache.tools.ant.taskdefs.optional.dotnet.CSharp;FeatureEnvy
ant;org.apache.tools.ant.taskdefs.optional.dotnet.Ildasm;FeatureEnvy
ant;org.apache.tools.ant.taskdefs.optional.dotnet.DotnetCompile;FeatureEnvy
ant;org.apache.tools.ant.taskdefs.optional.dotnet.ImportTypelib;FeatureEnvy
ant;org.apache.tools.ant.taskdefs.optional.dotnet.WsdlToDotnet;FeatureEnvy
ant;org.apache.tools.ant.taskdefs.optional.ANTLR;FeatureEnvy
ant;org.apache.tools.ant.taskdefs.optional.ANTLR;FeatureEnvy
ant;org.apache.tools.ant.taskdefs.optional.pvcs.Pvcs;FeatureEnvy
ant;org.apache.tools.ant.taskdefs.optional.pvcs.Pvcs;FeatureEnvy
ant;org.apache.tools.ant.taskdefs.optional.script.ScriptDef;FeatureEnvy
ant;org.apache.tools.ant.taskdefs.optional.j2ee.GenericHotDeploymentTool;FeatureEnvy
ant;org.apache.tools.ant.taskdefs.optional.j2ee.WebLogicHotDeploymentTool;FeatureEnvy
ant;org.apache.tools.ant.taskdefs.optional.j2ee.WebLogicHotDeploymentTool;FeatureEnvy
ant;org.apache.tools.ant.taskdefs.optional.j2ee.JonasHotDeploymentTool;FeatureEnvy
ant;org.apache.tools.ant.taskdefs.optional.NetRexxC;FeatureEnvy
ant;org.apache.tools.ant.taskdefs.optional.NetRexxC;FeatureEnvy
ant;org.apache.tools.ant.taskdefs.optional.splash.SplashTask;FeatureEnvy
ant;org.apache.tools.ant.taskdefs.optional.clearcase.CCUnlock;FeatureEnvy
ant;org.apache.tools.ant.taskdefs.optional.clearcase.CCCheckout;FeatureEnvy
ant;org.apache.tools.ant.taskdefs.optional.clearcase.CCCheckout;FeatureEnvy
ant;org.apache.tools.ant.taskdefs.optional.clearcase.CCUnCheckout;FeatureEnvy
ant;org.apache.tools.ant.taskdefs.optional.clearcase.CCMkdir;FeatureEnvy
ant;org.apache.tools.ant.taskdefs.optional.clearcase.CCMklbtype;FeatureEnvy
ant;org.apache.tools.ant.taskdefs.optional.clearcase.CCMkelem;FeatureEnvy
ant;org.apache.tools.ant.taskdefs.optional.clearcase.ClearCase;FeatureEnvy
ant;org.apache.tools.ant.taskdefs.optional.clearcase.ClearCase;FeatureEnvy
ant;org.apache.tools.ant.taskdefs.optional.clearcase.CCUpdate;FeatureEnvy
ant;org.apache.tools.ant.taskdefs.optional.clearcase.CCUpdate;FeatureEnvy
ant;org.apache.tools.ant.taskdefs.optional.clearcase.CCCheckin;FeatureEnvy
ant;org.apache.tools.ant.taskdefs.optional.clearcase.CCMkbl;FeatureEnvy
ant;org.apache.tools.ant.taskdefs.optional.clearcase.CCLock;FeatureEnvy
ant;org.apache.tools.ant.taskdefs.optional.clearcase.CCMkattr;FeatureEnvy
ant;org.apache.tools.ant.taskdefs.optional.clearcase.CCMklabel;FeatureEnvy
ant;org.apache.tools.ant.taskdefs.optional.Cab;FeatureEnvy
ant;org.apache.tools.ant.taskdefs.optional.Rpm;FeatureEnvy
ant;org.apache.tools.ant.taskdefs.optional.i18n.Translate;FeatureEnvy
ant;org.apache.tools.ant.taskdefs.optional.i18n.Translate;FeatureEnvy
ant;org.apache.tools.ant.taskdefs.optional.javah.SunJavah;FeatureEnvy
ant;org.apache.tools.ant.taskdefs.optional.javah.Kaffeh;FeatureEnvy
ant;org.apache.tools.ant.taskdefs.optional.StyleBook;FeatureEnvy
ant;org.apache.tools.ant.taskdefs.optional.image.Image;FeatureEnvy
ant;org.apache.tools.ant.taskdefs.optional.perforce.P4HandlerAdapter;FeatureEnvy
ant;org.apache.tools.ant.taskdefs.optional.perforce.P4Submit.P4SubmitAdapter;FeatureEnvy
ant;org.apache.tools.ant.taskdefs.optional.perforce.P4Base;FeatureEnvy
ant;org.apache.tools.ant.taskdefs.optional.perforce.P4Label;FeatureEnvy
ant;org.apache.tools.ant.taskdefs.optional.perforce.SimpleP4OutputHandler;FeatureEnvy
ant;org.apache.tools.ant.taskdefs.optional.extension.JarLibResolveTask;FeatureEnvy
ant;org.apache.tools.ant.taskdefs.optional.extension.LibraryDisplayer;FeatureEnvy
ant;org.apache.tools.ant.taskdefs.optional.extension.ExtensionUtil;FeatureEnvy
ant;org.apache.tools.ant.taskdefs.optional.extension.resolvers.AntResolver;FeatureEnvy
ant;org.apache.tools.ant.taskdefs.optional.XMLValidateTask;FeatureEnvy
ant;org.apache.tools.ant.taskdefs.optional.RenameExtensions;FeatureEnvy
ant;org.apache.tools.ant.taskdefs.optional.sos.SOSCheckout;FeatureEnvy
ant;org.apache.tools.ant.taskdefs.optional.sos.SOSGet;FeatureEnvy
ant;org.apache.tools.ant.taskdefs.optional.sos.SOS;FeatureEnvy
ant;org.apache.tools.ant.taskdefs.optional.sos.SOS;FeatureEnvy
ant;org.apache.tools.ant.taskdefs.optional.sos.SOS;FeatureEnvy
ant;org.apache.tools.ant.taskdefs.optional.sos.SOSCheckin;FeatureEnvy
ant;org.apache.tools.ant.taskdefs.optional.sos.SOSLabel;FeatureEnvy
ant;org.apache.tools.ant.taskdefs.optional.javacc.JavaCC;FeatureEnvy
ant;org.apache.tools.ant.taskdefs.optional.javacc.JavaCC;FeatureEnvy
ant;org.apache.tools.ant.taskdefs.optional.javacc.JJDoc;FeatureEnvy
ant;org.apache.tools.ant.taskdefs.optional.javacc.JJTree;FeatureEnvy
ant;org.apache.tools.ant.taskdefs.optional.jsp.WLJspc;FeatureEnvy
ant;org.apache.tools.ant.taskdefs.optional.jsp.JspC;FeatureEnvy
ant;org.apache.tools.ant.taskdefs.optional.jsp.compilers.JasperC;FeatureEnvy
ant;org.apache.tools.ant.taskdefs.optional.jsp.compilers.JasperC;FeatureEnvy
ant;org.apache.tools.ant.taskdefs.optional.sound.SoundTask;FeatureEnvy
ant;org.apache.tools.ant.taskdefs.optional.sound.AntSoundPlayer;FeatureEnvy
ant;org.apache.tools.ant.taskdefs.optional.junit.BriefJUnitResultFormatter;FeatureEnvy
ant;org.apache.tools.ant.taskdefs.optional.junit.DOMUtil;FeatureEnvy
ant;org.apache.tools.ant.taskdefs.optional.junit.DOMUtil;FeatureEnvy
ant;org.apache.tools.ant.taskdefs.optional.junit.JUnitTask;FeatureEnvy
ant;org.apache.tools.ant.taskdefs.optional.junit.JUnitTask;FeatureEnvy
ant;org.apache.tools.ant.taskdefs.optional.junit.JUnitTask;FeatureEnvy
ant;org.apache.tools.ant.taskdefs.optional.junit.JUnitTask;FeatureEnvy
ant;org.apache.tools.ant.taskdefs.optional.junit.JUnitTask;FeatureEnvy
ant;org.apache.tools.ant.taskdefs.optional.junit.JUnitTask.ForkedTestConfiguration;FeatureEnvy
ant;org.apache.tools.ant.taskdefs.optional.junit.AggregateTransformer;FeatureEnvy
ant;org.apache.tools.ant.taskdefs.optional.junit.JUnitTestRunner;FeatureEnvy
ant;org.apache.tools.ant.taskdefs.optional.junit.JUnitTestRunner;FeatureEnvy
ant;org.apache.tools.ant.taskdefs.optional.junit.XMLResultAggregator;FeatureEnvy
ant;org.apache.tools.ant.taskdefs.optional.junit.XMLResultAggregator;FeatureEnvy
ant;org.apache.tools.ant.taskdefs.optional.junit.XMLJUnitResultFormatter;FeatureEnvy
ant;org.apache.tools.ant.taskdefs.optional.junit.XMLJUnitResultFormatter;FeatureEnvy
ant;org.apache.tools.ant.taskdefs.optional.junit.BatchTest;FeatureEnvy
ant;org.apache.tools.ant.taskdefs.optional.junit.SummaryJUnitResultFormatter;FeatureEnvy
ant;org.apache.tools.ant.taskdefs.optional.junit.PlainJUnitResultFormatter;FeatureEnvy
ant;org.apache.tools.ant.taskdefs.optional.Javah;FeatureEnvy
ant;org.apache.tools.ant.taskdefs.optional.SchemaValidate;FeatureEnvy
ant;org.apache.tools.ant.taskdefs.optional.starteam.TreeBasedTask;FeatureEnvy
ant;org.apache.tools.ant.taskdefs.optional.starteam.StarTeamCheckout;FeatureEnvy
ant;org.apache.tools.ant.taskdefs.optional.starteam.StarTeamCheckout;FeatureEnvy
ant;org.apache.tools.ant.taskdefs.optional.starteam.StarTeamCheckout;FeatureEnvy
ant;org.apache.tools.ant.taskdefs.optional.starteam.StarTeamCheckout;FeatureEnvy
ant;org.apache.tools.ant.taskdefs.optional.starteam.StarTeamCheckout;FeatureEnvy
ant;org.apache.tools.ant.taskdefs.optional.starteam.StarTeamList;FeatureEnvy
ant;org.apache.tools.ant.taskdefs.optional.starteam.StarTeamList;FeatureEnvy
ant;org.apache.tools.ant.taskdefs.optional.starteam.StarTeamCheckin;FeatureEnvy
ant;org.apache.tools.ant.taskdefs.optional.starteam.StarTeamCheckin;FeatureEnvy
ant;org.apache.tools.ant.taskdefs.optional.starteam.StarTeamCheckin;FeatureEnvy
ant;org.apache.tools.ant.taskdefs.optional.vss.MSVSSCHECKIN;FeatureEnvy
ant;org.apache.tools.ant.taskdefs.optional.vss.MSVSSHISTORY;FeatureEnvy
ant;org.apache.tools.ant.taskdefs.optional.vss.MSVSSCREATE;FeatureEnvy
ant;org.apache.tools.ant.taskdefs.optional.vss.MSVSS;FeatureEnvy
ant;org.apache.tools.ant.taskdefs.optional.vss.MSVSS;FeatureEnvy
ant;org.apache.tools.ant.taskdefs.optional.vss.MSVSSADD;FeatureEnvy
ant;org.apache.tools.ant.taskdefs.optional.vss.MSVSSCP;FeatureEnvy
ant;org.apache.tools.ant.taskdefs.optional.vss.MSVSSGET;FeatureEnvy
ant;org.apache.tools.ant.taskdefs.optional.vss.MSVSSLABEL;FeatureEnvy
ant;org.apache.tools.ant.taskdefs.optional.vss.MSVSSCHECKOUT;FeatureEnvy
ant;org.apache.tools.ant.taskdefs.optional.ejb.WLStop;FeatureEnvy
ant;org.apache.tools.ant.taskdefs.optional.ejb.DescriptorHandler;FeatureEnvy
ant;org.apache.tools.ant.taskdefs.optional.ejb.WeblogicDeploymentTool;FeatureEnvy
ant;org.apache.tools.ant.taskdefs.optional.ejb.WeblogicDeploymentTool;FeatureEnvy
ant;org.apache.tools.ant.taskdefs.optional.ejb.WeblogicDeploymentTool;FeatureEnvy
ant;org.apache.tools.ant.taskdefs.optional.ejb.WeblogicDeploymentTool;FeatureEnvy
ant;org.apache.tools.ant.taskdefs.optional.ejb.WeblogicDeploymentTool;FeatureEnvy
ant;org.apache.tools.ant.taskdefs.optional.ejb.WLRun;FeatureEnvy
ant;org.apache.tools.ant.taskdefs.optional.ejb.WLRun;FeatureEnvy
ant;org.apache.tools.ant.taskdefs.optional.ejb.GenericDeploymentTool;FeatureEnvy
ant;org.apache.tools.ant.taskdefs.optional.ejb.GenericDeploymentTool;FeatureEnvy
ant;org.apache.tools.ant.taskdefs.optional.ejb.BorlandGenerateClient;FeatureEnvy
ant;org.apache.tools.ant.taskdefs.optional.ejb.BorlandGenerateClient;FeatureEnvy
ant;org.apache.tools.ant.taskdefs.optional.ejb.BorlandGenerateClient;FeatureEnvy
ant;org.apache.tools.ant.taskdefs.optional.ejb.Ejbc;FeatureEnvy
ant;org.apache.tools.ant.taskdefs.optional.ejb.DDCreator;FeatureEnvy
ant;org.apache.tools.ant.taskdefs.optional.ejb.WebsphereDeploymentTool;FeatureEnvy
ant;org.apache.tools.ant.taskdefs.optional.ejb.WebsphereDeploymentTool;FeatureEnvy
ant;org.apache.tools.ant.taskdefs.optional.ejb.WebsphereDeploymentTool;FeatureEnvy
ant;org.apache.tools.ant.taskdefs.optional.ejb.IPlanetEjbc;FeatureEnvy
ant;org.apache.tools.ant.taskdefs.optional.ejb.IPlanetEjbc.EjbcHandler;FeatureEnvy
ant;org.apache.tools.ant.taskdefs.optional.ejb.IPlanetEjbc.EjbInfo;FeatureEnvy
ant;org.apache.tools.ant.taskdefs.optional.ejb.IPlanetEjbc.EjbInfo;FeatureEnvy
ant;org.apache.tools.ant.taskdefs.optional.ejb.IPlanetEjbc.EjbInfo;FeatureEnvy
ant;org.apache.tools.ant.taskdefs.optional.ejb.BorlandDeploymentTool;FeatureEnvy
ant;org.apache.tools.ant.taskdefs.optional.ejb.BorlandDeploymentTool;FeatureEnvy
ant;org.apache.tools.ant.taskdefs.optional.ejb.BorlandDeploymentTool;FeatureEnvy
ant;org.apache.tools.ant.taskdefs.optional.ejb.BorlandDeploymentTool;FeatureEnvy
ant;org.apache.tools.ant.taskdefs.optional.ejb.BorlandDeploymentTool;FeatureEnvy
ant;org.apache.tools.ant.taskdefs.optional.ejb.IPlanetDeploymentTool;FeatureEnvy
ant;org.apache.tools.ant.taskdefs.optional.ejb.IPlanetDeploymentTool;FeatureEnvy
ant;org.apache.tools.ant.taskdefs.optional.ejb.JbossDeploymentTool;FeatureEnvy
ant;org.apache.tools.ant.taskdefs.optional.ejb.IPlanetEjbcTask;FeatureEnvy
ant;org.apache.tools.ant.taskdefs.optional.ejb.IPlanetEjbcTask;FeatureEnvy
ant;org.apache.tools.ant.taskdefs.optional.ejb.JonasDeploymentTool;FeatureEnvy
ant;org.apache.tools.ant.taskdefs.optional.ejb.JonasDeploymentTool;FeatureEnvy
ant;org.apache.tools.ant.taskdefs.optional.ejb.JonasDeploymentTool;FeatureEnvy
ant;org.apache.tools.ant.taskdefs.optional.ccm.Continuus;FeatureEnvy
ant;org.apache.tools.ant.taskdefs.optional.ccm.CCMCreateTask;FeatureEnvy
ant;org.apache.tools.ant.taskdefs.optional.ccm.CCMCreateTask;FeatureEnvy
ant;org.apache.tools.ant.taskdefs.optional.ssh.Scp;FeatureEnvy
ant;org.apache.tools.ant.taskdefs.optional.ssh.Scp;FeatureEnvy
ant;org.apache.tools.ant.taskdefs.optional.ssh.ScpToMessage;FeatureEnvy
ant;org.apache.tools.ant.taskdefs.optional.ssh.ScpFromMessage;FeatureEnvy
ant;org.apache.tools.ant.taskdefs.optional.ssh.ScpToMessageBySftp;FeatureEnvy
ant;org.apache.tools.ant.taskdefs.optional.ssh.SSHBase;FeatureEnvy
ant;org.apache.tools.ant.taskdefs.optional.ssh.ScpFromMessageBySftp;FeatureEnvy
ant;org.apache.tools.ant.taskdefs.optional.ssh.SSHExec;FeatureEnvy
ant;org.apache.tools.ant.taskdefs.optional.jdepend.JDependTask;FeatureEnvy
ant;org.apache.tools.ant.taskdefs.Get;FeatureEnvy
ant;org.apache.tools.ant.taskdefs.ImportTask;FeatureEnvy
ant;org.apache.tools.ant.taskdefs.CVSPass;FeatureEnvy
ant;org.apache.tools.ant.taskdefs.CallTarget;FeatureEnvy
ant;org.apache.tools.ant.taskdefs.LoadResource;FeatureEnvy
ant;org.apache.tools.ant.taskdefs.Exec;FeatureEnvy
ant;org.apache.tools.ant.taskdefs.RecorderEntry;FeatureEnvy
ant;org.apache.tools.ant.taskdefs.Manifest;FeatureEnvy
ant;org.apache.tools.ant.taskdefs.Manifest;FeatureEnvy
ant;org.apache.tools.ant.taskdefs.Manifest;FeatureEnvy
ant;org.apache.tools.ant.taskdefs.Manifest;FeatureEnvy
ant;org.apache.tools.ant.taskdefs.Manifest.Section;FeatureEnvy
ant;org.apache.tools.ant.taskdefs.Ant;FeatureEnvy
ant;org.apache.tools.ant.taskdefs.Ant;FeatureEnvy
ant;org.apache.tools.ant.taskdefs.Ant;FeatureEnvy
ant;org.apache.tools.ant.taskdefs.Rmic;FeatureEnvy
ant;org.apache.tools.ant.taskdefs.rmic.KaffeRmic;FeatureEnvy
ant;org.apache.tools.ant.taskdefs.rmic.ForkingSunRmic;FeatureEnvy
ant;org.apache.tools.ant.taskdefs.rmic.WLRmic;FeatureEnvy
ant;org.apache.tools.ant.taskdefs.rmic.DefaultRmicAdapter;FeatureEnvy
ant;org.apache.tools.ant.taskdefs.rmic.DefaultRmicAdapter;FeatureEnvy
ant;org.apache.tools.ant.taskdefs.rmic.DefaultRmicAdapter.RmicFileNameMapper;FeatureEnvy
ant;org.apache.tools.ant.taskdefs.rmic.SunRmic;FeatureEnvy
ant;org.apache.tools.ant.taskdefs.MacroInstance;FeatureEnvy
ant;org.apache.tools.ant.taskdefs.MacroInstance;FeatureEnvy
ant;org.apache.tools.ant.taskdefs.WaitFor;FeatureEnvy
ant;org.apache.tools.ant.taskdefs.Java;FeatureEnvy
ant;org.apache.tools.ant.taskdefs.Java;FeatureEnvy
ant;org.apache.tools.ant.taskdefs.SQLExec;FeatureEnvy
ant;org.apache.tools.ant.taskdefs.DependSet;FeatureEnvy
ant;org.apache.tools.ant.taskdefs.ConditionTask;FeatureEnvy
ant;org.apache.tools.ant.taskdefs.XmlProperty;FeatureEnvy
ant;org.apache.tools.ant.taskdefs.XmlProperty;FeatureEnvy
ant;org.apache.tools.ant.taskdefs.XmlProperty;FeatureEnvy
ant;org.apache.tools.ant.taskdefs.condition.IsSigned;FeatureEnvy
ant;org.apache.tools.ant.taskdefs.condition.IsReachable;FeatureEnvy
ant;org.apache.tools.ant.taskdefs.WhichResource;FeatureEnvy
ant;org.apache.tools.ant.taskdefs.Definer;FeatureEnvy
ant;org.apache.tools.ant.taskdefs.Definer;FeatureEnvy
ant;org.apache.tools.ant.taskdefs.VerifyJar;FeatureEnvy
ant;org.apache.tools.ant.taskdefs.VerifyJar;FeatureEnvy
ant;org.apache.tools.ant.taskdefs.BUnzip2;FeatureEnvy
ant;org.apache.tools.ant.taskdefs.Available;FeatureEnvy
ant;org.apache.tools.ant.taskdefs.Available;FeatureEnvy
ant;org.apache.tools.ant.taskdefs.Zip;FeatureEnvy
ant;org.apache.tools.ant.taskdefs.Zip;FeatureEnvy
ant;org.apache.tools.ant.taskdefs.Zip;FeatureEnvy
ant;org.apache.tools.ant.taskdefs.Zip;FeatureEnvy
ant;org.apache.tools.ant.taskdefs.Zip;FeatureEnvy
ant;org.apache.tools.ant.taskdefs.ExecTask;FeatureEnvy
ant;org.apache.tools.ant.taskdefs.ExecTask;FeatureEnvy
ant;org.apache.tools.ant.taskdefs.ExecTask;FeatureEnvy
ant;org.apache.tools.ant.taskdefs.ExecTask;FeatureEnvy
ant;org.apache.tools.ant.taskdefs.FixCRLF;FeatureEnvy
ant;org.apache.tools.ant.taskdefs.FixCRLF;FeatureEnvy
ant;org.apache.tools.ant.taskdefs.FixCRLF;FeatureEnvy
ant;org.apache.tools.ant.taskdefs.AntStructure;FeatureEnvy
ant;org.apache.tools.ant.taskdefs.AntStructure.DTDPrinter;FeatureEnvy
ant;org.apache.tools.ant.taskdefs.AbstractCvsTask;FeatureEnvy
ant;org.apache.tools.ant.taskdefs.AbstractCvsTask;FeatureEnvy
ant;org.apache.tools.ant.taskdefs.Chmod;FeatureEnvy
ant;org.apache.tools.ant.taskdefs.compilers.Jikes;FeatureEnvy
ant;org.apache.tools.ant.taskdefs.compilers.Gcj;FeatureEnvy
ant;org.apache.tools.ant.taskdefs.compilers.Jvc;FeatureEnvy
ant;org.apache.tools.ant.taskdefs.compilers.AptCompilerAdapter;FeatureEnvy
ant;org.apache.tools.ant.taskdefs.compilers.JavacExternal;FeatureEnvy
ant;org.apache.tools.ant.taskdefs.compilers.Kjc;FeatureEnvy
ant;org.apache.tools.ant.taskdefs.compilers.DefaultCompilerAdapter;FeatureEnvy
ant;org.apache.tools.ant.taskdefs.compilers.DefaultCompilerAdapter;FeatureEnvy
ant;org.apache.tools.ant.taskdefs.compilers.DefaultCompilerAdapter;FeatureEnvy
ant;org.apache.tools.ant.taskdefs.compilers.DefaultCompilerAdapter;FeatureEnvy
ant;org.apache.tools.ant.taskdefs.compilers.DefaultCompilerAdapter;FeatureEnvy
ant;org.apache.tools.ant.taskdefs.compilers.DefaultCompilerAdapter;FeatureEnvy
ant;org.apache.tools.ant.taskdefs.compilers.DefaultCompilerAdapter;FeatureEnvy
ant;org.apache.tools.ant.taskdefs.compilers.DefaultCompilerAdapter;FeatureEnvy
ant;org.apache.tools.ant.XmlLogger;FeatureEnvy
ant;org.apache.tools.ant.XmlLogger;FeatureEnvy
ant;org.apache.tools.ant.ComponentHelper;FeatureEnvy
ant;org.apache.tools.ant.ComponentHelper;FeatureEnvy
ant;org.apache.tools.ant.ComponentHelper;FeatureEnvy
ant;org.apache.tools.ant.ComponentHelper;FeatureEnvy
ant;org.apache.tools.ant.helper.ProjectHelper2;FeatureEnvy
ant;org.apache.tools.ant.helper.ProjectHelper2;FeatureEnvy
ant;org.apache.tools.ant.helper.ProjectHelper2.RootHandler;FeatureEnvy
ant;org.apache.tools.ant.helper.ProjectHelper2.ProjectHandler;FeatureEnvy
ant;org.apache.tools.ant.helper.ProjectHelper2.TargetHandler;FeatureEnvy
ant;org.apache.tools.ant.helper.ProjectHelper2.ElementHandler;FeatureEnvy
ant;org.apache.tools.ant.helper.ProjectHelperImpl;FeatureEnvy
ant;org.apache.tools.ant.helper.ProjectHelperImpl.ProjectHandler;FeatureEnvy
ant;org.apache.tools.ant.helper.ProjectHelperImpl.TargetHandler;FeatureEnvy
ant;org.apache.tools.ant.helper.ProjectHelperImpl.TaskHandler;FeatureEnvy
ant;org.apache.tools.ant.input.PropertyFileInputHandler;FeatureEnvy
ant;org.apache.tools.ant.Target;FeatureEnvy
ant;org.apache.tools.ant.Diagnostics;FeatureEnvy
ant;org.apache.tools.ant.Task;FeatureEnvy
ant;org.apache.tools.ant.filters.ConcatFilter;FeatureEnvy
ant;org.apache.tools.ant.filters.StripLineComments;FeatureEnvy
ant;org.apache.tools.ant.filters.LineContainsRegExp;FeatureEnvy
ant;org.apache.tools.ant.filters.LineContainsRegExp;FeatureEnvy
ant;org.apache.tools.ant.filters.FixCrLfFilter.NormalizeEolFilter;FeatureEnvy
ant;org.apache.tools.ant.filters.FixCrLfFilter.AddTabFilter;FeatureEnvy
ant;org.apache.tools.ant.filters.TailFilter;FeatureEnvy
ant;org.apache.tools.ant.filters.HeadFilter;FeatureEnvy
ant;org.apache.tools.ant.filters.ReplaceTokens;FeatureEnvy
ant;org.apache.tools.ant.filters.LineContains;FeatureEnvy
ant;org.apache.tools.ant.filters.LineContains;FeatureEnvy
ant;org.apache.tools.ant.DirectoryScanner;FeatureEnvy
ant;org.apache.tools.ant.Project;FeatureEnvy
ant;org.apache.tools.ant.taskdefs.Import;FeatureEnvy
ant;org.apache.tools.ant.taskdefs.SystemPath;FeatureEnvy
ant;org.apache.tools.ant.taskdefs.optional.JexlProperties;FeatureEnvy
ant;org.apache.tools.ant.taskdefs.optional.JXPath;FeatureEnvy
ant;org.apache.tools.ant.taskdefs.optional.VelocityProperties;FeatureEnvy
ant;org.apache.tools.ant.taskdefs.Taskdef2;FeatureEnvy
ant;org.apache.tools.ant.taskdefs.Taskdef2;FeatureEnvy
ant;org.apache.tools.ant.helper.TaskAdapter2;FeatureEnvy
ant;org.apache.tools.ant.helper.ProjectHelperImpl2;FeatureEnvy
ant;org.apache.tools.ant.helper.ProjectHelperImpl2;FeatureEnvy
ant;org.apache.tools.ant.helper.ProjectHelperImpl2.ProjectHandler;FeatureEnvy
ant;org.apache.tools.ant.helper.ProjectHelperImpl2.TargetHandler;FeatureEnvy
ant;org.apache.tools.ant.helper.ProjectHelperImpl2.ElementHandler;FeatureEnvy
ant;org.apache.tools.ant.helper.ProjectHelperImpl2.NestedElementHandler;FeatureEnvy
ant;org.apache.tools.ant.RuntimeConfigurable2;FeatureEnvy
ant;org.apache.tools.ant.RuntimeConfigurable2;FeatureEnvy
ant;org.apache.tools.ant.UnknownElement2;FeatureEnvy
ant;org.apache.tools.ant.taskdefs.optional.clearcase.CCRmname;FeatureEnvy
ant;org.apache.tools.ant.taskdefs.optional.clearcase.CCMatchingTask;FeatureEnvy
ant;org.apache.tools.ant.taskdefs.optional.rjunit.ClasspathTestCollector;FeatureEnvy
ant;org.apache.tools.ant.taskdefs.optional.rjunit.ZipScanner;FeatureEnvy
ant;org.apache.tools.ant.taskdefs.optional.rjunit.formatter.XMLFormatter;FeatureEnvy
ant;org.apache.tools.ant.taskdefs.optional.rjunit.formatter.XMLFormatter;FeatureEnvy
ant;org.apache.tools.ant.taskdefs.optional.rjunit.formatter.FilterStackFormatter;FeatureEnvy
ant;org.apache.tools.ant.taskdefs.optional.rjunit.formatter.SummaryFormatter;FeatureEnvy
ant;org.apache.tools.ant.taskdefs.optional.rjunit.formatter.SummaryFormatter;FeatureEnvy
