neo4j;org.neo4j.vagrant.SSHShell;FeatureEnvy
neo4j;org.neo4j.qa.clusterstate.verifier.Neo4jHAClusterWorks;FeatureEnvy
neo4j;org.neo4j.qa.clusterstate.modifier.Neo4jHABackup;FeatureEnvy
neo4j;org.neo4j.qa.driver.UbuntuTarGzCommunityDriver;FeatureEnvy
neo4j;org.neo4j.qa.driver.UbuntuTarGzEnterpriseDriver;FeatureEnvy
neo4j;org.neo4j.qa.driver.WindowsEnterpriseDriver;FeatureEnvy
neo4j;org.neo4j.qa.driver.WindowsEnterpriseDriver;FeatureEnvy
neo4j;org.neo4j.qa.runner.ClusterQualityAssurance;FeatureEnvy
neo4j;org.neo4j.qa.runner.ClusterQualityAssurance.QualityAssuranceTestClassRunner;FeatureEnvy
neo4j;org.neo4j.qa.machinestate.verifier.Neo4jDocumentationIsCorrect;FeatureEnvy
neo4j;org.neo4j.qa.machinestate.modifier.Neo4jHAInstallation;FeatureEnvy
neo4j;org.neo4j.qa.machinestate.modifier.ZookeeperInstallation;FeatureEnvy
neo4j;org.neo4j.qa.machinestate.modifier.Neo4jServiceStateModifier;FeatureEnvy
neo4j;org.neo4j.qa.machinestate.modifier.Neo4jInstallation;FeatureEnvy
neo4j;org.neo4j.qa.HAQualityAssuranceTest;FeatureEnvy
neo4j;org.neo4j.qa.BasicQualityAssuranceTest;FeatureEnvy
neo4j;org.neo4j.examples.AclExampleTest;FeatureEnvy
neo4j;org.neo4j.examples.MatrixTest;FeatureEnvy
neo4j;org.neo4j.examples.MatrixTest;FeatureEnvy
neo4j;org.neo4j.examples.osgi.Neo4jActivator;FeatureEnvy
neo4j;org.neo4j.examples.PathFindingExamplesTest;FeatureEnvy
neo4j;org.neo4j.examples.TraversalTest;FeatureEnvy
neo4j;org.neo4j.examples.CypherSqlTest;FeatureEnvy
neo4j;org.neo4j.examples.Neo4jBasicTest;FeatureEnvy
neo4j;org.neo4j.examples.RolesTest;FeatureEnvy
neo4j;org.neo4j.examples.UniquenessOfPathsTest;FeatureEnvy
neo4j;org.neo4j.examples.socnet.SocnetTest;FeatureEnvy
neo4j;org.neo4j.examples.socnet.SocnetTest;FeatureEnvy
neo4j;org.neo4j.examples.socnet.SocnetTest;FeatureEnvy
neo4j;org.neo4j.examples.socnet.SocnetTest;FeatureEnvy
neo4j;org.neo4j.examples.socnet.SocnetTest;FeatureEnvy
neo4j;org.neo4j.examples.DocumentationTest;FeatureEnvy
neo4j;org.neo4j.examples.NewMatrix;FeatureEnvy
neo4j;org.neo4j.examples.NewMatrix;FeatureEnvy
neo4j;org.neo4j.examples.NewMatrix;FeatureEnvy
neo4j;org.neo4j.examples.Neo4jShell;FeatureEnvy
neo4j;org.neo4j.examples.orderedpath.OrderedPath;FeatureEnvy
neo4j;org.neo4j.examples.orderedpath.OrderedPath;FeatureEnvy
neo4j;org.neo4j.examples.Matrix;FeatureEnvy
neo4j;org.neo4j.examples.TraversalExample;FeatureEnvy
neo4j;org.neo4j.examples.EmbeddedNeo4j;FeatureEnvy
neo4j;org.neo4j.examples.socnet.PersonRepository;FeatureEnvy
neo4j;org.neo4j.examples.socnet.Person;FeatureEnvy
neo4j;org.neo4j.examples.socnet.StatusUpdate;FeatureEnvy
neo4j;org.neo4j.kernel.configuration.TestConfigConcurrency.ConfigHammer;FeatureEnvy
neo4j;org.neo4j.kernel.configuration.SystemPropertiesConfigurationTest;FeatureEnvy
neo4j;org.neo4j.kernel.configuration.TestGraphDatabaseConfigurationMigrator;FeatureEnvy
neo4j;org.neo4j.kernel.configuration.TestGraphDatabaseConfigurationMigrator;FeatureEnvy
neo4j;org.neo4j.kernel.configuration.TestGraphDatabaseConfigurationMigrator;FeatureEnvy
neo4j;org.neo4j.kernel.TestTransactionEventDeadlocks;FeatureEnvy
neo4j;org.neo4j.kernel.impl.core.TestJumpingIdGenerator;FeatureEnvy
neo4j;org.neo4j.kernel.impl.core.TestLoopRelationships;FeatureEnvy
neo4j;org.neo4j.kernel.impl.core.TestLoopRelationships;FeatureEnvy
neo4j;org.neo4j.kernel.impl.core.TestLoopRelationships;FeatureEnvy
neo4j;org.neo4j.kernel.impl.core.TestTxApplicationSynchronization;FeatureEnvy
neo4j;org.neo4j.kernel.impl.core.TestTxApplicationSynchronization;FeatureEnvy
neo4j;org.neo4j.kernel.impl.core.TestIdReuse;FeatureEnvy
neo4j;org.neo4j.kernel.impl.core.TestIdReuse;FeatureEnvy
neo4j;org.neo4j.kernel.impl.core.TestRelationshipGrabSize;FeatureEnvy
neo4j;org.neo4j.kernel.impl.core.TestRelationshipGrabSize;FeatureEnvy
neo4j;org.neo4j.kernel.impl.core.TestRelationshipGrabSize;FeatureEnvy
neo4j;org.neo4j.kernel.impl.core.TestCrashWithRebuildSlow;FeatureEnvy
neo4j;org.neo4j.kernel.impl.core.TestRelIdArray;FeatureEnvy
neo4j;org.neo4j.kernel.impl.core.TestRelIdArray;FeatureEnvy
neo4j;org.neo4j.kernel.impl.core.TestRelIdArray;FeatureEnvy
neo4j;org.neo4j.kernel.impl.core.TestRelIdArray;FeatureEnvy
neo4j;org.neo4j.kernel.impl.core.TestRelationship;FeatureEnvy
neo4j;org.neo4j.kernel.impl.core.TestRelationship;FeatureEnvy
neo4j;org.neo4j.kernel.impl.core.TestRelationship;FeatureEnvy
neo4j;org.neo4j.kernel.impl.core.TestRelationship;FeatureEnvy
neo4j;org.neo4j.kernel.impl.core.TestRelationship;FeatureEnvy
neo4j;org.neo4j.kernel.impl.core.TestRelationship;FeatureEnvy
neo4j;org.neo4j.kernel.impl.core.TestRelationship;FeatureEnvy
neo4j;org.neo4j.kernel.impl.core.TestRelationship;FeatureEnvy
neo4j;org.neo4j.kernel.impl.core.TestRelationship;FeatureEnvy
neo4j;org.neo4j.kernel.impl.core.TestRelationship;FeatureEnvy
neo4j;org.neo4j.kernel.impl.core.TestRelationship;FeatureEnvy
neo4j;org.neo4j.kernel.impl.core.TestRelationship;FeatureEnvy
neo4j;org.neo4j.kernel.impl.core.TestRelationship;FeatureEnvy
neo4j;org.neo4j.kernel.impl.core.TestRelationship;FeatureEnvy
neo4j;org.neo4j.kernel.impl.core.TestRelationship;FeatureEnvy
neo4j;org.neo4j.kernel.impl.core.TestRelationship;FeatureEnvy
neo4j;org.neo4j.kernel.impl.core.TestRelationship;FeatureEnvy
neo4j;org.neo4j.kernel.impl.core.TestRelationship;FeatureEnvy
neo4j;org.neo4j.kernel.impl.core.TestRelationship;FeatureEnvy
neo4j;org.neo4j.kernel.impl.core.TestRelationship;FeatureEnvy
neo4j;org.neo4j.kernel.impl.core.TestRelationship;FeatureEnvy
neo4j;org.neo4j.kernel.impl.core.TestRelationship;FeatureEnvy
neo4j;org.neo4j.kernel.impl.core.TestRelationship;FeatureEnvy
neo4j;org.neo4j.kernel.impl.core.BigStoreIT;FeatureEnvy
neo4j;org.neo4j.kernel.impl.core.TestNeo4jApiExceptions;FeatureEnvy
neo4j;org.neo4j.kernel.impl.core.TestNeo4jApiExceptions;FeatureEnvy
neo4j;org.neo4j.kernel.impl.core.ProveFiveBillionIT;FeatureEnvy
neo4j;org.neo4j.kernel.impl.core.TestConcurrentModificationOfRelationshipChains;FeatureEnvy
neo4j;org.neo4j.kernel.impl.core.TestPropertyCachePoisoning;FeatureEnvy
neo4j;org.neo4j.kernel.impl.core.TestRelationshipConcurrentDeleteAndLoadCachePoisoning;FeatureEnvy
neo4j;org.neo4j.kernel.impl.core.TestProperties;FeatureEnvy
neo4j;org.neo4j.kernel.impl.core.TestProperties;FeatureEnvy
neo4j;org.neo4j.kernel.impl.core.TestProperties;FeatureEnvy
neo4j;org.neo4j.kernel.impl.core.TestProperties;FeatureEnvy
neo4j;org.neo4j.kernel.impl.core.TestProperties;FeatureEnvy
neo4j;org.neo4j.kernel.impl.core.TestProperties;FeatureEnvy
neo4j;org.neo4j.kernel.impl.core.TestProperties;FeatureEnvy
neo4j;org.neo4j.kernel.impl.core.TestShortStringProperties;FeatureEnvy
neo4j;org.neo4j.kernel.impl.core.TestNeo4jCacheAndPersistence;FeatureEnvy
neo4j;org.neo4j.kernel.impl.core.TestNeo4jCacheAndPersistence;FeatureEnvy
neo4j;org.neo4j.kernel.impl.core.TestNeo4jCacheAndPersistence;FeatureEnvy
neo4j;org.neo4j.kernel.impl.core.TestNeo4jCacheAndPersistence;FeatureEnvy
neo4j;org.neo4j.kernel.impl.core.TestNeo4jCacheAndPersistence;FeatureEnvy
neo4j;org.neo4j.kernel.impl.core.TestNeo4jCacheAndPersistence;FeatureEnvy
neo4j;org.neo4j.kernel.impl.core.TestNeo4jCacheAndPersistence;FeatureEnvy
neo4j;org.neo4j.kernel.impl.core.TestNeo4jCacheAndPersistence;FeatureEnvy
neo4j;org.neo4j.kernel.impl.core.TestNeo4jCacheAndPersistence;FeatureEnvy
neo4j;org.neo4j.kernel.impl.core.TestNeo4jCacheAndPersistence;FeatureEnvy
neo4j;org.neo4j.kernel.impl.core.TestNeo4jCacheAndPersistence;FeatureEnvy
neo4j;org.neo4j.kernel.impl.core.TestNeo4jCacheAndPersistence;FeatureEnvy
neo4j;org.neo4j.kernel.impl.core.TestNeo4jCacheAndPersistence;FeatureEnvy
neo4j;org.neo4j.kernel.impl.core.TestNeo4jCacheAndPersistence;FeatureEnvy
neo4j;org.neo4j.kernel.impl.core.TestReadOnlyNeo4j;FeatureEnvy
neo4j;org.neo4j.kernel.impl.core.TestReadOnlyNeo4j;FeatureEnvy
neo4j;org.neo4j.kernel.impl.core.TestNeo4jConstrains;FeatureEnvy
neo4j;org.neo4j.kernel.impl.core.TestNeo4jConstrains;FeatureEnvy
neo4j;org.neo4j.kernel.impl.core.TestNeo4jConstrains;FeatureEnvy
neo4j;org.neo4j.kernel.impl.core.TestNeo4jConstrains;FeatureEnvy
neo4j;org.neo4j.kernel.impl.core.TestNeo4jConstrains;FeatureEnvy
neo4j;org.neo4j.kernel.impl.core.TestNeo4jConstrains;FeatureEnvy
neo4j;org.neo4j.kernel.impl.core.TestNeo4jConstrains;FeatureEnvy
neo4j;org.neo4j.kernel.impl.core.TestNeo4j;FeatureEnvy
neo4j;org.neo4j.kernel.impl.core.TestNeo4j;FeatureEnvy
neo4j;org.neo4j.kernel.impl.core.TestNeo4j;FeatureEnvy
neo4j;org.neo4j.kernel.impl.core.TestNeo4j;FeatureEnvy
neo4j;org.neo4j.kernel.impl.core.TestNeo4j;FeatureEnvy
neo4j;org.neo4j.kernel.impl.core.TestNeo4j;FeatureEnvy
neo4j;org.neo4j.kernel.impl.core.TestLengthyArrayPacking;FeatureEnvy
neo4j;org.neo4j.kernel.impl.core.TestPropertyTypes;FeatureEnvy
neo4j;org.neo4j.kernel.impl.core.TestPropertyTypes;FeatureEnvy
neo4j;org.neo4j.kernel.impl.core.TestPropertyTypes;FeatureEnvy
neo4j;org.neo4j.kernel.impl.core.TestPropertyTypes;FeatureEnvy
neo4j;org.neo4j.kernel.impl.core.TestPropertyTypes;FeatureEnvy
neo4j;org.neo4j.kernel.impl.core.TestPropertyTypes;FeatureEnvy
neo4j;org.neo4j.kernel.impl.core.TestPropertyTypes;FeatureEnvy
neo4j;org.neo4j.kernel.impl.core.TestPropertyTypes;FeatureEnvy
neo4j;org.neo4j.kernel.impl.core.TestPropertyTypes;FeatureEnvy
neo4j;org.neo4j.kernel.impl.core.TestPropertyTypes;FeatureEnvy
neo4j;org.neo4j.kernel.impl.core.TestPropertyTypes;FeatureEnvy
neo4j;org.neo4j.kernel.impl.core.TestPropertyTypes;FeatureEnvy
neo4j;org.neo4j.kernel.impl.core.TestPropertyTypes;FeatureEnvy
neo4j;org.neo4j.kernel.impl.core.TestPropertyTypes;FeatureEnvy
neo4j;org.neo4j.kernel.impl.core.TestPropertyTypes;FeatureEnvy
neo4j;org.neo4j.kernel.impl.core.TestPropertyTypes;FeatureEnvy
neo4j;org.neo4j.kernel.impl.core.TestPropertyTypes;FeatureEnvy
neo4j;org.neo4j.kernel.impl.core.TestPropertyTypes;FeatureEnvy
neo4j;org.neo4j.kernel.impl.core.TestNode;FeatureEnvy
neo4j;org.neo4j.kernel.impl.core.TestNode;FeatureEnvy
neo4j;org.neo4j.kernel.impl.core.TestNode;FeatureEnvy
neo4j;org.neo4j.kernel.impl.core.TestNode;FeatureEnvy
neo4j;org.neo4j.kernel.impl.core.TestNode;FeatureEnvy
neo4j;org.neo4j.kernel.impl.core.TestNode;FeatureEnvy
neo4j;org.neo4j.kernel.impl.core.TestNode;FeatureEnvy
neo4j;org.neo4j.kernel.impl.core.TestNode;FeatureEnvy
neo4j;org.neo4j.kernel.impl.core.TestNode;FeatureEnvy
neo4j;org.neo4j.kernel.impl.core.BigJumpingStoreIT;FeatureEnvy
neo4j;org.neo4j.kernel.impl.core.BigJumpingStoreIT.TestDatabase;FeatureEnvy
neo4j;org.neo4j.kernel.impl.traversal.DepthPitfallGraphTest;FeatureEnvy
neo4j;org.neo4j.kernel.impl.traversal.CircularGraphTest;FeatureEnvy
neo4j;org.neo4j.kernel.impl.traversal.TestPath;FeatureEnvy
neo4j;org.neo4j.kernel.impl.traversal.TestPath;FeatureEnvy
neo4j;org.neo4j.kernel.impl.traversal.TestPath;FeatureEnvy
neo4j;org.neo4j.kernel.impl.traversal.TestPath;FeatureEnvy
neo4j;org.neo4j.kernel.impl.traversal.TestPath;FeatureEnvy
neo4j;org.neo4j.kernel.impl.traversal.TestTraversalWithLoops;FeatureEnvy
neo4j;org.neo4j.kernel.impl.traversal.TestPathDescription;FeatureEnvy
neo4j;org.neo4j.kernel.impl.traversal.TestMultiPruneEvaluators;FeatureEnvy
neo4j;org.neo4j.kernel.impl.traversal.TestTraversal;FeatureEnvy
neo4j;org.neo4j.kernel.impl.traversal.TestTraversal;FeatureEnvy
neo4j;org.neo4j.kernel.impl.traversal.TestEvaluators;FeatureEnvy
neo4j;org.neo4j.kernel.impl.traversal.TestEvaluators;FeatureEnvy
neo4j;org.neo4j.kernel.impl.traversal.TestEvaluators;FeatureEnvy
neo4j;org.neo4j.kernel.impl.traversal.TestOrderByTypeExpander;FeatureEnvy
neo4j;org.neo4j.kernel.impl.traversal.TestMultipleStartNodes;FeatureEnvy
neo4j;org.neo4j.kernel.impl.traversal.TestUniqueness;FeatureEnvy
neo4j;org.neo4j.kernel.impl.traversal.TestUniqueness;FeatureEnvy
neo4j;org.neo4j.kernel.impl.traversal.TestUniqueness;FeatureEnvy
neo4j;org.neo4j.kernel.impl.traversal.TestMultipleFilters;FeatureEnvy
neo4j;org.neo4j.kernel.impl.traversal.TestMultipleFilters;FeatureEnvy
neo4j;org.neo4j.kernel.impl.traversal.TestBidirectionalTraversal;FeatureEnvy
neo4j;org.neo4j.kernel.impl.traversal.TestBidirectionalTraversal;FeatureEnvy
neo4j;org.neo4j.kernel.impl.traversal.TestBidirectionalTraversal;FeatureEnvy
neo4j;org.neo4j.kernel.impl.traversal.TestBidirectionalTraversal;FeatureEnvy
neo4j;org.neo4j.kernel.impl.traversal.TestBidirectionalTraversal;FeatureEnvy
neo4j;org.neo4j.kernel.impl.util.TestArrayIntSet;FeatureEnvy
neo4j;org.neo4j.kernel.impl.util.TestArrayIntSet;FeatureEnvy
neo4j;org.neo4j.kernel.impl.util.TestBits;FeatureEnvy
neo4j;org.neo4j.kernel.impl.util.TestBits;FeatureEnvy
neo4j;org.neo4j.kernel.impl.util.TestArrayMap;FeatureEnvy
neo4j;org.neo4j.kernel.impl.util.TestArrayMap;FeatureEnvy
neo4j;org.neo4j.kernel.impl.util.TestArrayMap;FeatureEnvy
neo4j;org.neo4j.kernel.impl.util.TestArrayMap;FeatureEnvy
neo4j;org.neo4j.kernel.impl.util.TestArrayMap.WorkerThread;FeatureEnvy
neo4j;org.neo4j.kernel.impl.util.TestStringLogger;FeatureEnvy
neo4j;org.neo4j.kernel.impl.TestPropertyDataRace;FeatureEnvy
neo4j;org.neo4j.kernel.impl.TestPropertyDataRace;FeatureEnvy
neo4j;org.neo4j.kernel.impl.nioneo.xa.TransactionWriterTest;FeatureEnvy
neo4j;org.neo4j.kernel.impl.nioneo.store.TestOsSpecificLocks;FeatureEnvy
neo4j;org.neo4j.kernel.impl.nioneo.store.TestPropertyBlocks;FeatureEnvy
neo4j;org.neo4j.kernel.impl.nioneo.store.TestPropertyBlocks;FeatureEnvy
neo4j;org.neo4j.kernel.impl.nioneo.store.TestPropertyBlocks;FeatureEnvy
neo4j;org.neo4j.kernel.impl.nioneo.store.TestPropertyBlocks;FeatureEnvy
neo4j;org.neo4j.kernel.impl.nioneo.store.TestPropertyBlocks;FeatureEnvy
neo4j;org.neo4j.kernel.impl.nioneo.store.TestPropertyBlocks;FeatureEnvy
neo4j;org.neo4j.kernel.impl.nioneo.store.TestPropertyBlocks;FeatureEnvy
neo4j;org.neo4j.kernel.impl.nioneo.store.TestPropertyBlocks;FeatureEnvy
neo4j;org.neo4j.kernel.impl.nioneo.store.TestPropertyBlocks;FeatureEnvy
neo4j;org.neo4j.kernel.impl.nioneo.store.TestPropertyBlocks;FeatureEnvy
neo4j;org.neo4j.kernel.impl.nioneo.store.TestPropertyBlocks;FeatureEnvy
neo4j;org.neo4j.kernel.impl.nioneo.store.TestPropertyBlocks;FeatureEnvy
neo4j;org.neo4j.kernel.impl.nioneo.store.TestPropertyBlocks;FeatureEnvy
neo4j;org.neo4j.kernel.impl.nioneo.store.TestPropertyBlocks;FeatureEnvy
neo4j;org.neo4j.kernel.impl.nioneo.store.TestPropertyBlocks;FeatureEnvy
neo4j;org.neo4j.kernel.impl.nioneo.store.TestPropertyBlocks;FeatureEnvy
neo4j;org.neo4j.kernel.impl.nioneo.store.TestPropertyBlocks;FeatureEnvy
neo4j;org.neo4j.kernel.impl.nioneo.store.TestPropertyBlocks;FeatureEnvy
neo4j;org.neo4j.kernel.impl.nioneo.store.TestPropertyBlocks;FeatureEnvy
neo4j;org.neo4j.kernel.impl.nioneo.store.TestPropertyBlocks;FeatureEnvy
neo4j;org.neo4j.kernel.impl.nioneo.store.TestPropertyBlocks;FeatureEnvy
neo4j;org.neo4j.kernel.impl.nioneo.store.TestPropertyBlocks;FeatureEnvy
neo4j;org.neo4j.kernel.impl.nioneo.store.TestNeoStore;FeatureEnvy
neo4j;org.neo4j.kernel.impl.nioneo.store.TestNeoStore;FeatureEnvy
neo4j;org.neo4j.kernel.impl.nioneo.store.TestNeoStore;FeatureEnvy
neo4j;org.neo4j.kernel.impl.nioneo.store.TestNeoStore;FeatureEnvy
neo4j;org.neo4j.kernel.impl.nioneo.store.TestNeoStore;FeatureEnvy
neo4j;org.neo4j.kernel.impl.nioneo.store.TestNeoStore;FeatureEnvy
neo4j;org.neo4j.kernel.impl.nioneo.store.TestNeoStore;FeatureEnvy
neo4j;org.neo4j.kernel.impl.nioneo.store.TestNeoStore;FeatureEnvy
neo4j;org.neo4j.kernel.impl.nioneo.store.TestNeoStore;FeatureEnvy
neo4j;org.neo4j.kernel.impl.nioneo.store.TestNeoStore;FeatureEnvy
neo4j;org.neo4j.kernel.impl.nioneo.store.TestNeoStore;FeatureEnvy
neo4j;org.neo4j.kernel.impl.nioneo.store.TestXa;FeatureEnvy
neo4j;org.neo4j.kernel.impl.nioneo.store.TestXa;FeatureEnvy
neo4j;org.neo4j.kernel.impl.nioneo.store.TestXa;FeatureEnvy
neo4j;org.neo4j.kernel.impl.nioneo.store.TestXa;FeatureEnvy
neo4j;org.neo4j.kernel.impl.nioneo.store.TestXa;FeatureEnvy
neo4j;org.neo4j.kernel.impl.nioneo.store.TestXa;FeatureEnvy
neo4j;org.neo4j.kernel.impl.nioneo.store.TestXa;FeatureEnvy
neo4j;org.neo4j.kernel.impl.nioneo.store.TestXa;FeatureEnvy
neo4j;org.neo4j.kernel.impl.nioneo.store.TestXa;FeatureEnvy
neo4j;org.neo4j.kernel.impl.nioneo.store.TestXa;FeatureEnvy
neo4j;org.neo4j.kernel.impl.nioneo.store.TestXa;FeatureEnvy
neo4j;org.neo4j.kernel.impl.nioneo.store.TestXa;FeatureEnvy
neo4j;org.neo4j.kernel.impl.nioneo.store.TestXa;FeatureEnvy
neo4j;org.neo4j.kernel.impl.nioneo.store.TestXa;FeatureEnvy
neo4j;org.neo4j.kernel.impl.nioneo.store.TestGraphProperties;FeatureEnvy
neo4j;org.neo4j.kernel.impl.nioneo.store.TestGraphProperties;FeatureEnvy
neo4j;org.neo4j.kernel.impl.nioneo.store.TestGraphProperties;FeatureEnvy
neo4j;org.neo4j.kernel.impl.nioneo.store.TestIdGenerator;FeatureEnvy
neo4j;org.neo4j.kernel.impl.nioneo.store.TestIdGenerator;FeatureEnvy
neo4j;org.neo4j.kernel.impl.nioneo.store.TestIdGenerator;FeatureEnvy
neo4j;org.neo4j.kernel.impl.nioneo.store.TestIdGenerator;FeatureEnvy
neo4j;org.neo4j.kernel.impl.nioneo.store.TestIdGenerator;FeatureEnvy
neo4j;org.neo4j.kernel.impl.nioneo.store.TestIdGenerator;FeatureEnvy
neo4j;org.neo4j.kernel.impl.nioneo.store.TestIdGenerator;FeatureEnvy
neo4j;org.neo4j.kernel.impl.nioneo.store.TestIdGenerator;FeatureEnvy
neo4j;org.neo4j.kernel.impl.nioneo.store.TestIdGenerator;FeatureEnvy
neo4j;org.neo4j.kernel.impl.nioneo.store.StoreVersionTest;FeatureEnvy
neo4j;org.neo4j.kernel.impl.nioneo.store.StoreVersionTest;FeatureEnvy
neo4j;org.neo4j.kernel.impl.nioneo.store.TestPropertyIndex;FeatureEnvy
neo4j;org.neo4j.kernel.impl.nioneo.store.TestLongerShortString;FeatureEnvy
neo4j;org.neo4j.kernel.impl.nioneo.store.PersistenceWindowPoolTest;FeatureEnvy
neo4j;org.neo4j.kernel.impl.nioneo.store.MappedPersistenceWindowTest;FeatureEnvy
neo4j;org.neo4j.kernel.impl.nioneo.store.TestDynamicStore;FeatureEnvy
neo4j;org.neo4j.kernel.impl.cache.TestClockCache;FeatureEnvy
neo4j;org.neo4j.kernel.impl.cache.TestClockCache;FeatureEnvy
neo4j;org.neo4j.kernel.impl.cache.TestClockCache;FeatureEnvy
neo4j;org.neo4j.kernel.impl.cache.TestLruCache;FeatureEnvy
neo4j;org.neo4j.kernel.impl.cache.TestLruCache;FeatureEnvy
neo4j;org.neo4j.kernel.impl.cache.TestLruCache;FeatureEnvy
neo4j;org.neo4j.kernel.impl.storemigration.MigrationTestUtils;FeatureEnvy
neo4j;org.neo4j.kernel.impl.storemigration.PropertyWriterTestIT;FeatureEnvy
neo4j;org.neo4j.kernel.impl.storemigration.PropertyWriterTestIT;FeatureEnvy
neo4j;org.neo4j.kernel.impl.storemigration.StoreUpgraderInterruptionTestIT;FeatureEnvy
neo4j;org.neo4j.kernel.impl.storemigration.StoreMigratorTestIT;FeatureEnvy
neo4j;org.neo4j.kernel.impl.storemigration.StoreMigratorTestIT;FeatureEnvy
neo4j;org.neo4j.kernel.impl.storemigration.StoreMigratorTestIT.DatabaseContentVerifier;FeatureEnvy
neo4j;org.neo4j.kernel.impl.index.TestIndexCommand;FeatureEnvy
neo4j;org.neo4j.kernel.impl.index.TestIndexCommand;FeatureEnvy
neo4j;org.neo4j.kernel.impl.index.TestIndexProviderStore;FeatureEnvy
neo4j;org.neo4j.kernel.impl.index.TestIndexProviderStore;FeatureEnvy
neo4j;org.neo4j.kernel.impl.index.TestIndexImplOnNeo;FeatureEnvy
neo4j;org.neo4j.kernel.impl.batchinsert.TestBatchInsert;FeatureEnvy
neo4j;org.neo4j.kernel.impl.batchinsert.TestBatchInsert;FeatureEnvy
neo4j;org.neo4j.kernel.impl.batchinsert.TestBatchInsert;FeatureEnvy
neo4j;org.neo4j.kernel.impl.batchinsert.TestBatchInsert;FeatureEnvy
neo4j;org.neo4j.kernel.impl.batchinsert.TestBatchInsert;FeatureEnvy
neo4j;org.neo4j.kernel.impl.batchinsert.TestBatchInsert;FeatureEnvy
neo4j;org.neo4j.kernel.impl.batchinsert.TestBatchInsert;FeatureEnvy
neo4j;org.neo4j.kernel.impl.batchinsert.TestBatchInsert;FeatureEnvy
neo4j;org.neo4j.kernel.impl.batchinsert.TestBatchInsert;FeatureEnvy
neo4j;org.neo4j.kernel.impl.batchinsert.TestBatchInsert;FeatureEnvy
neo4j;org.neo4j.kernel.impl.batchinsert.TestBatchInsert;FeatureEnvy
neo4j;org.neo4j.kernel.impl.batchinsert.TestBatchInsert;FeatureEnvy
neo4j;org.neo4j.kernel.impl.batchinsert.TestBatchInsert;FeatureEnvy
neo4j;org.neo4j.kernel.impl.event.TransactionDataSortOf;FeatureEnvy
neo4j;org.neo4j.kernel.impl.event.TestTransactionEvents;FeatureEnvy
neo4j;org.neo4j.kernel.impl.event.TestTransactionEvents;FeatureEnvy
neo4j;org.neo4j.kernel.impl.event.TestTransactionEvents;FeatureEnvy
neo4j;org.neo4j.kernel.impl.event.TestTransactionEvents;FeatureEnvy
neo4j;org.neo4j.kernel.impl.event.TestTransactionEvents;FeatureEnvy
neo4j;org.neo4j.kernel.impl.event.TestTransactionEvents;FeatureEnvy
neo4j;org.neo4j.kernel.impl.event.TestTransactionEvents;FeatureEnvy
neo4j;org.neo4j.kernel.impl.event.TestTransactionEvents;FeatureEnvy
neo4j;org.neo4j.kernel.impl.event.TestKernelEvents;FeatureEnvy
neo4j;org.neo4j.kernel.impl.event.PropertyEntryImpl;FeatureEnvy
neo4j;org.neo4j.kernel.impl.event.TestKernelPanic;FeatureEnvy
neo4j;org.neo4j.kernel.impl.event.ExpectedTransactionData;FeatureEnvy
neo4j;org.neo4j.kernel.impl.transaction.LockWorker;FeatureEnvy
neo4j;org.neo4j.kernel.impl.transaction.UseJOTMAsTxManagerIT;FeatureEnvy
neo4j;org.neo4j.kernel.impl.transaction.UseJOTMAsTxManagerIT;FeatureEnvy
neo4j;org.neo4j.kernel.impl.transaction.TestManualAcquireLock;FeatureEnvy
neo4j;org.neo4j.kernel.impl.transaction.TestJtaCompliance;FeatureEnvy
neo4j;org.neo4j.kernel.impl.transaction.TestJtaCompliance;FeatureEnvy
neo4j;org.neo4j.kernel.impl.transaction.TestJtaCompliance;FeatureEnvy
neo4j;org.neo4j.kernel.impl.transaction.TestJtaCompliance;FeatureEnvy
neo4j;org.neo4j.kernel.impl.transaction.TestJtaCompliance;FeatureEnvy
neo4j;org.neo4j.kernel.impl.transaction.TestTransactionImpl;FeatureEnvy
neo4j;org.neo4j.kernel.impl.transaction.xaframework.TestApplyTransactions;FeatureEnvy
neo4j;org.neo4j.kernel.impl.transaction.xaframework.TestTxEntries;FeatureEnvy
neo4j;org.neo4j.kernel.impl.transaction.xaframework.TestTxEntries;FeatureEnvy
neo4j;org.neo4j.kernel.impl.transaction.xaframework.TestStandaloneLogExtractor;FeatureEnvy
neo4j;org.neo4j.kernel.impl.transaction.xaframework.TestStandaloneLogExtractor;FeatureEnvy
neo4j;org.neo4j.kernel.impl.transaction.xaframework.TestPartialTransactionCopier;FeatureEnvy
neo4j;org.neo4j.kernel.impl.transaction.xaframework.TestLogPruneStrategy;FeatureEnvy
neo4j;org.neo4j.kernel.impl.transaction.xaframework.TestLogPruneStrategy.MockedLogLoader;FeatureEnvy
neo4j;org.neo4j.kernel.impl.transaction.xaframework.TestXaLogicalLogFiles;FeatureEnvy
neo4j;org.neo4j.kernel.impl.transaction.xaframework.TestXaLogicalLogFiles;FeatureEnvy
neo4j;org.neo4j.kernel.impl.transaction.xaframework.TestXaLogicalLogFiles;FeatureEnvy
neo4j;org.neo4j.kernel.impl.transaction.xaframework.TestXaLogicalLogFiles;FeatureEnvy
neo4j;org.neo4j.kernel.impl.transaction.xaframework.TestXaLogicalLogFiles;FeatureEnvy
neo4j;org.neo4j.kernel.impl.transaction.xaframework.TestXaLogicalLogFiles;FeatureEnvy
neo4j;org.neo4j.kernel.impl.transaction.xaframework.TestXaLogicalLogFiles;FeatureEnvy
neo4j;org.neo4j.kernel.impl.transaction.xaframework.TestXaLogicalLogFiles;FeatureEnvy
neo4j;org.neo4j.kernel.impl.transaction.TestDeadlockDetection;FeatureEnvy
neo4j;org.neo4j.kernel.impl.transaction.TestDeadlockDetection.StressThread;FeatureEnvy
neo4j;org.neo4j.kernel.impl.transaction.TestTxLog;FeatureEnvy
neo4j;org.neo4j.kernel.impl.transaction.TestTxLog;FeatureEnvy
neo4j;org.neo4j.kernel.impl.transaction.TestXaFramework;FeatureEnvy
neo4j;org.neo4j.kernel.impl.transaction.TestXaFramework;FeatureEnvy
neo4j;org.neo4j.kernel.impl.transaction.TestRWLock;FeatureEnvy
neo4j;org.neo4j.kernel.impl.transaction.TestRWLock;FeatureEnvy
neo4j;org.neo4j.kernel.impl.transaction.TestRWLock.StressThread;FeatureEnvy
neo4j;org.neo4j.kernel.lifecycle.LifeSupportTest;FeatureEnvy
neo4j;org.neo4j.kernel.lifecycle.LifeSupportTest;FeatureEnvy
neo4j;org.neo4j.kernel.lifecycle.LifeSupportTest;FeatureEnvy
neo4j;org.neo4j.kernel.lifecycle.LifeSupportTest;FeatureEnvy
neo4j;org.neo4j.kernel.lifecycle.LifeSupportTest;FeatureEnvy
neo4j;org.neo4j.kernel.lifecycle.LifeSupportTest;FeatureEnvy
neo4j;org.neo4j.kernel.lifecycle.LifeSupportTest;FeatureEnvy
neo4j;org.neo4j.kernel.lifecycle.LifeSupportTest;FeatureEnvy
neo4j;org.neo4j.kernel.lifecycle.LifeSupportTest;FeatureEnvy
neo4j;org.neo4j.kernel.KernelDataTest;FeatureEnvy
neo4j;org.neo4j.kernel.TestGuard;FeatureEnvy
neo4j;org.neo4j.kernel.TestGuard;FeatureEnvy
neo4j;org.neo4j.helpers.TestArgs;FeatureEnvy
neo4j;org.neo4j.helpers.TestArgs;FeatureEnvy
neo4j;org.neo4j.helpers.UrisTest;FeatureEnvy
neo4j;org.neo4j.helpers.HostnamePortTest;FeatureEnvy
neo4j;org.neo4j.helpers.collection.TestCommonIterators;FeatureEnvy
neo4j;org.neo4j.helpers.collection.TestCommonIterators;FeatureEnvy
neo4j;org.neo4j.helpers.collection.TestCommonIterators;FeatureEnvy
neo4j;org.neo4j.helpers.collection.TestCommonIterators;FeatureEnvy
neo4j;org.neo4j.helpers.collection.TestCommonIterators;FeatureEnvy
neo4j;org.neo4j.helpers.collection.FirstItemIterableTest;FeatureEnvy
neo4j;org.neo4j.helpers.FunctionsTest;FeatureEnvy
neo4j;org.neo4j.helpers.SettingsTest;FeatureEnvy
neo4j;org.neo4j.helpers.StringsTest;FeatureEnvy
neo4j;org.neo4j.helpers.progress.ProgressMonitorTest;FeatureEnvy
neo4j;org.neo4j.helpers.progress.ProgressMonitorTest;FeatureEnvy
neo4j;org.neo4j.helpers.progress.ProgressMonitorTest;FeatureEnvy
neo4j;org.neo4j.helpers.progress.ProgressMonitorTest;FeatureEnvy
neo4j;org.neo4j.helpers.progress.ProgressMonitorTest;FeatureEnvy
neo4j;org.neo4j.test.DbRepresentation.NodeRep;FeatureEnvy
neo4j;org.neo4j.test.GraphStoreFixture;FeatureEnvy
neo4j;org.neo4j.test.GraphStoreFixture.Transaction;FeatureEnvy
neo4j;org.neo4j.test.LogTestUtils;FeatureEnvy
neo4j;org.neo4j.test.GraphDescription;FeatureEnvy
neo4j;org.neo4j.test.GraphDescription;FeatureEnvy
neo4j;org.neo4j.test.GraphDescription;FeatureEnvy
neo4j;org.neo4j.test.TestData;FeatureEnvy
neo4j;org.neo4j.test.JavaTestDocsGenerator;FeatureEnvy
neo4j;org.neo4j.test.OtherThreadExecutor;FeatureEnvy
neo4j;org.neo4j.test.subprocess.DebugInterface;FeatureEnvy
neo4j;org.neo4j.test.subprocess.DebugInterface;FeatureEnvy
neo4j;org.neo4j.test.subprocess.SubProcess;FeatureEnvy
neo4j;org.neo4j.test.subprocess.SubProcess.DebuggerConnector;FeatureEnvy
neo4j;org.neo4j.test.ImpermanentGraphDatabase;FeatureEnvy
neo4j;org.neo4j.metatest.TestEphemeralFileChannel;FeatureEnvy
neo4j;org.neo4j.unsafe.batchinsert.TestBatchInsert;FeatureEnvy
neo4j;org.neo4j.unsafe.batchinsert.TestBatchInsert;FeatureEnvy
neo4j;org.neo4j.unsafe.batchinsert.TestBatchInsert;FeatureEnvy
neo4j;org.neo4j.unsafe.batchinsert.TestBatchInsert;FeatureEnvy
neo4j;org.neo4j.unsafe.batchinsert.TestBatchInsert;FeatureEnvy
neo4j;org.neo4j.unsafe.batchinsert.TestBatchInsert;FeatureEnvy
neo4j;org.neo4j.unsafe.batchinsert.TestBatchInsert;FeatureEnvy
neo4j;org.neo4j.unsafe.batchinsert.TestBatchInsert;FeatureEnvy
neo4j;org.neo4j.unsafe.batchinsert.TestBatchInsert;FeatureEnvy
neo4j;org.neo4j.unsafe.batchinsert.TestBatchInsert;FeatureEnvy
neo4j;org.neo4j.unsafe.batchinsert.TestBatchInsert;FeatureEnvy
neo4j;org.neo4j.unsafe.batchinsert.TestBatchInsert;FeatureEnvy
neo4j;org.neo4j.unsafe.batchinsert.TestBatchInsert;FeatureEnvy
neo4j;examples.BatchInsertExampleTest;FeatureEnvy
neo4j;examples.BatchInsertExampleTest;FeatureEnvy
neo4j;org.neo4j.kernel.StoreLocker;FeatureEnvy
neo4j;org.neo4j.kernel.configuration.RestartOnChange;FeatureEnvy
neo4j;org.neo4j.kernel.KernelDiagnostics.Versions;FeatureEnvy
neo4j;org.neo4j.kernel.EmbeddedReadOnlyGraphDatabase;FeatureEnvy
neo4j;org.neo4j.kernel.impl.core.NodeImpl;FeatureEnvy
neo4j;org.neo4j.kernel.impl.core.NodeImpl;FeatureEnvy
neo4j;org.neo4j.kernel.impl.core.NodeImpl;FeatureEnvy
neo4j;org.neo4j.kernel.impl.core.RelationshipImpl;FeatureEnvy
neo4j;org.neo4j.kernel.impl.core.NodeManager;FeatureEnvy
neo4j;org.neo4j.kernel.impl.core.RelationshipTypeHolder;FeatureEnvy
neo4j;org.neo4j.kernel.impl.core.RelationshipIterator;FeatureEnvy
neo4j;org.neo4j.kernel.impl.core.Primitive;FeatureEnvy
neo4j;org.neo4j.kernel.impl.core.Primitive;FeatureEnvy
neo4j;org.neo4j.kernel.impl.core.Primitive;FeatureEnvy
neo4j;org.neo4j.kernel.impl.core.WritableTransactionState;FeatureEnvy
neo4j;org.neo4j.kernel.impl.core.WritableTransactionState;FeatureEnvy
neo4j;org.neo4j.kernel.impl.core.WritableTransactionState;FeatureEnvy
neo4j;org.neo4j.kernel.impl.core.RelationshipProxy;FeatureEnvy
neo4j;org.neo4j.kernel.impl.traversal.TraversalBranchImpl;FeatureEnvy
neo4j;org.neo4j.kernel.impl.traversal.TraversalBranchImpl;FeatureEnvy
neo4j;org.neo4j.kernel.impl.traversal.TraversalBranchImpl;FeatureEnvy
neo4j;org.neo4j.kernel.impl.traversal.OldTraverserWrapper;FeatureEnvy
neo4j;org.neo4j.kernel.impl.util.RelIdArray;FeatureEnvy
neo4j;org.neo4j.kernel.impl.util.RelIdArray;FeatureEnvy
neo4j;org.neo4j.kernel.impl.util.StringLogger.ActualStringLogger;FeatureEnvy
neo4j;org.neo4j.kernel.impl.util.CompareTxStreams;FeatureEnvy
neo4j;org.neo4j.kernel.impl.util.ArrayMap;FeatureEnvy
neo4j;org.neo4j.kernel.impl.util.ArrayMap;FeatureEnvy
neo4j;org.neo4j.kernel.impl.util.CombinedRelIdIterator;FeatureEnvy
neo4j;org.neo4j.kernel.impl.nioneo.xa.NeoStoreXaDataSource;FeatureEnvy
neo4j;org.neo4j.kernel.impl.nioneo.xa.WriteTransaction;FeatureEnvy
neo4j;org.neo4j.kernel.impl.nioneo.xa.WriteTransaction;FeatureEnvy
neo4j;org.neo4j.kernel.impl.nioneo.xa.WriteTransaction;FeatureEnvy
neo4j;org.neo4j.kernel.impl.nioneo.xa.WriteTransaction;FeatureEnvy
neo4j;org.neo4j.kernel.impl.nioneo.xa.WriteTransaction;FeatureEnvy
neo4j;org.neo4j.kernel.impl.nioneo.xa.WriteTransaction;FeatureEnvy
neo4j;org.neo4j.kernel.impl.nioneo.xa.WriteTransaction;FeatureEnvy
neo4j;org.neo4j.kernel.impl.nioneo.xa.WriteTransaction;FeatureEnvy
neo4j;org.neo4j.kernel.impl.nioneo.xa.WriteTransaction;FeatureEnvy
neo4j;org.neo4j.kernel.impl.nioneo.xa.WriteTransaction;FeatureEnvy
neo4j;org.neo4j.kernel.impl.nioneo.xa.Command;FeatureEnvy
neo4j;org.neo4j.kernel.impl.nioneo.xa.Command;FeatureEnvy
neo4j;org.neo4j.kernel.impl.nioneo.xa.Command;FeatureEnvy
neo4j;org.neo4j.kernel.impl.nioneo.xa.Command.NodeCommand;FeatureEnvy
neo4j;org.neo4j.kernel.impl.nioneo.xa.Command.NodeCommand;FeatureEnvy
neo4j;org.neo4j.kernel.impl.nioneo.xa.Command.RelationshipCommand;FeatureEnvy
neo4j;org.neo4j.kernel.impl.nioneo.xa.Command.RelationshipCommand;FeatureEnvy
neo4j;org.neo4j.kernel.impl.nioneo.xa.Command.RelationshipCommand;FeatureEnvy
neo4j;org.neo4j.kernel.impl.nioneo.xa.Command.PropertyIndexCommand;FeatureEnvy
neo4j;org.neo4j.kernel.impl.nioneo.xa.Command.PropertyCommand;FeatureEnvy
neo4j;org.neo4j.kernel.impl.nioneo.xa.Command.PropertyCommand;FeatureEnvy
neo4j;org.neo4j.kernel.impl.nioneo.xa.Command.RelationshipTypeCommand;FeatureEnvy
neo4j;org.neo4j.kernel.impl.nioneo.xa.ReadTransaction;FeatureEnvy
neo4j;org.neo4j.kernel.impl.nioneo.store.NodeStore;FeatureEnvy
neo4j;org.neo4j.kernel.impl.nioneo.store.RelationshipTypeStore;FeatureEnvy
neo4j;org.neo4j.kernel.impl.nioneo.store.NeoStore;FeatureEnvy
neo4j;org.neo4j.kernel.impl.nioneo.store.NeoStore;FeatureEnvy
neo4j;org.neo4j.kernel.impl.nioneo.store.AbstractNameStore;FeatureEnvy
neo4j;org.neo4j.kernel.impl.nioneo.store.AbstractNameStore;FeatureEnvy
neo4j;org.neo4j.kernel.impl.nioneo.store.RelationshipStore;FeatureEnvy
neo4j;org.neo4j.kernel.impl.nioneo.store.RelationshipStore;FeatureEnvy
neo4j;org.neo4j.kernel.impl.nioneo.store.AbstractDynamicStore;FeatureEnvy
neo4j;org.neo4j.kernel.impl.nioneo.store.AbstractDynamicStore;FeatureEnvy
neo4j;org.neo4j.kernel.impl.nioneo.store.AbstractDynamicStore;FeatureEnvy
neo4j;org.neo4j.kernel.impl.nioneo.store.AbstractDynamicStore;FeatureEnvy
neo4j;org.neo4j.kernel.impl.nioneo.store.AbstractDynamicStore;FeatureEnvy
neo4j;org.neo4j.kernel.impl.nioneo.store.StoreAccess;FeatureEnvy
neo4j;org.neo4j.kernel.impl.nioneo.store.StoreAccess;FeatureEnvy
neo4j;org.neo4j.kernel.impl.nioneo.store.PersistenceWindowPool;FeatureEnvy
neo4j;org.neo4j.kernel.impl.nioneo.store.PersistenceWindowPool;FeatureEnvy
neo4j;org.neo4j.kernel.impl.nioneo.store.PersistenceWindowPool;FeatureEnvy
neo4j;org.neo4j.kernel.impl.nioneo.store.PropertyStore;FeatureEnvy
neo4j;org.neo4j.kernel.impl.nioneo.store.PropertyStore;FeatureEnvy
neo4j;org.neo4j.kernel.impl.nioneo.store.PropertyStore;FeatureEnvy
neo4j;org.neo4j.kernel.impl.nioneo.store.PropertyStore;FeatureEnvy
neo4j;org.neo4j.kernel.impl.nioneo.store.PropertyStore;FeatureEnvy
neo4j;org.neo4j.kernel.impl.nioneo.store.AbstractStore;FeatureEnvy
neo4j;org.neo4j.kernel.impl.nioneo.store.AbstractStore;FeatureEnvy
neo4j;org.neo4j.kernel.impl.nioneo.store.DynamicArrayStore;FeatureEnvy
neo4j;org.neo4j.kernel.impl.storemigration.PropertyWriter;FeatureEnvy
neo4j;org.neo4j.kernel.impl.storemigration.StoreMigrator.Migration;FeatureEnvy
neo4j;org.neo4j.kernel.impl.storemigration.StoreMigrator.Migration;FeatureEnvy
neo4j;org.neo4j.kernel.impl.storemigration.legacystore.LegacyDynamicRecordFetcher;FeatureEnvy
neo4j;org.neo4j.kernel.impl.storemigration.legacystore.LegacyDynamicRecordFetcher;FeatureEnvy
neo4j;org.neo4j.kernel.impl.storemigration.legacystore.LegacyDynamicRecordFetcher;FeatureEnvy
neo4j;org.neo4j.kernel.impl.storemigration.legacystore.LegacyRelationshipStoreReader;FeatureEnvy
neo4j;org.neo4j.kernel.impl.storemigration.legacystore.LegacyDynamicStoreReader;FeatureEnvy
neo4j;org.neo4j.kernel.impl.storemigration.legacystore.LegacyDynamicStoreReader;FeatureEnvy
neo4j;org.neo4j.kernel.impl.storemigration.legacystore.LegacyNodeStoreReader;FeatureEnvy
neo4j;org.neo4j.kernel.impl.storemigration.legacystore.LegacyPropertyStoreReader;FeatureEnvy
neo4j;org.neo4j.kernel.impl.index.IndexCommand;FeatureEnvy
neo4j;org.neo4j.kernel.impl.index.IndexCommand;FeatureEnvy
neo4j;org.neo4j.kernel.impl.index.IndexCommand;FeatureEnvy
neo4j;org.neo4j.kernel.impl.index.IndexStore;FeatureEnvy
neo4j;org.neo4j.kernel.impl.batchinsert.PropertyIndexHolder;FeatureEnvy
neo4j;org.neo4j.kernel.impl.batchinsert.RelationshipTypeHolder;FeatureEnvy
neo4j;org.neo4j.kernel.impl.transaction.TxLog;FeatureEnvy
neo4j;org.neo4j.kernel.impl.transaction.TxLog;FeatureEnvy
neo4j;org.neo4j.kernel.impl.transaction.TransactionImpl;FeatureEnvy
neo4j;org.neo4j.kernel.impl.transaction.TransactionImpl;FeatureEnvy
neo4j;org.neo4j.kernel.impl.transaction.TransactionImpl;FeatureEnvy
neo4j;org.neo4j.kernel.impl.transaction.TransactionImpl;FeatureEnvy
neo4j;org.neo4j.kernel.impl.transaction.RWLock;FeatureEnvy
neo4j;org.neo4j.kernel.impl.transaction.RWLock;FeatureEnvy
neo4j;org.neo4j.kernel.impl.transaction.RWLock;FeatureEnvy
neo4j;org.neo4j.kernel.impl.transaction.XaDataSourceManager;FeatureEnvy
neo4j;org.neo4j.kernel.impl.transaction.XaDataSourceManager;FeatureEnvy
neo4j;org.neo4j.kernel.impl.transaction.XaDataSourceManager;FeatureEnvy
neo4j;org.neo4j.kernel.impl.transaction.RagManager;FeatureEnvy
neo4j;org.neo4j.kernel.impl.transaction.ReadOnlyTransactionImpl;FeatureEnvy
neo4j;org.neo4j.kernel.impl.transaction.ReadOnlyTransactionImpl;FeatureEnvy
neo4j;org.neo4j.kernel.impl.transaction.ReadOnlyTransactionImpl;FeatureEnvy
neo4j;org.neo4j.kernel.impl.transaction.ReadOnlyTransactionImpl;FeatureEnvy
neo4j;org.neo4j.kernel.impl.transaction.TxManager;FeatureEnvy
neo4j;org.neo4j.kernel.impl.transaction.TxManager;FeatureEnvy
neo4j;org.neo4j.kernel.impl.transaction.TxManager;FeatureEnvy
neo4j;org.neo4j.kernel.impl.transaction.TxManager;FeatureEnvy
neo4j;org.neo4j.kernel.impl.transaction.TxManager;FeatureEnvy
neo4j;org.neo4j.kernel.impl.transaction.xaframework.PartialTransactionCopier;FeatureEnvy
neo4j;org.neo4j.kernel.impl.transaction.xaframework.LogIoUtils;FeatureEnvy
neo4j;org.neo4j.kernel.impl.transaction.xaframework.LogIoUtils;FeatureEnvy
neo4j;org.neo4j.kernel.impl.transaction.xaframework.XaLogicalLog;FeatureEnvy
neo4j;org.neo4j.kernel.impl.transaction.xaframework.XaLogicalLog;FeatureEnvy
neo4j;org.neo4j.kernel.impl.transaction.xaframework.XaLogicalLog;FeatureEnvy
neo4j;org.neo4j.kernel.impl.transaction.xaframework.XaLogicalLog;FeatureEnvy
neo4j;org.neo4j.kernel.impl.transaction.xaframework.XaLogicalLog;FeatureEnvy
neo4j;org.neo4j.kernel.impl.transaction.xaframework.XaLogicalLog;FeatureEnvy
neo4j;org.neo4j.kernel.impl.transaction.xaframework.XaLogicalLogFiles;FeatureEnvy
neo4j;org.neo4j.kernel.impl.transaction.xaframework.XaResourceManager;FeatureEnvy
neo4j;org.neo4j.kernel.impl.transaction.xaframework.XaResourceManager;FeatureEnvy
neo4j;org.neo4j.kernel.impl.transaction.xaframework.XaResourceManager;FeatureEnvy
neo4j;org.neo4j.kernel.impl.transaction.xaframework.XaResourceManager;FeatureEnvy
neo4j;org.neo4j.kernel.impl.transaction.xaframework.XaResourceManager;FeatureEnvy
neo4j;org.neo4j.kernel.impl.transaction.xaframework.TransactionReader;FeatureEnvy
neo4j;org.neo4j.kernel.impl.transaction.xaframework.LogExtractor.LogPositionCache;FeatureEnvy
neo4j;org.neo4j.kernel.impl.transaction.xaframework.LogExtractor.KnownTxIdCollector;FeatureEnvy
neo4j;org.neo4j.kernel.impl.transaction.xaframework.LogPruneStrategies.AbstractPruneStrategy;FeatureEnvy
neo4j;org.neo4j.kernel.impl.transaction.LockManagerImpl;FeatureEnvy
neo4j;org.neo4j.kernel.impl.transaction.LockManagerImpl;FeatureEnvy
neo4j;org.neo4j.kernel.impl.transaction.LockManagerImpl.DumpVisitor;FeatureEnvy
neo4j;org.neo4j.kernel.impl.transaction.ReadOnlyTxManager;FeatureEnvy
neo4j;org.neo4j.kernel.impl.transaction.ReadOnlyTxManager;FeatureEnvy
neo4j;org.neo4j.kernel.impl.transaction.ReadOnlyTxManager;FeatureEnvy
neo4j;org.neo4j.kernel.impl.annotations.DocumentationProcessor;FeatureEnvy
neo4j;org.neo4j.kernel.LevelSelectorOrderer;FeatureEnvy
neo4j;org.neo4j.kernel.IndexManagerImpl;FeatureEnvy
neo4j;org.neo4j.kernel.EmbeddedGraphDatabase;FeatureEnvy
neo4j;org.neo4j.kernel.InternalAbstractGraphDatabase;FeatureEnvy
neo4j;org.neo4j.kernel.InternalAbstractGraphDatabase;FeatureEnvy
neo4j;org.neo4j.kernel.InternalAbstractGraphDatabase;FeatureEnvy
neo4j;org.neo4j.kernel.logging.LogbackService;FeatureEnvy
neo4j;org.neo4j.kernel.BidirectionalTraversalBranchPath;FeatureEnvy
neo4j;org.neo4j.kernel.BidirectionalTraversalBranchPath;FeatureEnvy
neo4j;org.neo4j.kernel.BidirectionalTraversalBranchPath;FeatureEnvy
neo4j;org.neo4j.kernel.Traversal;FeatureEnvy
neo4j;org.neo4j.helpers.Settings.DefaultSetting;FeatureEnvy
neo4j;org.neo4j.helpers.Pair;FeatureEnvy
neo4j;org.neo4j.helpers.Pair;FeatureEnvy
neo4j;org.neo4j.helpers.Triplet;FeatureEnvy
neo4j;org.neo4j.helpers.collection.ExceptionHandlingIterable;FeatureEnvy
neo4j;org.neo4j.helpers.collection.CatchingIteratorWrapper;FeatureEnvy
neo4j;org.neo4j.helpers.collection.PagingIterator;FeatureEnvy
neo4j;org.neo4j.helpers.progress.Aggregator;FeatureEnvy
neo4j;org.neo4j.unsafe.batchinsert.PropertyIndexHolder;FeatureEnvy
neo4j;org.neo4j.unsafe.batchinsert.RelationshipTypeHolder;FeatureEnvy
neo4j;org.neo4j.unsafe.batchinsert.BatchInserterImpl;FeatureEnvy
neo4j;org.neo4j.unsafe.batchinsert.BatchInserterImpl;FeatureEnvy
neo4j;org.neo4j.unsafe.batchinsert.BatchInserterImpl;FeatureEnvy
neo4j;org.neo4j.unsafe.batchinsert.BatchInserterImpl;FeatureEnvy
neo4j;org.neo4j.unsafe.batchinsert.BatchInserterImpl;FeatureEnvy
neo4j;org.neo4j.unsafe.batchinsert.BatchInserterImpl;FeatureEnvy
neo4j;org.neo4j.unsafe.batchinsert.BatchInserterImpl;FeatureEnvy
neo4j;org.neo4j.graphdb.factory.GraphDatabaseFactory;FeatureEnvy
neo4j;org.neo4j.graphdb.index.UniqueFactory;FeatureEnvy
neo4j;org.neo4j.ext.udc.impl.UdcExtensionImplTest;FeatureEnvy
neo4j;org.neo4j.ext.udc.impl.UdcKernelExtension;FeatureEnvy
neo4j;org.neo4j.cypher.javacompat.JavaQueryTest;FeatureEnvy
neo4j;org.neo4j.cypher.javacompat.CypherUpdateMapTest;FeatureEnvy
neo4j;org.neo4j.cypher.javacompat.JavaExecutionEngineTest;FeatureEnvy
neo4j;org.neo4j.cypher.javacompat.IntroExamplesTest;FeatureEnvy
neo4j;org.neo4j.server.rest.ManageNodeFunctionalTest;FeatureEnvy
neo4j;org.neo4j.server.rest.ManageNodeFunctionalTest;FeatureEnvy
neo4j;org.neo4j.server.rest.ManageNodeFunctionalTest;FeatureEnvy
neo4j;org.neo4j.server.rest.ManageNodeFunctionalTest;FeatureEnvy
neo4j;org.neo4j.server.rest.ManageNodeFunctionalTest;FeatureEnvy
neo4j;org.neo4j.server.rest.RetrieveRelationshipsFromNodeFunctionalTest;FeatureEnvy
neo4j;org.neo4j.server.rest.RetrieveRelationshipsFromNodeFunctionalTest;FeatureEnvy
neo4j;org.neo4j.server.rest.RetrieveRelationshipsFromNodeFunctionalTest;FeatureEnvy
neo4j;org.neo4j.server.rest.RetrieveRelationshipsFromNodeFunctionalTest;FeatureEnvy
neo4j;org.neo4j.server.rest.RetrieveRelationshipsFromNodeFunctionalTest;FeatureEnvy
neo4j;org.neo4j.server.rest.streaming.StreamingBatchOperationFunctionalTest;FeatureEnvy
neo4j;org.neo4j.server.rest.CreateRelationshipFunctionalTest;FeatureEnvy
neo4j;org.neo4j.server.rest.CreateRelationshipFunctionalTest;FeatureEnvy
neo4j;org.neo4j.server.rest.CreateRelationshipFunctionalTest;FeatureEnvy
neo4j;org.neo4j.server.rest.HtmlFunctionalTest;FeatureEnvy
neo4j;org.neo4j.server.rest.HtmlFunctionalTest;FeatureEnvy
neo4j;org.neo4j.server.rest.AutoIndexFunctionalTest;FeatureEnvy
neo4j;org.neo4j.server.rest.AutoIndexFunctionalTest;FeatureEnvy
neo4j;org.neo4j.server.rest.AutoIndexFunctionalTest;FeatureEnvy
neo4j;org.neo4j.server.rest.AutoIndexFunctionalTest;FeatureEnvy
neo4j;org.neo4j.server.rest.AutoIndexFunctionalTest;FeatureEnvy
neo4j;org.neo4j.server.rest.AutoIndexFunctionalTest;FeatureEnvy
neo4j;org.neo4j.server.rest.AutoIndexFunctionalTest;FeatureEnvy
neo4j;org.neo4j.server.rest.security.SecurityRulesFunctionalTest;FeatureEnvy
neo4j;org.neo4j.server.rest.security.SecurityRulesFunctionalTest;FeatureEnvy
neo4j;org.neo4j.server.rest.security.SecurityRulesFunctionalTest;FeatureEnvy
neo4j;org.neo4j.server.rest.security.SecurityRulesFunctionalTest;FeatureEnvy
neo4j;org.neo4j.server.rest.security.SecurityRulesFunctionalTest;FeatureEnvy
neo4j;org.neo4j.server.rest.CompactJsonFunctionalTest;FeatureEnvy
neo4j;org.neo4j.server.rest.SetNodePropertiesFunctionalTest;FeatureEnvy
neo4j;org.neo4j.server.rest.paging.PagedTraverserFunctionalTest;FeatureEnvy
neo4j;org.neo4j.server.rest.RelationshipFunctionalTest;FeatureEnvy
neo4j;org.neo4j.server.rest.RelationshipFunctionalTest;FeatureEnvy
neo4j;org.neo4j.server.rest.RelationshipFunctionalTest;FeatureEnvy
neo4j;org.neo4j.server.rest.RelationshipFunctionalTest;FeatureEnvy
neo4j;org.neo4j.server.rest.GetOnRootFunctionalTest;FeatureEnvy
neo4j;org.neo4j.server.rest.IndexRelationshipFunctionalTest;FeatureEnvy
neo4j;org.neo4j.server.rest.IndexRelationshipFunctionalTest;FeatureEnvy
neo4j;org.neo4j.server.rest.IndexRelationshipFunctionalTest;FeatureEnvy
neo4j;org.neo4j.server.rest.IndexRelationshipFunctionalTest;FeatureEnvy
neo4j;org.neo4j.server.rest.IndexRelationshipFunctionalTest;FeatureEnvy
neo4j;org.neo4j.server.rest.IndexRelationshipFunctionalTest;FeatureEnvy
neo4j;org.neo4j.server.rest.IndexRelationshipFunctionalTest;FeatureEnvy
neo4j;org.neo4j.server.rest.IndexRelationshipFunctionalTest;FeatureEnvy
neo4j;org.neo4j.server.rest.IndexRelationshipFunctionalTest;FeatureEnvy
neo4j;org.neo4j.server.rest.TraverserFunctionalTest;FeatureEnvy
neo4j;org.neo4j.server.rest.GetNodePropertiesFunctionalTest;FeatureEnvy
neo4j;org.neo4j.server.rest.BatchOperationFunctionalTest;FeatureEnvy
neo4j;org.neo4j.server.rest.IndexNodeFunctionalTest;FeatureEnvy
neo4j;org.neo4j.server.rest.IndexNodeFunctionalTest;FeatureEnvy
neo4j;org.neo4j.server.rest.IndexNodeFunctionalTest;FeatureEnvy
neo4j;org.neo4j.server.rest.IndexNodeFunctionalTest;FeatureEnvy
neo4j;org.neo4j.server.rest.IndexNodeFunctionalTest;FeatureEnvy
neo4j;org.neo4j.server.rest.IndexNodeFunctionalTest;FeatureEnvy
neo4j;org.neo4j.server.rest.IndexNodeFunctionalTest;FeatureEnvy
neo4j;org.neo4j.server.rest.IndexNodeFunctionalTest;FeatureEnvy
neo4j;org.neo4j.server.rest.IndexNodeFunctionalTest;FeatureEnvy
neo4j;org.neo4j.server.rest.IndexNodeFunctionalTest;FeatureEnvy
neo4j;org.neo4j.server.rest.IndexNodeFunctionalTest;FeatureEnvy
neo4j;org.neo4j.server.rest.IndexNodeFunctionalTest;FeatureEnvy
neo4j;org.neo4j.server.ServerConfigTest;FeatureEnvy
neo4j;org.neo4j.server.web.logging.HTTPLoggingFunctionalTest;FeatureEnvy
neo4j;org.neo4j.server.web.logging.HTTPLoggingFunctionalTest;FeatureEnvy
neo4j;org.neo4j.server.web.logging.HTTPLoggingFunctionalTest;FeatureEnvy
neo4j;org.neo4j.server.NeoServerJAXRSFunctionalTest;FeatureEnvy
neo4j;org.neo4j.server.TestStartupTimeout;FeatureEnvy
neo4j;org.neo4j.server.NeoServerPortConflictFunctionalTest;FeatureEnvy
neo4j;org.neo4j.server.plugins.PluginFunctionalTest;FeatureEnvy
neo4j;org.neo4j.server.plugins.PluginFunctionalTest;FeatureEnvy
neo4j;org.neo4j.server.plugins.PluginFunctionalTest;FeatureEnvy
neo4j;org.neo4j.server.plugins.PluginFunctionalTest;FeatureEnvy
neo4j;org.neo4j.server.plugins.GraphCloner;FeatureEnvy
neo4j;org.neo4j.server.plugins.CloneSubgraphPluginTest;FeatureEnvy
neo4j;org.neo4j.server.plugins.CloneSubgraphPluginTest;FeatureEnvy
neo4j;org.neo4j.server.plugins.ExtensionListingFunctionalTest;FeatureEnvy
neo4j;org.neo4j.server.webadmin.DatabrowserWebIT;FeatureEnvy
neo4j;org.neo4j.server.webadmin.DatabrowserWebIT;FeatureEnvy
neo4j;org.neo4j.server.webadmin.DatabrowserWebIT;FeatureEnvy
neo4j;org.neo4j.server.webadmin.DatabrowserWebIT;FeatureEnvy
neo4j;org.neo4j.server.webadmin.ConsoleWebIT;FeatureEnvy
neo4j;org.neo4j.server.webadmin.IndexManagerWebIT;FeatureEnvy
neo4j;org.neo4j.server.webadmin.IndexManagerWebIT;FeatureEnvy
neo4j;org.neo4j.server.rest.domain.UriToDatabaseMatcherTest;FeatureEnvy
neo4j;org.neo4j.server.rest.domain.PropertySettingStrategyTest;FeatureEnvy
neo4j;org.neo4j.server.rest.domain.PropertySettingStrategyTest;FeatureEnvy
neo4j;org.neo4j.server.rest.batch.BatchOperationsTest;FeatureEnvy
neo4j;org.neo4j.server.rest.web.DatabaseActionsTest;FeatureEnvy
neo4j;org.neo4j.server.rest.web.DatabaseActionsTest;FeatureEnvy
neo4j;org.neo4j.server.rest.web.DatabaseActionsTest;FeatureEnvy
neo4j;org.neo4j.server.rest.web.DatabaseActionsTest;FeatureEnvy
neo4j;org.neo4j.server.rest.web.DatabaseActionsTest;FeatureEnvy
neo4j;org.neo4j.server.rest.web.DatabaseActionsTest;FeatureEnvy
neo4j;org.neo4j.server.rest.web.DatabaseActionsTest;FeatureEnvy
neo4j;org.neo4j.server.rest.web.DatabaseActionsTest;FeatureEnvy
neo4j;org.neo4j.server.rest.web.DatabaseActionsTest;FeatureEnvy
neo4j;org.neo4j.server.rest.web.DatabaseActionsTest;FeatureEnvy
neo4j;org.neo4j.server.rest.web.DatabaseActionsTest;FeatureEnvy
neo4j;org.neo4j.server.rest.web.DatabaseActionsTest;FeatureEnvy
neo4j;org.neo4j.server.rest.web.DatabaseMetadataServiceTest;FeatureEnvy
neo4j;org.neo4j.server.rest.web.ModelBuilder;FeatureEnvy
neo4j;org.neo4j.server.rest.web.RestfulGraphDatabaseTest;FeatureEnvy
neo4j;org.neo4j.server.rest.web.RestfulGraphDatabaseTest;FeatureEnvy
neo4j;org.neo4j.server.rest.web.RestfulGraphDatabaseTest;FeatureEnvy
neo4j;org.neo4j.server.rest.web.RestfulGraphDatabaseTest;FeatureEnvy
neo4j;org.neo4j.server.rest.web.RestfulGraphDatabaseTest;FeatureEnvy
neo4j;org.neo4j.server.rest.web.RestfulGraphDatabaseTest;FeatureEnvy
neo4j;org.neo4j.server.rest.web.RestfulGraphDatabaseTest;FeatureEnvy
neo4j;org.neo4j.server.rest.web.RestfulGraphDatabaseTest;FeatureEnvy
neo4j;org.neo4j.server.rest.web.RestfulGraphDatabaseTest;FeatureEnvy
neo4j;org.neo4j.server.rest.web.RestfulGraphDatabaseTest;FeatureEnvy
neo4j;org.neo4j.server.rest.web.RestfulGraphDatabaseTest;FeatureEnvy
neo4j;org.neo4j.server.rest.web.RestfulGraphDatabaseTest;FeatureEnvy
neo4j;org.neo4j.server.rest.web.RestfulGraphDatabaseTest;FeatureEnvy
neo4j;org.neo4j.server.rest.web.RestfulGraphDatabaseTest;FeatureEnvy
neo4j;org.neo4j.server.rest.web.RestfulGraphDatabaseTest;FeatureEnvy
neo4j;org.neo4j.server.rest.RESTDocsGenerator;FeatureEnvy
neo4j;org.neo4j.server.rest.RESTDocsGenerator;FeatureEnvy
neo4j;org.neo4j.server.rest.paging.LeaseManagerTest;FeatureEnvy
neo4j;org.neo4j.server.rest.paging.PagedTraverserTest;FeatureEnvy
neo4j;org.neo4j.server.rest.repr.NodeRepresentationTest;FeatureEnvy
neo4j;org.neo4j.server.rest.repr.RelationshipRepresentationTest;FeatureEnvy
neo4j;org.neo4j.server.rest.repr.RelationshipRepresentationTest;FeatureEnvy
neo4j;org.neo4j.server.configuration.PropertyFileBuilder;FeatureEnvy
neo4j;org.neo4j.server.configuration.ConfiguratorTest;FeatureEnvy
neo4j;org.neo4j.server.configuration.PropertyFileConfiguratorTest;FeatureEnvy
neo4j;org.neo4j.server.web.JettyThreadLimitTest;FeatureEnvy
neo4j;org.neo4j.server.web.JettyThreadLimitTest;FeatureEnvy
neo4j;org.neo4j.server.web.TestJetty6WebServer;FeatureEnvy
neo4j;org.neo4j.server.helpers.ServerHelper;FeatureEnvy
neo4j;org.neo4j.server.helpers.ServerBuilder;FeatureEnvy
neo4j;org.neo4j.server.modules.WebAdminModuleTest;FeatureEnvy
neo4j;org.neo4j.server.modules.ThirdPartyJAXRSModuleTest;FeatureEnvy
neo4j;org.neo4j.server.modules.RESTApiModuleTest;FeatureEnvy
neo4j;org.neo4j.server.preflight.HTTPLoggingPreparednessRuleTest;FeatureEnvy
neo4j;org.neo4j.server.rest.batch.NonStreamingBatchOperations;FeatureEnvy
neo4j;org.neo4j.server.rest.web.CypherService;FeatureEnvy
neo4j;org.neo4j.server.rest.web.DatabaseActions;FeatureEnvy
neo4j;org.neo4j.server.rest.web.DatabaseActions;FeatureEnvy
neo4j;org.neo4j.server.rest.web.DatabaseActions.FindParams;FeatureEnvy
neo4j;org.neo4j.server.rest.web.RestfulGraphDatabase;FeatureEnvy
neo4j;org.neo4j.server.rest.web.RestfulGraphDatabase;FeatureEnvy
neo4j;org.neo4j.server.rest.web.RestfulGraphDatabase;FeatureEnvy
neo4j;org.neo4j.server.rest.web.RestfulGraphDatabase;FeatureEnvy
neo4j;org.neo4j.server.rest.web.RestfulGraphDatabase;FeatureEnvy
neo4j;org.neo4j.server.rest.web.RestfulGraphDatabase;FeatureEnvy
neo4j;org.neo4j.server.rest.web.RestfulGraphDatabase;FeatureEnvy
neo4j;org.neo4j.server.rest.web.ExtensionService;FeatureEnvy
neo4j;org.neo4j.server.rest.web.ExtensionService;FeatureEnvy
neo4j;org.neo4j.server.rest.web.ExtensionService;FeatureEnvy
neo4j;org.neo4j.server.rest.web.StreamingBatchOperations;FeatureEnvy
neo4j;org.neo4j.server.rest.repr.MapRepresentation;FeatureEnvy
neo4j;org.neo4j.server.rest.repr.NodeIndexRootRepresentation;FeatureEnvy
neo4j;org.neo4j.server.rest.repr.ExceptionRepresentation;FeatureEnvy
neo4j;org.neo4j.server.rest.repr.CypherResultRepresentation;FeatureEnvy
neo4j;org.neo4j.server.rest.repr.DatabaseRepresentation;FeatureEnvy
neo4j;org.neo4j.server.rest.repr.ServerListRepresentation;FeatureEnvy
neo4j;org.neo4j.server.rest.repr.ObjectToRepresentationConverter;FeatureEnvy
neo4j;org.neo4j.server.rest.repr.ExtensionPointRepresentation.ParameterRepresentation;FeatureEnvy
neo4j;org.neo4j.server.web.Jetty6WebServer;FeatureEnvy
neo4j;org.neo4j.server.modules.ThirdPartyJAXRSModule;FeatureEnvy
neo4j;org.neo4j.server.plugins.PluginManager;FeatureEnvy
neo4j;org.neo4j.server.plugins.PluginManager;FeatureEnvy
neo4j;org.neo4j.server.rrd.RrdFactory;FeatureEnvy
neo4j;org.neo4j.server.Bootstrapper;FeatureEnvy
neo4j;org.neo4j.server.CommunityNeoServer;FeatureEnvy
neo4j;org.neo4j.server.webadmin.rest.JmxService;FeatureEnvy
neo4j;org.neo4j.server.webadmin.rest.console.ConsoleService;FeatureEnvy
neo4j;org.neo4j.server.webadmin.console.ShellSession;FeatureEnvy
neo4j;org.neo4j.examples.server.CreateSimpleGraph;FeatureEnvy
neo4j;concurrency.ShutdownRaceTest;FeatureEnvy
neo4j;concurrency.ShutdownRaceTest;FeatureEnvy
neo4j;org.neo4j.index.timeline.TestTimeline;FeatureEnvy
neo4j;org.neo4j.index.impl.lucene.TestAutoIndexing;FeatureEnvy
neo4j;org.neo4j.index.impl.lucene.TestAutoIndexing;FeatureEnvy
neo4j;org.neo4j.index.impl.lucene.TestAutoIndexing;FeatureEnvy
neo4j;org.neo4j.index.impl.lucene.TestAutoIndexing;FeatureEnvy
neo4j;org.neo4j.index.impl.lucene.TestAutoIndexing;FeatureEnvy
neo4j;org.neo4j.index.impl.lucene.TestAutoIndexing;FeatureEnvy
neo4j;org.neo4j.index.impl.lucene.TestAutoIndexing;FeatureEnvy
neo4j;org.neo4j.index.impl.lucene.TestAutoIndexing;FeatureEnvy
neo4j;org.neo4j.index.impl.lucene.TestAutoIndexing;FeatureEnvy
neo4j;org.neo4j.index.impl.lucene.TestAutoIndexing;FeatureEnvy
neo4j;org.neo4j.index.impl.lucene.TestAutoIndexing;FeatureEnvy
neo4j;org.neo4j.index.impl.lucene.TestAutoIndexing;FeatureEnvy
neo4j;org.neo4j.index.impl.lucene.TestLuceneIndex;FeatureEnvy
neo4j;org.neo4j.index.impl.lucene.TestLuceneIndex;FeatureEnvy
neo4j;org.neo4j.index.impl.lucene.TestLuceneIndex;FeatureEnvy
neo4j;org.neo4j.index.impl.lucene.TestLuceneIndex;FeatureEnvy
neo4j;org.neo4j.index.impl.lucene.TestLuceneIndex;FeatureEnvy
neo4j;org.neo4j.index.impl.lucene.TestLuceneIndex;FeatureEnvy
neo4j;org.neo4j.index.impl.lucene.TestLuceneIndex;FeatureEnvy
neo4j;org.neo4j.index.impl.lucene.TestLuceneIndex;FeatureEnvy
neo4j;org.neo4j.index.impl.lucene.TestLuceneIndex;FeatureEnvy
neo4j;org.neo4j.index.impl.lucene.TestLuceneIndex;FeatureEnvy
neo4j;org.neo4j.index.impl.lucene.TestLuceneIndex;FeatureEnvy
neo4j;org.neo4j.index.impl.lucene.TestLuceneIndex;FeatureEnvy
neo4j;org.neo4j.index.impl.lucene.TestLuceneIndex;FeatureEnvy
neo4j;org.neo4j.index.impl.lucene.TestLuceneIndex;FeatureEnvy
neo4j;org.neo4j.index.impl.lucene.TestLuceneIndex;FeatureEnvy
neo4j;org.neo4j.index.impl.lucene.TestLuceneIndex;FeatureEnvy
neo4j;org.neo4j.index.impl.lucene.TestLuceneIndex;FeatureEnvy
neo4j;org.neo4j.index.impl.lucene.TestLuceneIndex;FeatureEnvy
neo4j;org.neo4j.index.impl.lucene.TestLuceneIndex;FeatureEnvy
neo4j;org.neo4j.index.impl.lucene.TestLuceneIndex;FeatureEnvy
neo4j;org.neo4j.index.impl.lucene.TestLuceneIndex;FeatureEnvy
neo4j;org.neo4j.index.impl.lucene.TestLuceneIndex;FeatureEnvy
neo4j;org.neo4j.index.impl.lucene.TestLuceneIndex;FeatureEnvy
neo4j;org.neo4j.index.impl.lucene.TestLuceneIndex;FeatureEnvy
neo4j;org.neo4j.index.impl.lucene.TestLuceneIndex;FeatureEnvy
neo4j;org.neo4j.index.impl.lucene.TestLuceneIndex;FeatureEnvy
neo4j;org.neo4j.index.impl.lucene.TestLuceneIndex;FeatureEnvy
neo4j;org.neo4j.index.impl.lucene.TestLuceneIndex;FeatureEnvy
neo4j;org.neo4j.index.impl.lucene.TestLuceneIndex;FeatureEnvy
neo4j;org.neo4j.index.impl.lucene.TestLuceneIndex;FeatureEnvy
neo4j;org.neo4j.index.impl.lucene.TestLuceneIndex;FeatureEnvy
neo4j;org.neo4j.index.impl.lucene.TestLuceneIndex;FeatureEnvy
neo4j;org.neo4j.index.impl.lucene.TestLuceneIndex;FeatureEnvy
neo4j;org.neo4j.index.impl.lucene.TestLuceneIndex;FeatureEnvy
neo4j;org.neo4j.index.impl.lucene.TestLuceneIndex;FeatureEnvy
neo4j;org.neo4j.index.impl.lucene.TestLuceneIndex;FeatureEnvy
neo4j;org.neo4j.index.impl.lucene.TestLuceneIndex;FeatureEnvy
neo4j;org.neo4j.index.impl.lucene.TestLuceneIndex;FeatureEnvy
neo4j;org.neo4j.index.impl.lucene.BatchInsertionIT;FeatureEnvy
neo4j;org.neo4j.index.impl.lucene.AddRelToIndex;FeatureEnvy
neo4j;org.neo4j.index.impl.lucene.AddThenDeleteInAnotherTxAndQuit;FeatureEnvy
neo4j;org.neo4j.index.impl.lucene.TestRecovery;FeatureEnvy
neo4j;org.neo4j.index.impl.lucene.TestRecovery;FeatureEnvy
neo4j;org.neo4j.index.impl.lucene.TestRecovery;FeatureEnvy
neo4j;org.neo4j.index.impl.lucene.TestRecovery;FeatureEnvy
neo4j;org.neo4j.index.impl.lucene.TestMigration;FeatureEnvy
neo4j;org.neo4j.index.impl.lucene.TestMigration;FeatureEnvy
neo4j;org.neo4j.index.impl.lucene.TestIndexDelectionFs;FeatureEnvy
neo4j;org.neo4j.index.impl.lucene.PerformanceAndSanityIT;FeatureEnvy
neo4j;org.neo4j.index.impl.lucene.PerformanceAndSanityIT;FeatureEnvy
neo4j;org.neo4j.index.impl.lucene.TestIndexNames;FeatureEnvy
neo4j;org.neo4j.index.impl.lucene.TestLuceneDataSource;FeatureEnvy
neo4j;org.neo4j.index.impl.lucene.TestIndexDeletion;FeatureEnvy
neo4j;org.neo4j.index.impl.lucene.TestIndexDeletion;FeatureEnvy
neo4j;org.neo4j.index.IndexConstraintsTest;FeatureEnvy
neo4j;org.neo4j.unsafe.batchinsert.TestLuceneBatchInsert;FeatureEnvy
neo4j;org.neo4j.unsafe.batchinsert.TestLuceneBatchInsert;FeatureEnvy
neo4j;org.neo4j.unsafe.batchinsert.TestLuceneBatchInsert;FeatureEnvy
neo4j;org.neo4j.unsafe.batchinsert.TestLuceneBatchInsert;FeatureEnvy
neo4j;org.neo4j.unsafe.batchinsert.TestLuceneBatchInsert;FeatureEnvy
neo4j;org.neo4j.unsafe.batchinsert.TestLuceneBatchInsert;FeatureEnvy
neo4j;org.neo4j.unsafe.batchinsert.TestLuceneBatchInsert;FeatureEnvy
neo4j;org.neo4j.unsafe.batchinsert.TestLuceneBatchInsert;FeatureEnvy
neo4j;org.neo4j.unsafe.batchinsert.TestLuceneBatchInsert;FeatureEnvy
neo4j;examples.AutoIndexerExampleTests;FeatureEnvy
neo4j;examples.AutoIndexerExampleTests;FeatureEnvy
neo4j;examples.AutoIndexerExampleTests;FeatureEnvy
neo4j;examples.ImdbExampleTest;FeatureEnvy
neo4j;examples.ImdbExampleTest;FeatureEnvy
neo4j;examples.ImdbExampleTest;FeatureEnvy
neo4j;examples.ImdbExampleTest;FeatureEnvy
neo4j;examples.ImdbExampleTest;FeatureEnvy
neo4j;examples.ImdbExampleTest;FeatureEnvy
neo4j;examples.LuceneIndexSiteExamples;FeatureEnvy
neo4j;examples.RelatedNodesQuestionTest;FeatureEnvy
neo4j;org.neo4j.index.impl.lucene.LuceneIndex;FeatureEnvy
neo4j;org.neo4j.index.impl.lucene.LuceneTransaction;FeatureEnvy
neo4j;org.neo4j.index.impl.lucene.LuceneCommand;FeatureEnvy
neo4j;org.neo4j.index.impl.lucene.LuceneCommand;FeatureEnvy
neo4j;org.neo4j.index.impl.lucene.TopDocsIterator;FeatureEnvy
neo4j;org.neo4j.index.impl.lucene.DumpLogicalLog;FeatureEnvy
neo4j;org.neo4j.index.impl.lucene.LuceneDataSource;FeatureEnvy
neo4j;org.neo4j.index.impl.lucene.LuceneDataSource;FeatureEnvy
neo4j;org.neo4j.index.impl.lucene.LuceneDataSource;FeatureEnvy
neo4j;org.neo4j.index.lucene.LuceneKernelExtensionFactory;FeatureEnvy
neo4j;matching.TestPatternMatching;FeatureEnvy
neo4j;matching.TestPatternMatching;FeatureEnvy
neo4j;matching.TestPatternMatching;FeatureEnvy
neo4j;examples.TestSiteIndexExamples;FeatureEnvy
neo4j;org.neo4j.graphmatching.filter.FilterBinaryNode;FeatureEnvy
neo4j;org.neo4j.graphmatching.PatternFinder;FeatureEnvy
neo4j;org.neo4j.graphmatching.PatternFinder;FeatureEnvy
neo4j;org.neo4j.graphmatching.PatternFinder;FeatureEnvy
neo4j;org.neo4j.graphmatching.PatternFinder;FeatureEnvy
neo4j;org.neo4j.visualization.graphviz.TestGraphvizSubgraphOutput;FeatureEnvy
neo4j;org.neo4j.visualization.graphviz.TestNewGraphvizWriter;FeatureEnvy
neo4j;org.neo4j.visualization.SubgraphMapper.SubgraphMappingWalker;FeatureEnvy
neo4j;org.neo4j.visualization.graphviz.StyleParameter.NodeColor;FeatureEnvy
neo4j;org.neo4j.visualization.graphviz.DefaultRelationshipStyle;FeatureEnvy
neo4j;org.neo4j.jmx.impl.KernelBean.DataSourceInfo;FeatureEnvy
neo4j;org.neo4j.jmx.impl.ConfigurationBean;FeatureEnvy
neo4j;org.neo4j.graphalgo.UtilTest;FeatureEnvy
neo4j;org.neo4j.graphalgo.path.DijkstraTest;FeatureEnvy
neo4j;org.neo4j.graphalgo.path.DijkstraTest;FeatureEnvy
neo4j;org.neo4j.graphalgo.path.DijkstraTest;FeatureEnvy
neo4j;org.neo4j.graphalgo.path.TestExactDepthPathFinder;FeatureEnvy
neo4j;org.neo4j.graphalgo.path.TestAllSimplePaths;FeatureEnvy
neo4j;org.neo4j.graphalgo.path.TestAllSimplePaths;FeatureEnvy
neo4j;org.neo4j.graphalgo.path.TestAStar;FeatureEnvy
neo4j;org.neo4j.graphalgo.path.TestAStar;FeatureEnvy
neo4j;org.neo4j.graphalgo.path.TestAStar;FeatureEnvy
neo4j;org.neo4j.graphalgo.path.TestDijkstra;FeatureEnvy
neo4j;org.neo4j.graphalgo.path.TestDijkstra;FeatureEnvy
neo4j;org.neo4j.graphalgo.path.TestDijkstra;FeatureEnvy
neo4j;org.neo4j.graphalgo.path.TestShortestPath;FeatureEnvy
neo4j;org.neo4j.graphalgo.path.TestShortestPath;FeatureEnvy
neo4j;org.neo4j.graphalgo.path.TestShortestPath;FeatureEnvy
neo4j;org.neo4j.graphalgo.path.TestShortestPath;FeatureEnvy
neo4j;org.neo4j.graphalgo.path.TestShortestPath;FeatureEnvy
neo4j;org.neo4j.graphalgo.path.TestShortestPath;FeatureEnvy
neo4j;org.neo4j.graphalgo.path.TestShortestPath;FeatureEnvy
neo4j;org.neo4j.graphalgo.path.TestShortestPath;FeatureEnvy
neo4j;org.neo4j.graphalgo.path.TestShortestPath;FeatureEnvy
neo4j;org.neo4j.graphalgo.path.TestShortestPath;FeatureEnvy
neo4j;org.neo4j.graphalgo.path.TestShortestPath;FeatureEnvy
neo4j;org.neo4j.graphalgo.path.TestShortestPath;FeatureEnvy
neo4j;org.neo4j.graphalgo.path.TestShortestPath;FeatureEnvy
neo4j;org.neo4j.graphalgo.path.TestShortestPath;FeatureEnvy
neo4j;org.neo4j.graphalgo.path.TestShortestPath.LengthCheckingExpanderWrapper;FeatureEnvy
neo4j;org.neo4j.graphalgo.path.TestAllPaths;FeatureEnvy
neo4j;org.neo4j.graphalgo.path.TestAllPaths;FeatureEnvy
neo4j;org.neo4j.graphalgo.impl.util.TestPriorityMap;FeatureEnvy
neo4j;org.neo4j.graphalgo.impl.ancestor.AncestorTestCase;FeatureEnvy
neo4j;org.neo4j.graphalgo.centrality.EigenvectorCentralityTest;FeatureEnvy
neo4j;org.neo4j.graphalgo.centrality.EigenvectorCentralityTest;FeatureEnvy
neo4j;org.neo4j.graphalgo.centrality.BetweennessCentralityTest;FeatureEnvy
neo4j;org.neo4j.graphalgo.centrality.BetweennessCentralityTest.DependencyTest;FeatureEnvy
neo4j;org.neo4j.graphalgo.centrality.StressCentralityTest.StressTest;FeatureEnvy
neo4j;org.neo4j.graphalgo.shortestpath.DijkstraTest;FeatureEnvy
neo4j;org.neo4j.graphalgo.shortestpath.DijkstraTest;FeatureEnvy
neo4j;org.neo4j.graphalgo.shortestpath.DijkstraTest;FeatureEnvy
neo4j;org.neo4j.graphalgo.shortestpath.DijkstraTest;FeatureEnvy
neo4j;org.neo4j.graphalgo.shortestpath.DijkstraMultiplePathsTest;FeatureEnvy
neo4j;org.neo4j.graphalgo.shortestpath.DijkstraMultiplePathsTest;FeatureEnvy
neo4j;org.neo4j.graphalgo.shortestpath.DijkstraMultiplePathsTest;FeatureEnvy
neo4j;org.neo4j.graphalgo.shortestpath.DijkstraMultiplePathsTest;FeatureEnvy
neo4j;org.neo4j.graphalgo.shortestpath.DijkstraMultiplePathsTest;FeatureEnvy
neo4j;org.neo4j.graphalgo.shortestpath.DijkstraMultiplePathsTest;FeatureEnvy
neo4j;org.neo4j.graphalgo.shortestpath.DijkstraMultiplePathsTest;FeatureEnvy
neo4j;org.neo4j.graphalgo.shortestpath.DijkstraMultiplePathsTest;FeatureEnvy
neo4j;org.neo4j.graphalgo.shortestpath.FloydWarshallTest;FeatureEnvy
neo4j;org.neo4j.graphalgo.shortestpath.FloydWarshallTest;FeatureEnvy
neo4j;org.neo4j.graphalgo.shortestpath.FloydWarshallTest;FeatureEnvy
neo4j;org.neo4j.graphalgo.shortestpath.DijkstraIteratorTest.TestDijkstra;FeatureEnvy
neo4j;org.neo4j.graphalgo.shortestpath.DijkstraDirectionTest;FeatureEnvy
neo4j;org.neo4j.graphalgo.shortestpath.DijkstraDirectionTest;FeatureEnvy
neo4j;org.neo4j.graphalgo.shortestpath.DijkstraDirectionTest;FeatureEnvy
neo4j;org.neo4j.graphalgo.shortestpath.SingleSourceShortestPathTest;FeatureEnvy
neo4j;org.neo4j.graphalgo.shortestpath.SingleSourceShortestPathTest;FeatureEnvy
neo4j;org.neo4j.graphalgo.shortestpath.DijkstraMultipleRelationshipTypesTest;FeatureEnvy
neo4j;org.neo4j.graphalgo.impl.util.LiteDepthFirstSelector;FeatureEnvy
neo4j;org.neo4j.graphalgo.impl.util.MatrixUtil;FeatureEnvy
neo4j;org.neo4j.graphalgo.impl.util.MatrixUtil;FeatureEnvy
neo4j;org.neo4j.graphalgo.impl.util.MatrixUtil;FeatureEnvy
neo4j;org.neo4j.graphalgo.impl.util.MatrixUtil;FeatureEnvy
neo4j;org.neo4j.graphalgo.impl.path.AllPaths;FeatureEnvy
neo4j;org.neo4j.graphalgo.impl.path.TraversalShortestPath;FeatureEnvy
neo4j;org.neo4j.graphalgo.impl.path.AStar.Doer;FeatureEnvy
neo4j;org.neo4j.graphalgo.impl.path.Dijkstra;FeatureEnvy
neo4j;org.neo4j.graphalgo.impl.path.ExactDepthPathFinder;FeatureEnvy
neo4j;org.neo4j.graphalgo.impl.centrality.EigenvectorCentralityArnoldi;FeatureEnvy
neo4j;org.neo4j.graphalgo.impl.shortestpath.Dijkstra;FeatureEnvy
neo4j;org.neo4j.graphalgo.impl.shortestpath.Dijkstra.DijstraIterator;FeatureEnvy
neo4j;org.neo4j.server.rest.repr.Serializer;FeatureEnvy
neo4j;org.neo4j.server.helpers.PropertyTypeDispatcher;FeatureEnvy
neo4j;org.neo4j.server.helpers.PropertyTypeDispatcher;FeatureEnvy
neo4j;org.neo4j.server.helpers.PropertyTypeDispatcher;FeatureEnvy
neo4j;org.neo4j.server.helpers.PropertyTypeDispatcher;FeatureEnvy
neo4j;org.neo4j.metatest.TestGraphDescription;FeatureEnvy
neo4j;synchronization.TestConcurrentRotation;FeatureEnvy
neo4j;recovery.TestRecoveryIssues;FeatureEnvy
neo4j;recovery.TestRecoveryIssues;FeatureEnvy
neo4j;recovery.TestRecoveryIssues.TwoWriteTransactions;FeatureEnvy
neo4j;recovery.TestRecoveryVerification.TestGraphDatabase;FeatureEnvy
neo4j;recovery.TestRecoveryMultipleDataSources;FeatureEnvy
neo4j;recovery.TestRecoveryLogTimingIssues;FeatureEnvy
neo4j;recovery.TestRecoveryLogTimingIssues;FeatureEnvy
neo4j;recovery.TestRecoveryLogTimingIssues;FeatureEnvy
neo4j;recovery.TestRecoveryLogTimingIssues.DoGraphAndIndexTransaction;FeatureEnvy
neo4j;org.neo4j.shell.ShellTest;FeatureEnvy
neo4j;org.neo4j.shell.ShellTest;FeatureEnvy
neo4j;org.neo4j.shell.ShellTest;FeatureEnvy
neo4j;org.neo4j.shell.ShellTest;FeatureEnvy
neo4j;org.neo4j.shell.TestReadOnlyServer;FeatureEnvy
neo4j;org.neo4j.shell.TestReadOnlyServer;FeatureEnvy
neo4j;org.neo4j.shell.TestClientReconnect;FeatureEnvy
neo4j;org.neo4j.shell.TestApps;FeatureEnvy
neo4j;org.neo4j.shell.TestApps;FeatureEnvy
neo4j;org.neo4j.shell.TestApps;FeatureEnvy
neo4j;org.neo4j.shell.TestApps;FeatureEnvy
neo4j;org.neo4j.shell.TestApps;FeatureEnvy
neo4j;org.neo4j.shell.TestApps;FeatureEnvy
neo4j;org.neo4j.shell.TestApps;FeatureEnvy
neo4j;org.neo4j.shell.TestApps;FeatureEnvy
neo4j;org.neo4j.shell.TestApps;FeatureEnvy
neo4j;org.neo4j.shell.TestApps;FeatureEnvy
neo4j;org.neo4j.shell.TestApps;FeatureEnvy
neo4j;org.neo4j.shell.TestApps;FeatureEnvy
neo4j;org.neo4j.shell.TestApps;FeatureEnvy
neo4j;org.neo4j.shell.TestApps;FeatureEnvy
neo4j;org.neo4j.shell.TestApps;FeatureEnvy
neo4j;org.neo4j.shell.TestApps;FeatureEnvy
neo4j;org.neo4j.shell.kernel.apps.Begin;FeatureEnvy
neo4j;org.neo4j.shell.kernel.apps.Mkrel;FeatureEnvy
neo4j;org.neo4j.shell.kernel.apps.Mkrel;FeatureEnvy
neo4j;org.neo4j.shell.kernel.apps.GraphDatabaseApp;FeatureEnvy
neo4j;org.neo4j.shell.kernel.apps.GraphDatabaseApp;FeatureEnvy
neo4j;org.neo4j.shell.kernel.apps.GraphDatabaseApp;FeatureEnvy
neo4j;org.neo4j.shell.kernel.apps.Rmrel;FeatureEnvy
neo4j;org.neo4j.shell.kernel.apps.Mv;FeatureEnvy
neo4j;org.neo4j.shell.kernel.apps.Mknode;FeatureEnvy
neo4j;org.neo4j.shell.kernel.apps.Pwd;FeatureEnvy
neo4j;org.neo4j.shell.kernel.apps.Eval;FeatureEnvy
neo4j;org.neo4j.shell.kernel.apps.IndexProviderShellApp;FeatureEnvy
neo4j;org.neo4j.shell.kernel.apps.IndexProviderShellApp;FeatureEnvy
neo4j;org.neo4j.shell.kernel.apps.IndexProviderShellApp;FeatureEnvy
neo4j;org.neo4j.shell.kernel.apps.IndexProviderShellApp;FeatureEnvy
neo4j;org.neo4j.shell.kernel.apps.Rmnode;FeatureEnvy
neo4j;org.neo4j.shell.kernel.apps.Dbinfo;FeatureEnvy
neo4j;org.neo4j.shell.kernel.apps.Commit;FeatureEnvy
neo4j;org.neo4j.shell.kernel.apps.Cd;FeatureEnvy
neo4j;org.neo4j.shell.kernel.apps.Cd;FeatureEnvy
neo4j;org.neo4j.shell.kernel.apps.Cd;FeatureEnvy
neo4j;org.neo4j.shell.kernel.apps.Ls;FeatureEnvy
neo4j;org.neo4j.shell.kernel.apps.Ls;FeatureEnvy
neo4j;org.neo4j.shell.kernel.apps.Ls;FeatureEnvy
neo4j;org.neo4j.shell.kernel.apps.Ls;FeatureEnvy
neo4j;org.neo4j.shell.kernel.apps.Ls;FeatureEnvy
neo4j;org.neo4j.shell.kernel.apps.Trav;FeatureEnvy
neo4j;org.neo4j.shell.kernel.apps.Trav;FeatureEnvy
neo4j;org.neo4j.shell.StartClient;FeatureEnvy
neo4j;org.neo4j.shell.util.json.JSONObject;FeatureEnvy
neo4j;org.neo4j.shell.util.json.JSONObject;FeatureEnvy
neo4j;org.neo4j.shell.util.json.JSONArray;FeatureEnvy
neo4j;org.neo4j.shell.apps.Man;FeatureEnvy
neo4j;org.neo4j.shell.apps.extra.PathShellApp;FeatureEnvy
neo4j;org.neo4j.shell.apps.extra.ScriptExecutor;FeatureEnvy
neo4j;org.neo4j.shell.impl.ShellBootstrap;FeatureEnvy
neo4j;org.neo4j.kernel.ha.DeletionTest;FeatureEnvy
neo4j;org.neo4j.kernel.ha.DeletionTest;FeatureEnvy
neo4j;org.neo4j.kernel.ha.TestTxPush;FeatureEnvy
neo4j;org.neo4j.kernel.ha.TestTxPush;FeatureEnvy
neo4j;org.neo4j.kernel.ha.HardKillIT;FeatureEnvy
neo4j;org.neo4j.kernel.ha.TxPushStrategyConfigIT;FeatureEnvy
neo4j;org.neo4j.kernel.ha.TxPushStrategyConfigIT;FeatureEnvy
neo4j;org.neo4j.kernel.ha.ConflictingServerIdIT;FeatureEnvy
neo4j;org.neo4j.kernel.ha.TestItAll;FeatureEnvy
neo4j;org.neo4j.kernel.ha.RobustnessIT;FeatureEnvy
neo4j;org.neo4j.kernel.ha.RobustnessIT;FeatureEnvy
neo4j;org.neo4j.kernel.ha.RobustnessIT;FeatureEnvy
neo4j;org.neo4j.kernel.ha.cluster.member.ClusterMemberMatcher;FeatureEnvy
neo4j;org.neo4j.kernel.ha.cluster.member.ClusterMemberMatcher.ClusterMemberMatch;FeatureEnvy
neo4j;org.neo4j.kernel.ha.ConcurrentInstanceStartupIT;FeatureEnvy
neo4j;org.neo4j.kernel.ha.TestMasterElection;FeatureEnvy
neo4j;org.neo4j.kernel.ha.TestMasterElection;FeatureEnvy
neo4j;org.neo4j.kernel.ha.HaLoggingIT;FeatureEnvy
neo4j;org.neo4j.kernel.ha.TestPaxosClusterEvents;FeatureEnvy
neo4j;org.neo4j.kernel.impl.cache.TestSizeOf.RelationshipArraySize;FeatureEnvy
neo4j;org.neo4j.kernel.impl.cache.TestGCResistantCache;FeatureEnvy
neo4j;org.neo4j.kernel.impl.cache.TestGCResistantCache;FeatureEnvy
neo4j;org.neo4j.kernel.impl.cache.TestGCResistantCache;FeatureEnvy
neo4j;org.neo4j.kernel.impl.cache.TestCacheObjectReuse;FeatureEnvy
neo4j;org.neo4j.kernel.impl.cache.TestCacheObjectReuse;FeatureEnvy
neo4j;org.neo4j.kernel.index.AutoIndexConfigIT;FeatureEnvy
neo4j;org.neo4j.kernel.index.IndexOperationsIT;FeatureEnvy
neo4j;org.neo4j.kernel.index.IndexOperationsIT;FeatureEnvy
neo4j;org.neo4j.ha.upgrade.Utils;FeatureEnvy
neo4j;org.neo4j.ha.TestPullUpdates;FeatureEnvy
neo4j;org.neo4j.ha.ForeignStoreIdIT;FeatureEnvy
neo4j;org.neo4j.ha.ForeignStoreIdIT;FeatureEnvy
neo4j;org.neo4j.ha.TestClientThreadIsolation;FeatureEnvy
neo4j;org.neo4j.ha.TestClientThreadIsolation;FeatureEnvy
neo4j;org.neo4j.ha.DefaultElectionCredentialsTest;FeatureEnvy
neo4j;org.neo4j.ha.TestPartialPullUpdates;FeatureEnvy
neo4j;org.neo4j.ha.TestPartialPullUpdates;FeatureEnvy
neo4j;org.neo4j.ha.TestSlaveOnlyCluster;FeatureEnvy
neo4j;org.neo4j.ha.TestSlaveOnlyCluster;FeatureEnvy
neo4j;org.neo4j.ha.TransactionConstraintsIT;FeatureEnvy
neo4j;org.neo4j.ha.TransactionConstraintsIT;FeatureEnvy
neo4j;org.neo4j.ha.TransactionConstraintsIT;FeatureEnvy
neo4j;org.neo4j.ha.TransactionConstraintsIT;FeatureEnvy
neo4j;org.neo4j.ha.TestPullUpdatesApplied;FeatureEnvy
neo4j;org.neo4j.ha.TestPullUpdatesApplied;FeatureEnvy
neo4j;org.neo4j.ha.TestBlockLogBuffer;FeatureEnvy
neo4j;org.neo4j.ha.TestBlockLogBuffer;FeatureEnvy
neo4j;org.neo4j.ha.TestBlockLogBuffer;FeatureEnvy
neo4j;org.neo4j.ha.MultipleClusterTest;FeatureEnvy
neo4j;org.neo4j.test.ha.ClusterManager.ManagedCluster;FeatureEnvy
neo4j;org.neo4j.test.ha.ClusterTest;FeatureEnvy
neo4j;org.neo4j.test.ha.ClusterTest;FeatureEnvy
neo4j;org.neo4j.test.ha.ClusterTest;FeatureEnvy
neo4j;slavetest.StartHaDb;FeatureEnvy
neo4j;slavetest.TestInstanceJoin;FeatureEnvy
neo4j;recovery.TestDoubleRecovery;FeatureEnvy
neo4j;recovery.TestDoubleRecovery;FeatureEnvy
neo4j;recovery.TestDoubleRecovery.WriteTransaction;FeatureEnvy
neo4j;recovery.TestDoubleRecovery.Write1PCTransaction;FeatureEnvy
neo4j;jmx.HaBeanIT;FeatureEnvy
neo4j;jmx.HaBeanIT;FeatureEnvy
neo4j;jmx.HaBeanIT;FeatureEnvy
neo4j;jmx.HaBeanIT;FeatureEnvy
neo4j;org.neo4j.kernel.HighlyAvailableGraphDatabase;FeatureEnvy
neo4j;org.neo4j.kernel.ha.HighlyAvailableGraphDatabase;FeatureEnvy
neo4j;org.neo4j.kernel.ha.HighlyAvailableGraphDatabase;FeatureEnvy
neo4j;org.neo4j.kernel.ha.HighlyAvailableGraphDatabase;FeatureEnvy
neo4j;org.neo4j.kernel.ha.management.ClusterDatabaseInfoProvider;FeatureEnvy
neo4j;org.neo4j.kernel.ha.management.HighlyAvailableKernelData;FeatureEnvy
neo4j;org.neo4j.kernel.ha.backup.HaBackupProvider;FeatureEnvy
neo4j;org.neo4j.kernel.ha.com.slave.MasterClient18;FeatureEnvy
neo4j;org.neo4j.kernel.ha.com.slave.MasterClient18;FeatureEnvy
neo4j;org.neo4j.kernel.ha.com.slave.MasterClient17;FeatureEnvy
neo4j;org.neo4j.kernel.ha.com.slave.MasterClient153;FeatureEnvy
neo4j;org.neo4j.kernel.ha.com.RequestContextFactory;FeatureEnvy
neo4j;org.neo4j.kernel.ha.com.RequestContextFactory;FeatureEnvy
neo4j;org.neo4j.kernel.ha.com.RequestContextFactory;FeatureEnvy
neo4j;org.neo4j.kernel.ha.cluster.HighAvailabilityModeSwitcher;FeatureEnvy
neo4j;org.neo4j.kernel.ha.cluster.HighAvailabilityModeSwitcher;FeatureEnvy
neo4j;org.neo4j.kernel.ha.cluster.HighAvailabilityModeSwitcher;FeatureEnvy
neo4j;org.neo4j.kernel.ha.cluster.HighAvailabilityModeSwitcher;FeatureEnvy
neo4j;org.neo4j.kernel.ha.cluster.HighAvailabilityModeSwitcher;FeatureEnvy
neo4j;org.neo4j.kernel.ha.cluster.zoo.ZooKeeperHighAvailabilityEvents;FeatureEnvy
neo4j;org.neo4j.kernel.ha.cluster.zoo.ZooClient;FeatureEnvy
neo4j;org.neo4j.kernel.ha.cluster.zoo.ZooClient;FeatureEnvy
neo4j;org.neo4j.kernel.ha.cluster.zoo.ZooClient;FeatureEnvy
neo4j;org.neo4j.kernel.ha.cluster.zoo.ZooClient.WatcherImpl;FeatureEnvy
neo4j;org.neo4j.kernel.ha.cluster.AbstractModeSwitcher.DelegateStateSwitcher;FeatureEnvy
neo4j;org.neo4j.kernel.impl.cache.GCResistantCacheProvider;FeatureEnvy
neo4j;org.neo4j.kernel.impl.cache.GCResistantCacheProvider;FeatureEnvy
neo4j;org.neo4j.kernel.impl.cache.GCResistantCache;FeatureEnvy
neo4j;org.neo4j.kernel.impl.cache.GCResistantCache;FeatureEnvy
neo4j;org.neo4j.kernel.impl.cache.GCResistantCache;FeatureEnvy
neo4j;org.neo4j.backup.TestConfiguration;FeatureEnvy
neo4j;org.neo4j.backup.TestBackup;FeatureEnvy
neo4j;org.neo4j.backup.TestBackup;FeatureEnvy
neo4j;org.neo4j.backup.TestBackup;FeatureEnvy
neo4j;org.neo4j.backup.TestBackup;FeatureEnvy
neo4j;org.neo4j.backup.BackupService;FeatureEnvy
neo4j;org.neo4j.backup.BackupTool;FeatureEnvy
neo4j;org.neo4j.com.MadeUpClient;FeatureEnvy
neo4j;org.neo4j.com.TestCommunication;FeatureEnvy
neo4j;org.neo4j.com.TestCommunication;FeatureEnvy
neo4j;org.neo4j.com.TestCommunication;FeatureEnvy
neo4j;org.neo4j.com.TestCommunication;FeatureEnvy
neo4j;org.neo4j.com.TestCommunication;FeatureEnvy
neo4j;org.neo4j.com.TestResourcePool;FeatureEnvy
neo4j;org.neo4j.com.Client;FeatureEnvy
neo4j;org.neo4j.com.Client;FeatureEnvy
neo4j;org.neo4j.com.ServerUtil;FeatureEnvy
neo4j;org.neo4j.com.ServerUtil;FeatureEnvy
neo4j;org.neo4j.com.ServerUtil;FeatureEnvy
neo4j;org.neo4j.com.ServerUtil;FeatureEnvy
neo4j;org.neo4j.com.Server;FeatureEnvy
neo4j;org.neo4j.com.Server;FeatureEnvy
neo4j;org.neo4j.com.Server;FeatureEnvy
neo4j;org.neo4j.com.Server;FeatureEnvy
neo4j;org.neo4j.com.Server;FeatureEnvy
neo4j;org.neo4j.consistency.store.CacheSmallStoresRecordAccessTest;FeatureEnvy
neo4j;org.neo4j.consistency.store.paging.CachedPageListTest;FeatureEnvy
neo4j;org.neo4j.consistency.store.paging.CachedPageListTest;FeatureEnvy
neo4j;org.neo4j.consistency.store.paging.CachedPageListTest;FeatureEnvy
neo4j;org.neo4j.consistency.store.paging.CachedPageListTest;FeatureEnvy
neo4j;org.neo4j.consistency.repair.RelationshipChainExplorerTest;FeatureEnvy
neo4j;org.neo4j.consistency.checking.RelationshipLabelRecordCheckTest;FeatureEnvy
neo4j;org.neo4j.consistency.checking.RelationshipLabelRecordCheckTest;FeatureEnvy
neo4j;org.neo4j.consistency.checking.RelationshipLabelRecordCheckTest;FeatureEnvy
neo4j;org.neo4j.consistency.checking.RelationshipLabelRecordCheckTest;FeatureEnvy
neo4j;org.neo4j.consistency.checking.NodeRecordCheckTest;FeatureEnvy
neo4j;org.neo4j.consistency.checking.NodeRecordCheckTest;FeatureEnvy
neo4j;org.neo4j.consistency.checking.NodeRecordCheckTest;FeatureEnvy
neo4j;org.neo4j.consistency.checking.NodeRecordCheckTest;FeatureEnvy
neo4j;org.neo4j.consistency.checking.NodeRecordCheckTest;FeatureEnvy
neo4j;org.neo4j.consistency.checking.NodeRecordCheckTest;FeatureEnvy
neo4j;org.neo4j.consistency.checking.NodeRecordCheckTest;FeatureEnvy
neo4j;org.neo4j.consistency.checking.NodeRecordCheckTest;FeatureEnvy
neo4j;org.neo4j.consistency.checking.NodeRecordCheckTest;FeatureEnvy
neo4j;org.neo4j.consistency.checking.NodeRecordCheckTest;FeatureEnvy
neo4j;org.neo4j.consistency.checking.NodeRecordCheckTest;FeatureEnvy
neo4j;org.neo4j.consistency.checking.NodeRecordCheckTest;FeatureEnvy
neo4j;org.neo4j.consistency.checking.NodeRecordCheckTest;FeatureEnvy
neo4j;org.neo4j.consistency.checking.NodeRecordCheckTest;FeatureEnvy
neo4j;org.neo4j.consistency.checking.NodeRecordCheckTest;FeatureEnvy
neo4j;org.neo4j.consistency.checking.NodeRecordCheckTest;FeatureEnvy
neo4j;org.neo4j.consistency.checking.NodeRecordCheckTest;FeatureEnvy
neo4j;org.neo4j.consistency.checking.PropertyRecordCheckTest;FeatureEnvy
neo4j;org.neo4j.consistency.checking.PropertyRecordCheckTest;FeatureEnvy
neo4j;org.neo4j.consistency.checking.PropertyRecordCheckTest;FeatureEnvy
neo4j;org.neo4j.consistency.checking.PropertyRecordCheckTest;FeatureEnvy
neo4j;org.neo4j.consistency.checking.PropertyRecordCheckTest;FeatureEnvy
neo4j;org.neo4j.consistency.checking.PropertyRecordCheckTest;FeatureEnvy
neo4j;org.neo4j.consistency.checking.PropertyRecordCheckTest;FeatureEnvy
neo4j;org.neo4j.consistency.checking.PropertyRecordCheckTest;FeatureEnvy
neo4j;org.neo4j.consistency.checking.PropertyRecordCheckTest;FeatureEnvy
neo4j;org.neo4j.consistency.checking.PropertyRecordCheckTest;FeatureEnvy
neo4j;org.neo4j.consistency.checking.PropertyRecordCheckTest;FeatureEnvy
neo4j;org.neo4j.consistency.checking.PropertyRecordCheckTest;FeatureEnvy
neo4j;org.neo4j.consistency.checking.PropertyRecordCheckTest;FeatureEnvy
neo4j;org.neo4j.consistency.checking.PropertyRecordCheckTest;FeatureEnvy
neo4j;org.neo4j.consistency.checking.PropertyRecordCheckTest;FeatureEnvy
neo4j;org.neo4j.consistency.checking.PropertyRecordCheckTest;FeatureEnvy
neo4j;org.neo4j.consistency.checking.PropertyRecordCheckTest;FeatureEnvy
neo4j;org.neo4j.consistency.checking.PropertyRecordCheckTest;FeatureEnvy
neo4j;org.neo4j.consistency.checking.PropertyRecordCheckTest;FeatureEnvy
neo4j;org.neo4j.consistency.checking.PropertyRecordCheckTest;FeatureEnvy
neo4j;org.neo4j.consistency.checking.PropertyRecordCheckTest;FeatureEnvy
neo4j;org.neo4j.consistency.checking.PropertyRecordCheckTest;FeatureEnvy
neo4j;org.neo4j.consistency.checking.PropertyRecordCheckTest;FeatureEnvy
neo4j;org.neo4j.consistency.checking.PropertyRecordCheckTest;FeatureEnvy
neo4j;org.neo4j.consistency.checking.PropertyRecordCheckTest;FeatureEnvy
neo4j;org.neo4j.consistency.checking.PropertyRecordCheckTest;FeatureEnvy
neo4j;org.neo4j.consistency.checking.PropertyRecordCheckTest;FeatureEnvy
neo4j;org.neo4j.consistency.checking.PropertyRecordCheckTest;FeatureEnvy
neo4j;org.neo4j.consistency.checking.PropertyRecordCheckTest;FeatureEnvy
neo4j;org.neo4j.consistency.checking.PropertyRecordCheckTest;FeatureEnvy
neo4j;org.neo4j.consistency.checking.PropertyRecordCheckTest;FeatureEnvy
neo4j;org.neo4j.consistency.checking.RelationshipRecordCheckTest;FeatureEnvy
neo4j;org.neo4j.consistency.checking.RelationshipRecordCheckTest;FeatureEnvy
neo4j;org.neo4j.consistency.checking.RelationshipRecordCheckTest;FeatureEnvy
neo4j;org.neo4j.consistency.checking.RelationshipRecordCheckTest;FeatureEnvy
neo4j;org.neo4j.consistency.checking.RelationshipRecordCheckTest;FeatureEnvy
neo4j;org.neo4j.consistency.checking.RelationshipRecordCheckTest;FeatureEnvy
neo4j;org.neo4j.consistency.checking.RelationshipRecordCheckTest;FeatureEnvy
neo4j;org.neo4j.consistency.checking.RelationshipRecordCheckTest;FeatureEnvy
neo4j;org.neo4j.consistency.checking.RelationshipRecordCheckTest;FeatureEnvy
neo4j;org.neo4j.consistency.checking.RelationshipRecordCheckTest;FeatureEnvy
neo4j;org.neo4j.consistency.checking.RelationshipRecordCheckTest;FeatureEnvy
neo4j;org.neo4j.consistency.checking.RelationshipRecordCheckTest;FeatureEnvy
neo4j;org.neo4j.consistency.checking.RelationshipRecordCheckTest;FeatureEnvy
neo4j;org.neo4j.consistency.checking.RelationshipRecordCheckTest;FeatureEnvy
neo4j;org.neo4j.consistency.checking.RelationshipRecordCheckTest;FeatureEnvy
neo4j;org.neo4j.consistency.checking.RelationshipRecordCheckTest;FeatureEnvy
neo4j;org.neo4j.consistency.checking.RelationshipRecordCheckTest;FeatureEnvy
neo4j;org.neo4j.consistency.checking.RelationshipRecordCheckTest;FeatureEnvy
neo4j;org.neo4j.consistency.checking.RelationshipRecordCheckTest;FeatureEnvy
neo4j;org.neo4j.consistency.checking.RelationshipRecordCheckTest;FeatureEnvy
neo4j;org.neo4j.consistency.checking.RelationshipRecordCheckTest;FeatureEnvy
neo4j;org.neo4j.consistency.checking.RelationshipRecordCheckTest;FeatureEnvy
neo4j;org.neo4j.consistency.checking.RelationshipRecordCheckTest;FeatureEnvy
neo4j;org.neo4j.consistency.checking.RelationshipRecordCheckTest;FeatureEnvy
neo4j;org.neo4j.consistency.checking.RelationshipRecordCheckTest;FeatureEnvy
neo4j;org.neo4j.consistency.checking.RelationshipRecordCheckTest;FeatureEnvy
neo4j;org.neo4j.consistency.checking.RelationshipRecordCheckTest;FeatureEnvy
neo4j;org.neo4j.consistency.checking.RelationshipRecordCheckTest;FeatureEnvy
neo4j;org.neo4j.consistency.checking.RelationshipRecordCheckTest;FeatureEnvy
neo4j;org.neo4j.consistency.checking.RelationshipRecordCheckTest;FeatureEnvy
neo4j;org.neo4j.consistency.checking.RelationshipRecordCheckTest;FeatureEnvy
neo4j;org.neo4j.consistency.checking.RelationshipRecordCheckTest;FeatureEnvy
neo4j;org.neo4j.consistency.checking.RelationshipRecordCheckTest;FeatureEnvy
neo4j;org.neo4j.consistency.checking.RelationshipRecordCheckTest;FeatureEnvy
neo4j;org.neo4j.consistency.checking.RelationshipRecordCheckTest;FeatureEnvy
neo4j;org.neo4j.consistency.checking.RelationshipRecordCheckTest;FeatureEnvy
neo4j;org.neo4j.consistency.checking.RelationshipRecordCheckTest;FeatureEnvy
neo4j;org.neo4j.consistency.checking.RelationshipRecordCheckTest;FeatureEnvy
neo4j;org.neo4j.consistency.checking.RelationshipRecordCheckTest;FeatureEnvy
neo4j;org.neo4j.consistency.checking.RelationshipRecordCheckTest;FeatureEnvy
neo4j;org.neo4j.consistency.checking.RelationshipRecordCheckTest;FeatureEnvy
neo4j;org.neo4j.consistency.checking.RelationshipRecordCheckTest;FeatureEnvy
neo4j;org.neo4j.consistency.checking.RelationshipRecordCheckTest;FeatureEnvy
neo4j;org.neo4j.consistency.checking.RelationshipRecordCheckTest;FeatureEnvy
neo4j;org.neo4j.consistency.checking.RelationshipRecordCheckTest;FeatureEnvy
neo4j;org.neo4j.consistency.checking.RelationshipRecordCheckTest;FeatureEnvy
neo4j;org.neo4j.consistency.checking.RelationshipRecordCheckTest;FeatureEnvy
neo4j;org.neo4j.consistency.checking.RelationshipRecordCheckTest;FeatureEnvy
neo4j;org.neo4j.consistency.checking.PropertyKeyRecordCheckTest;FeatureEnvy
neo4j;org.neo4j.consistency.checking.PropertyKeyRecordCheckTest;FeatureEnvy
neo4j;org.neo4j.consistency.checking.PropertyKeyRecordCheckTest;FeatureEnvy
neo4j;org.neo4j.consistency.checking.PropertyKeyRecordCheckTest;FeatureEnvy
neo4j;org.neo4j.consistency.checking.DynamicRecordCheckTest;FeatureEnvy
neo4j;org.neo4j.consistency.checking.DynamicRecordCheckTest;FeatureEnvy
neo4j;org.neo4j.consistency.checking.DynamicRecordCheckTest;FeatureEnvy
neo4j;org.neo4j.consistency.checking.DynamicRecordCheckTest;FeatureEnvy
neo4j;org.neo4j.consistency.checking.DynamicRecordCheckTest;FeatureEnvy
neo4j;org.neo4j.consistency.checking.DynamicRecordCheckTest;FeatureEnvy
neo4j;org.neo4j.consistency.checking.full.FullCheckIntegrationTest;FeatureEnvy
neo4j;org.neo4j.consistency.checking.full.FullCheckIntegrationTest;FeatureEnvy
neo4j;org.neo4j.consistency.checking.full.OwnerCheckTest;FeatureEnvy
neo4j;org.neo4j.consistency.checking.full.OwnerCheckTest;FeatureEnvy
neo4j;org.neo4j.consistency.checking.full.OwnerCheckTest;FeatureEnvy
neo4j;org.neo4j.consistency.checking.full.OwnerCheckTest;FeatureEnvy
neo4j;org.neo4j.consistency.checking.full.OwnerCheckTest;FeatureEnvy
neo4j;org.neo4j.consistency.checking.full.OwnerCheckTest;FeatureEnvy
neo4j;org.neo4j.consistency.checking.full.OwnerCheckTest;FeatureEnvy
neo4j;org.neo4j.consistency.checking.full.OwnerCheckTest;FeatureEnvy
neo4j;org.neo4j.consistency.checking.full.OwnerCheckTest;FeatureEnvy
neo4j;org.neo4j.consistency.checking.full.OwnerCheckTest;FeatureEnvy
neo4j;org.neo4j.consistency.checking.full.OwnerCheckTest;FeatureEnvy
neo4j;org.neo4j.consistency.checking.full.OwnerCheckTest;FeatureEnvy
neo4j;org.neo4j.consistency.checking.full.OwnerCheckTest;FeatureEnvy
neo4j;org.neo4j.consistency.checking.full.OwnerCheckTest;FeatureEnvy
neo4j;org.neo4j.consistency.checking.full.OwnerCheckTest;FeatureEnvy
neo4j;org.neo4j.consistency.checking.full.OwnerCheckTest;FeatureEnvy
neo4j;org.neo4j.consistency.checking.full.OwnerCheckTest;FeatureEnvy
neo4j;org.neo4j.consistency.checking.full.OwnerCheckTest;FeatureEnvy
neo4j;org.neo4j.consistency.checking.full.OwnerCheckTest;FeatureEnvy
neo4j;org.neo4j.consistency.checking.full.OwnerCheckTest;FeatureEnvy
neo4j;org.neo4j.consistency.checking.full.OwnerCheckTest;FeatureEnvy
neo4j;org.neo4j.consistency.checking.full.OwnerCheckTest;FeatureEnvy
neo4j;org.neo4j.consistency.checking.full.OwnerCheckTest;FeatureEnvy
neo4j;org.neo4j.consistency.checking.full.OwnerCheckTest;FeatureEnvy
neo4j;org.neo4j.consistency.checking.full.OwnerCheckTest;FeatureEnvy
neo4j;org.neo4j.consistency.checking.full.OwnerCheckTest;FeatureEnvy
neo4j;org.neo4j.consistency.checking.full.OwnerCheckTest;FeatureEnvy
neo4j;org.neo4j.consistency.checking.full.OwnerCheckTest;FeatureEnvy
neo4j;org.neo4j.consistency.checking.full.OwnerCheckTest;FeatureEnvy
neo4j;org.neo4j.consistency.checking.full.OwnerCheckTest;FeatureEnvy
neo4j;org.neo4j.consistency.checking.full.StoreProcessorTest;FeatureEnvy
neo4j;org.neo4j.consistency.checking.full.MultiPassStoreTest.Nodes;FeatureEnvy
neo4j;org.neo4j.consistency.checking.full.MultiPassStoreTest.Relationships;FeatureEnvy
neo4j;org.neo4j.consistency.checking.full.MultiPassStoreTest.Properties;FeatureEnvy
neo4j;org.neo4j.consistency.checking.full.MultiPassStoreTest.Strings;FeatureEnvy
neo4j;org.neo4j.consistency.checking.full.MultiPassStoreTest.Arrays;FeatureEnvy
neo4j;org.neo4j.consistency.checking.incremental.IncrementalCheckIntegrationTest;FeatureEnvy
neo4j;org.neo4j.consistency.checking.incremental.IncrementalCheckIntegrationTest;FeatureEnvy
neo4j;org.neo4j.consistency.checking.NeoStoreCheckTest;FeatureEnvy
neo4j;org.neo4j.consistency.checking.NeoStoreCheckTest;FeatureEnvy
neo4j;org.neo4j.consistency.checking.NeoStoreCheckTest;FeatureEnvy
neo4j;org.neo4j.consistency.checking.NeoStoreCheckTest;FeatureEnvy
neo4j;org.neo4j.consistency.checking.NeoStoreCheckTest;FeatureEnvy
neo4j;org.neo4j.consistency.checking.NeoStoreCheckTest;FeatureEnvy
neo4j;org.neo4j.consistency.report.ConsistencyReporterTest.TestAllReportMessages;FeatureEnvy
neo4j;org.neo4j.consistency.store.paging.Cart;FeatureEnvy
neo4j;org.neo4j.consistency.store.paging.Cart;FeatureEnvy
neo4j;org.neo4j.consistency.store.DiffStore;FeatureEnvy
neo4j;org.neo4j.consistency.checking.AbstractStoreProcessor;FeatureEnvy
neo4j;org.neo4j.consistency.checking.old.ConsistencyRecordProcessor;FeatureEnvy
neo4j;org.neo4j.consistency.checking.old.ConsistencyRecordProcessor;FeatureEnvy
neo4j;org.neo4j.consistency.checking.old.ConsistencyRecordProcessor;FeatureEnvy
neo4j;org.neo4j.consistency.checking.old.ConsistencyRecordProcessor;FeatureEnvy
neo4j;org.neo4j.consistency.checking.old.ConsistencyRecordProcessor;FeatureEnvy
neo4j;org.neo4j.consistency.checking.old.ConsistencyRecordProcessor;FeatureEnvy
neo4j;org.neo4j.consistency.checking.old.ConsistencyRecordProcessor;FeatureEnvy
neo4j;org.neo4j.consistency.checking.old.ConsistencyRecordProcessor;FeatureEnvy
neo4j;org.neo4j.consistency.checking.NodeRecordCheck.NodeField;FeatureEnvy
neo4j;org.neo4j.consistency.checking.RelationshipRecordCheck.RelationshipField;FeatureEnvy
neo4j;org.neo4j.consistency.checking.full.DynamicOwner.Property;FeatureEnvy
neo4j;org.neo4j.consistency.checking.full.DynamicOwner.Dynamic;FeatureEnvy
neo4j;org.neo4j.consistency.checking.full.DynamicOwner.Dynamic;FeatureEnvy
neo4j;org.neo4j.consistency.checking.full.FullCheck;FeatureEnvy
neo4j;org.neo4j.consistency.checking.PropertyRecordCheck;FeatureEnvy
neo4j;org.neo4j.consistency.checking.PropertyRecordCheck;FeatureEnvy
neo4j;org.neo4j.consistency.checking.PropertyRecordCheck.PropertyField;FeatureEnvy
neo4j;org.neo4j.consistency.checking.DynamicRecordCheck;FeatureEnvy
neo4j;org.neo4j.consistency.checking.DynamicRecordCheck;FeatureEnvy
neo4j;org.neo4j.consistency.checking.PrimitiveRecordCheck.FirstProperty;FeatureEnvy
neo4j;org.neo4j.cluster.NetworkMock;FeatureEnvy
neo4j;org.neo4j.cluster.com.message.NetworkSendReceiveTest;FeatureEnvy
neo4j;org.neo4j.cluster.member.paxos.ClusterMembersSnapshotTest;FeatureEnvy
neo4j;org.neo4j.cluster.member.paxos.ClusterMembersSnapshotTest;FeatureEnvy
neo4j;org.neo4j.cluster.member.paxos.ClusterMembersSnapshotTest;FeatureEnvy
neo4j;org.neo4j.cluster.member.paxos.ClusterMembersSnapshotTest;FeatureEnvy
neo4j;org.neo4j.cluster.protocol.omega.MessageArgumentMatcher;FeatureEnvy
neo4j;org.neo4j.cluster.protocol.omega.OmegaContextTest;FeatureEnvy
neo4j;org.neo4j.cluster.protocol.omega.OmegaContextTest;FeatureEnvy
neo4j;org.neo4j.cluster.protocol.omega.OmegaContextTest;FeatureEnvy
neo4j;org.neo4j.cluster.protocol.omega.OmegaContextTest;FeatureEnvy
neo4j;org.neo4j.cluster.protocol.omega.OmegaContextTest;FeatureEnvy
neo4j;org.neo4j.cluster.protocol.cluster.ClusterMembershipTest;FeatureEnvy
neo4j;org.neo4j.cluster.protocol.cluster.ClusterMembershipTest;FeatureEnvy
neo4j;org.neo4j.cluster.protocol.cluster.ClusterMembershipTest;FeatureEnvy
neo4j;org.neo4j.cluster.protocol.cluster.ClusterMembershipTest;FeatureEnvy
neo4j;org.neo4j.cluster.protocol.cluster.ClusterMembershipTest;FeatureEnvy
neo4j;org.neo4j.cluster.protocol.cluster.ClusterMembershipTest;FeatureEnvy
neo4j;org.neo4j.cluster.protocol.cluster.ClusterMembershipTest;FeatureEnvy
neo4j;org.neo4j.cluster.protocol.cluster.ClusterMembershipTest;FeatureEnvy
neo4j;org.neo4j.cluster.protocol.cluster.ClusterMembershipTest;FeatureEnvy
neo4j;org.neo4j.cluster.protocol.cluster.ClusterMembershipTest;FeatureEnvy
neo4j;org.neo4j.cluster.protocol.cluster.ClusterMembershipTest;FeatureEnvy
neo4j;org.neo4j.cluster.protocol.cluster.ClusterMembershipTest;FeatureEnvy
neo4j;org.neo4j.cluster.protocol.cluster.ClusterHeartbeatTest;FeatureEnvy
neo4j;org.neo4j.cluster.protocol.cluster.ClusterHeartbeatTest;FeatureEnvy
neo4j;org.neo4j.cluster.protocol.cluster.ClusterHeartbeatTest;FeatureEnvy
neo4j;org.neo4j.cluster.protocol.cluster.ClusterHeartbeatTest;FeatureEnvy
neo4j;org.neo4j.cluster.protocol.cluster.ClusterRule;FeatureEnvy
neo4j;org.neo4j.cluster.protocol.cluster.ClusterNetworkTest;FeatureEnvy
neo4j;org.neo4j.cluster.protocol.cluster.ClusterNetworkTest;FeatureEnvy
neo4j;org.neo4j.cluster.protocol.cluster.ClusterNetworkTest.ClusterTestScriptDSL;FeatureEnvy
neo4j;org.neo4j.cluster.protocol.cluster.ClusterMockTest;FeatureEnvy
neo4j;org.neo4j.cluster.protocol.cluster.ClusterMockTest;FeatureEnvy
neo4j;org.neo4j.cluster.protocol.cluster.ClusterMockTest;FeatureEnvy
neo4j;org.neo4j.cluster.protocol.cluster.ClusterMockTest.ClusterTestScriptDSL;FeatureEnvy
neo4j;org.neo4j.cluster.protocol.cluster.ClusterMockTest.ClusterTestScriptRandom;FeatureEnvy
neo4j;org.neo4j.cluster.protocol.cluster.ClusterConfigurationTest;FeatureEnvy
neo4j;org.neo4j.cluster.protocol.atomicbroadcast.multipaxos.MultiPaxosNetworkTest;FeatureEnvy
neo4j;org.neo4j.cluster.protocol.atomicbroadcast.multipaxos.MultiPaxosTest;FeatureEnvy
neo4j;org.neo4j.cluster.protocol.atomicbroadcast.multipaxos.MultiPaxosServer;FeatureEnvy
neo4j;org.neo4j.cluster.statemachine.StateTransitionLogger;FeatureEnvy
neo4j;org.neo4j.cluster.statemachine.StateMachineProxyFactory.ResponseFuture;FeatureEnvy
neo4j;org.neo4j.cluster.statemachine.StateMachineProxyFactory.ResponseFuture;FeatureEnvy
neo4j;org.neo4j.cluster.com.message.Message;FeatureEnvy
neo4j;org.neo4j.cluster.NetworkedServerFactory;FeatureEnvy
neo4j;org.neo4j.cluster.MultiPaxosServerFactory;FeatureEnvy
neo4j;org.neo4j.cluster.member.paxos.PaxosClusterMemberEvents.ClusterMembersSnapshot;FeatureEnvy
neo4j;org.neo4j.cluster.member.paxos.PaxosClusterMemberEvents.AtomicBroadcastListenerImpl;FeatureEnvy
neo4j;org.neo4j.cluster.client.ClusterClient;FeatureEnvy
neo4j;org.neo4j.cluster.client.ClusterClient;FeatureEnvy
neo4j;org.neo4j.cluster.client.ClusterJoin;FeatureEnvy
neo4j;org.neo4j.cluster.client.ClusterJoin;FeatureEnvy
neo4j;org.neo4j.cluster.client.ClusterJoin;FeatureEnvy
neo4j;org.neo4j.cluster.client.ClustersXMLSerializer;FeatureEnvy
neo4j;org.neo4j.cluster.client.ClustersXMLSerializer;FeatureEnvy
neo4j;org.neo4j.cluster.protocol.omega.OmegaContext;FeatureEnvy
neo4j;org.neo4j.cluster.protocol.atomicbroadcast.multipaxos.PaxosInstance;FeatureEnvy
neo4j;org.neo4j.perftest.enterprise.ccheck.ConsistencyPerformanceCheck;FeatureEnvy
neo4j;org.neo4j.perftest.enterprise.ccheck.ConsistencyPerformanceCheck;FeatureEnvy
neo4j;org.neo4j.perftest.enterprise.ccheck.TimingProgress;FeatureEnvy
neo4j;org.neo4j.perftest.enterprise.generator.DataGenerator;FeatureEnvy
neo4j;org.neo4j.server.enterprise.StartupTimeoutFunctionalTest;FeatureEnvy
neo4j;org.neo4j.test.server.ha.ServerCluster;FeatureEnvy
neo4j;org.neo4j.test.server.ha.EnterpriseServerHelper;FeatureEnvy
neo4j;org.neo4j.server.enterprise.functional.EnterpriseServerIT;FeatureEnvy
neo4j;org.neo4j.server.enterprise.functional.Neo4jShellConsoleSessionTest;FeatureEnvy
neo4j;org.neo4j.server.enterprise.functional.Neo4jShellConsoleSessionTest;FeatureEnvy
neo4j;org.neo4j.server.enterprise.functional.Neo4jShellConsoleSessionTest;FeatureEnvy
neo4j;org.neo4j.server.enterprise.Neo4jHAPropertiesMustExistRuleTest;FeatureEnvy
neo4j;org.neo4j.server.enterprise.Neo4jHAPropertiesMustExistRuleTest;FeatureEnvy
neo4j;org.neo4j.server.enterprise.Neo4jHAPropertiesMustExistRuleTest;FeatureEnvy
neo4j;org.neo4j.server.enterprise.Neo4jHAPropertiesMustExistRuleTest;FeatureEnvy
neo4j;org.neo4j.server.enterprise.StandaloneClusterClientIT;FeatureEnvy
neo4j;org.neo4j.server.advanced.BootstrapperTest;FeatureEnvy
neo4j;org.neo4j.management.TestXaManagerBeans;FeatureEnvy
neo4j;org.neo4j.management.impl.CodeDuplicationValidationTest;FeatureEnvy
neo4j;org.neo4j.management.TestLockManagerBean;FeatureEnvy
neo4j;org.neo4j.management.TestLockManagerBean;FeatureEnvy
neo4j;org.neo4j.management.TestLockManagerBean;FeatureEnvy
neo4j;org.neo4j.management.impl.HotspotManagementSupport;FeatureEnvy
neo4j;org.neo4j.management.impl.XaManagerBean.XaManagerImpl;FeatureEnvy
neo4j;org.neo4j.management.impl.MemoryMappingBean.MemoryMappingImpl;FeatureEnvy
neo4j;org.neo4j.management.ClusterDatabaseInfo;FeatureEnvy
